block,stimulus,response,score,rt,filename
1,evil,a,0,1545,run1
1,agony,d,1,1345,run1
1,good,d,0,1335,run1
1,joy,a,1,1435,run1
1,nasty,d,1,1385,run1
1,happy,a,1,1385,run1
1,bad,d,1,1385,run1
1,pleasure,a,1,1385,run1
1,love,a,1,1335,run1
1,hurt,d,1,1435,run1
2,black2,a,0,1385,run1
2,white1,d,0,1385,run1
2,black5,d,1,1335,run1
2,black1,d,1,1385,run1
2,white3,a,1,1435,run1
2,black3,d,1,1385,run1
2,white4,a,1,1385,run1
2,white2,a,1,1335,run1
2,white5,a,1,1385,run1
2,black4,d,1,1435,run1
3,white2,a,1,1385,run1
3,agony,d,1,1385,run1
3,evil,d,1,1335,run1
3,joy,a,1,1435,run1
3,white4,a,1,1335,run1
3,white1,a,1,1385,run1
3,bad,d,1,1435,run1
3,white3,a,1,1385,run1
3,nasty,d,1,1385,run1
3,black1,d,1,1335,run1
3,happy,a,1,1435,run1
3,black4,d,1,1385,run1
3,black2,d,1,1335,run1
3,white5,a,1,1435,run1
3,pleasure,a,1,1335,run1
3,black3,d,1,1435,run1
3,hurt,d,1,1335,run1
3,black5,d,1,1385,run1
3,love,a,1,1435,run1
3,good,a,1,1335,run1
4,block4,w,0,675,run1
5,black4,d,0,1445,run1
5,white5,a,0,1345,run1
5,white4,d,1,1385,run1
5,white2,d,1,1335,run1
5,black1,a,1,1435,run1
5,black5,a,1,1335,run1
5,white3,d,1,1435,run1
5,black3,a,1,1385,run1
5,white1,d,1,1385,run1
5,black2,a,1,1385,run1
6,good,a,1,1335,run1
6,black4,a,1,1385,run1
6,agony,d,1,1435,run1
6,evil,d,1,1335,run1
6,black3,a,1,1435,run1
6,white3,d,1,1385,run1
6,black2,a,1,1385,run1
6,happy,a,1,1335,run1
6,pleasure,a,1,1385,run1
6,white1,d,1,1435,run1
6,love,a,1,1385,run1
6,nasty,d,1,1385,run1
6,white2,d,1,1335,run1
6,joy,a,1,1435,run1
6,black5,a,1,1335,run1
6,white5,d,1,1435,run1
6,black1,a,1,1385,run1
6,bad,d,1,1385,run1
6,white4,d,1,1335,run1
6,hurt,d,1,1385,run1
1,hurt,a,0,1545,run2
1,happy,d,0,1345,run2
1,nasty,d,1,1335,run2
1,pleasure,a,1,1435,run2
1,good,a,1,1335,run2
1,agony,d,1,1435,run2
1,joy,a,1,1385,run2
1,evil,d,1,1385,run2
1,bad,d,1,1335,run2
1,love,a,1,1435,run2
2,black2,a,0,1335,run2
2,white1,d,0,1435,run2
2,white5,a,1,1385,run2
2,black4,d,1,1385,run2
2,black3,d,1,1335,run2
2,white4,a,1,1435,run2
2,black1,d,1,1385,run2
2,white2,a,1,1385,run2
2,white3,a,1,1335,run2
2,black5,d,1,1435,run2
3,hurt,d,1,1335,run2
3,joy,a,1,1435,run2
3,black4,d,1,1385,run2
3,white1,a,1,1385,run2
3,pleasure,a,1,1335,run2
3,black3,d,1,1435,run2
3,nasty,d,1,1335,run2
3,agony,d,1,1385,run2
3,evil,d,1,1385,run2
3,good,a,1,1435,run2
3,black1,d,1,1385,run2
3,black2,d,1,1335,run2
3,white3,a,1,1435,run2
3,happy,a,1,1335,run2
3,white4,a,1,1385,run2
3,black5,d,1,1435,run2
3,white5,a,1,1385,run2
3,bad,d,1,1385,run2
3,love,a,1,1385,run2
3,white2,a,1,1335,run2
4,block4,w,0,675,run2
5,white2,a,0,1445,run2
5,white4,d,1,1345,run2
5,black5,d,0,1335,run2
5,black2,a,1,1435,run2
5,black3,a,1,1335,run2
5,white3,d,1,1435,run2
5,black1,a,1,1385,run2
5,white1,d,1,1385,run2
5,black4,a,1,1385,run2
5,white5,d,1,1385,run2
6,joy,a,1,1385,run2
6,good,a,1,1335,run2
6,black1,a,1,1385,run2
6,white5,d,1,1435,run2
6,hurt,d,1,1335,run2
6,white4,d,1,1385,run2
6,evil,d,1,1385,run2
6,bad,d,1,1385,run2
6,black3,a,1,1435,run2
6,black4,a,1,1335,run2
6,agony,d,1,1435,run2
6,love,a,1,1385,run2
6,nasty,d,1,1385,run2
6,white3,d,1,1335,run2
6,pleasure,a,1,1435,run2
6,black2,a,1,1335,run2
6,black5,a,1,1385,run2
6,white2,d,1,1435,run2
6,white1,d,1,1335,run2
6,happy,a,1,1435,run2
1,evil,a,0,1545,run3
1,hurt,d,1,1345,run3
1,agony,d,1,1335,run3
1,nasty,d,1,1385,run3
1,joy,d,0,1385,run3
1,love,a,1,1435,run3
1,pleasure,a,1,1335,run3
1,bad,d,1,1435,run3
1,good,a,1,1385,run3
1,happy,a,1,1335,run3
2,white2,d,0,1435,run3
2,black4,a,0,1385,run3
2,white4,a,1,1335,run3
2,black2,d,1,1435,run3
2,white3,a,1,1385,run3
2,white5,a,1,1335,run3
2,black1,d,1,1435,run3
2,white1,a,1,1385,run3
2,black3,d,1,1385,run3
2,black5,d,1,1335,run3
3,evil,d,1,1385,run3
3,black5,d,1,1385,run3
3,good,a,1,1435,run3
3,black3,d,1,1385,run3
3,love,a,1,1385,run3
3,agony,d,1,1385,run3
3,black2,d,1,1335,run3
3,black1,d,1,1385,run3
3,hurt,d,1,1385,run3
3,white2,a,1,1435,run3
3,happy,a,1,1335,run3
3,white1,a,1,1385,run3
3,bad,d,1,1435,run3
3,white3,a,1,1385,run3
3,joy,a,1,1335,run3
3,nasty,d,1,1435,run3
3,white5,a,1,1385,run3
3,black4,d,1,1385,run3
3,pleasure,a,1,1385,run3
3,white4,a,1,1335,run3
4,block4,w,0,675,run3
5,white2,a,0,1445,run3
5,white3,d,1,1345,run3
5,black5,d,0,1335,run3
5,black1,a,1,1435,run3
5,black3,a,1,1335,run3
5,black2,a,1,1385,run3
5,white5,d,1,1435,run3
5,white1,d,1,1335,run3
5,white4,d,1,1385,run3
5,black4,a,1,1435,run3
6,black2,a,1,1335,run3
6,pleasure,a,1,1385,run3
6,black3,a,1,1385,run3
6,white5,d,1,1435,run3
6,white1,d,1,1335,run3
6,happy,a,1,1435,run3
6,nasty,d,1,1385,run3
6,agony,d,1,1335,run3
6,black1,a,1,1435,run3
6,white4,d,1,1385,run3
6,white2,d,1,1335,run3
6,good,a,1,1435,run3
6,black4,a,1,1335,run3
6,joy,a,1,1385,run3
6,bad,d,1,1435,run3
6,black5,a,1,1385,run3
6,love,a,1,1335,run3
6,white3,d,1,1435,run3
6,hurt,d,1,1335,run3
6,evil,d,1,1385,run3
1,bad,a,0,1545,run4
1,evil,d,1,1345,run4
1,agony,d,1,1335,run4
1,happy,d,0,1385,run4
1,nasty,d,1,1385,run4
1,good,a,1,1435,run4
1,love,a,1,1335,run4
1,joy,a,1,1385,run4
1,pleasure,a,1,1385,run4
1,hurt,d,1,1435,run4
2,white5,d,0,1335,run4
2,white2,a,1,1435,run4
2,black3,a,0,1335,run4
2,white3,a,1,1385,run4
2,white4,a,1,1385,run4
2,black5,d,1,1435,run4
2,black1,d,1,1335,run4
2,black4,d,1,1385,run4
2,white1,a,1,1435,run4
2,black2,d,1,1385,run4
3,bad,d,1,1335,run4
3,pleasure,a,1,1435,run4
3,black5,d,1,1385,run4
3,good,a,1,1385,run4
3,happy,a,1,1335,run4
3,white1,a,1,1385,run4
3,agony,d,1,1435,run4
3,black3,d,1,1335,run4
3,black1,d,1,1385,run4
3,evil,d,1,1385,run4
3,white4,a,1,1435,run4
3,white5,a,1,1335,run4
3,black2,d,1,1435,run4
3,white3,a,1,1385,run4
3,love,a,1,1335,run4
3,joy,a,1,1385,run4
3,hurt,d,1,1435,run4
3,white2,a,1,1385,run4
3,nasty,d,1,1385,run4
3,black4,d,1,1335,run4
4,block4,w,0,675,run4
5,white2,a,0,1445,run4
5,black5,d,0,1345,run4
5,white1,d,1,1335,run4
5,black4,a,1,1435,run4
5,black3,a,1,1335,run4
5,black2,a,1,1385,run4
5,black1,a,1,1385,run4
5,white5,d,1,1435,run4
5,white3,d,1,1335,run4
5,white4,d,1,1385,run4
6,agony,d,1,1385,run4
6,black3,a,1,1435,run4
6,evil,d,1,1385,run4
6,black5,a,1,1385,run4
6,bad,d,1,1385,run4
6,hurt,d,1,1335,run4
6,good,a,1,1435,run4
6,nasty,d,1,1385,run4
6,happy,a,1,1385,run4
6,pleasure,a,1,1335,run4
6,love,a,1,1385,run4
6,black1,a,1,1385,run4
6,white4,d,1,1435,run4
6,white5,d,1,1335,run4
6,joy,a,1,1435,run4
6,white1,d,1,1385,run4
6,white2,d,1,1335,run4
6,black2,a,1,1435,run4
6,black4,a,1,1335,run4
6,white3,d,1,1435,run4
1,nasty,a,0,1545,run5
1,agony,d,1,1345,run5
1,evil,d,1,1335,run5
1,hurt,d,1,1385,run5
1,love,d,0,1385,run5
1,happy,a,1,1435,run5
1,pleasure,a,1,1335,run5
1,joy,a,1,1385,run5
1,good,a,1,1385,run5
1,bad,d,1,1435,run5
2,white1,d,0,1335,run5
2,white2,a,1,1435,run5
2,black4,a,0,1335,run5
2,white3,a,1,1385,run5
2,black1,d,1,1435,run5
2,white4,a,1,1385,run5
2,white5,a,1,1335,run5
2,black3,d,1,1435,run5
2,black5,d,1,1335,run5
2,black2,d,1,1385,run5
3,black2,,0,0,run5
3,joy,a,1,1345,run5
3,white5,a,1,1335,run5
3,love,a,1,1385,run5
3,agony,d,1,1435,run5
3,good,a,1,1385,run5
3,white2,a,1,1335,run5
3,evil,d,1,1435,run5
3,black5,d,1,1335,run5
3,white3,a,1,1435,run5
3,black4,d,1,1385,run5
3,white4,a,1,1385,run5
3,bad,d,1,1385,run5
3,pleasure,a,1,1385,run5
3,black3,d,1,1385,run5
3,happy,a,1,1385,run5
3,black1,d,1,1385,run5
3,white1,a,1,1385,run5
3,nasty,d,1,1385,run5
3,hurt,d,1,1335,run5
4,block4,w,0,675,run5
5,white1,a,0,1445,run5
5,white3,d,1,1345,run5
5,black1,d,0,1335,run5
5,white4,d,1,1385,run5
5,white5,d,1,1385,run5
5,black5,a,1,1435,run5
5,black4,a,1,1335,run5
5,white2,d,1,1435,run5
5,black2,a,1,1385,run5
5,black3,a,1,1335,run5
6,good,a,1,1385,run5
6,black4,a,1,1385,run5
6,white3,d,1,1435,run5
6,black3,a,1,1385,run5
6,black2,a,1,1335,run5
6,black1,a,1,1385,run5
6,bad,d,1,1435,run5
6,joy,a,1,1385,run5
6,agony,d,1,1385,run5
6,black5,a,1,1385,run5
6,white2,d,1,1385,run5
6,happy,a,1,1385,run5
6,love,a,1,1335,run5
6,white5,d,1,1435,run5
6,pleasure,a,1,1385,run5
6,white1,d,1,1385,run5
6,evil,d,1,1335,run5
6,nasty,d,1,1385,run5
6,hurt,d,1,1385,run5
6,white4,d,1,1385,run5
1,joy,d,0,1545,run6
1,nasty,a,0,1345,run6
1,good,a,1,1335,run6
1,pleasure,a,1,1385,run6
1,bad,d,1,1435,run6
1,love,a,1,1385,run6
1,agony,d,1,1385,run6
1,happy,a,1,1385,run6
1,evil,d,1,1385,run6
1,hurt,d,1,1335,run6
2,white2,d,0,1385,run6
2,white3,a,1,1435,run6
2,white1,a,1,1335,run6
2,black2,a,0,1385,run6
2,white4,a,1,1385,run6
2,black3,d,1,1435,run6
2,white5,a,1,1385,run6
2,black5,d,1,1385,run6
2,black4,d,1,1335,run6
2,black1,d,1,1385,run6
3,black4,d,1,1385,run6
3,joy,a,1,1435,run6
3,white1,a,1,1335,run6
3,hurt,d,1,1435,run6
3,white4,a,1,1385,run6
3,white3,a,1,1335,run6
3,nasty,d,1,1435,run6
3,black5,d,1,1335,run6
3,happy,a,1,1435,run6
3,pleasure,a,1,1335,run6
3,black2,d,1,1435,run6
3,black3,d,1,1335,run6
3,black1,d,1,1385,run6
3,evil,d,1,1385,run6
3,agony,d,1,1385,run6
3,white2,a,1,1435,run6
3,bad,d,1,1385,run6
3,love,a,1,1385,run6
3,good,a,1,1335,run6
3,white5,a,1,1385,run6
4,block4,w,0,675,run6
5,black2,d,0,1445,run6
5,white2,a,0,1345,run6
5,black5,a,1,1335,run6
5,white3,d,1,1435,run6
5,white4,d,1,1335,run6
5,black1,a,1,1435,run6
5,white5,d,1,1385,run6
5,white1,d,1,1335,run6
5,black4,a,1,1435,run6
5,black3,a,1,1335,run6
6,white2,d,1,1435,run6
6,happy,a,1,1385,run6
6,black1,a,1,1335,run6
6,hurt,d,1,1435,run6
6,black4,a,1,1385,run6
6,evil,d,1,1385,run6
6,white3,d,1,1335,run6
6,black5,a,1,1435,run6
6,pleasure,a,1,1335,run6
6,love,a,1,1385,run6
6,white5,d,1,1435,run6
6,joy,a,1,1385,run6
6,white1,d,1,1385,run6
6,bad,d,1,1335,run6
6,black3,a,1,1435,run6
6,nasty,d,1,1385,run6
6,agony,d,1,1335,run6
6,good,a,1,1435,run6
6,white4,d,1,1385,run6
6,black2,a,1,1385,run6
1,hurt,a,0,1545,run7
1,pleasure,d,0,1345,run7
1,good,a,1,1385,run7
1,agony,d,1,1385,run7
1,bad,d,1,1335,run7
1,joy,a,1,1435,run7
1,evil,d,1,1385,run7
1,happy,a,1,1385,run7
1,love,a,1,1335,run7
1,nasty,d,1,1435,run7
2,black2,a,0,1385,run7
2,white1,d,0,1385,run7
2,white2,a,1,1385,run7
2,black4,d,1,1385,run7
2,black1,d,1,1335,run7
2,black5,d,1,1385,run7
2,white5,a,1,1435,run7
2,white4,a,1,1335,run7
2,white3,a,1,1385,run7
2,black3,d,1,1435,run7
3,white4,a,1,1385,run7
3,black5,d,1,1385,run7
3,black1,d,1,1335,run7
3,joy,a,1,1435,run7
3,hurt,d,1,1385,run7
3,bad,d,1,1335,run7
3,white2,a,1,1435,run7
3,happy,a,1,1335,run7
3,nasty,d,1,1435,run7
3,white3,a,1,1385,run7
3,agony,d,1,1385,run7
3,black3,d,1,1335,run7
3,evil,d,1,1385,run7
3,black2,d,1,1385,run7
3,black4,d,1,1385,run7
3,white5,a,1,1435,run7
3,pleasure,a,1,1335,run7
3,white1,a,1,1385,run7
3,love,a,1,1385,run7
3,good,a,1,1385,run7
4,block4,w,0,675,run7
5,black3,d,0,1445,run7
5,black4,a,1,1345,run7
5,white4,a,0,1335,run7
5,black1,a,1,1385,run7
5,white3,d,1,1435,run7
5,white2,d,1,1335,run7
5,white5,d,1,1385,run7
5,black2,a,1,1435,run7
5,white1,d,1,1385,run7
5,black5,a,1,1385,run7
6,pleasure,a,1,1335,run7
6,white5,d,1,1435,run7
6,nasty,d,1,1335,run7
6,white4,d,1,1385,run7
6,black4,a,1,1435,run7
6,joy,a,1,1335,run7
6,black1,a,1,1385,run7
6,black3,a,1,1385,run7
6,love,a,1,1385,run7
6,agony,d,1,1435,run7
6,black5,a,1,1385,run7
6,bad,d,1,1385,run7
6,happy,a,1,1385,run7
6,white1,d,1,1385,run7
6,hurt,d,1,1335,run7
6,good,a,1,1435,run7
6,white3,d,1,1385,run7
6,black2,a,1,1385,run7
6,white2,d,1,1385,run7
6,evil,d,1,1335,run7
1,happy,d,0,1545,run8
1,evil,a,0,1345,run8
1,pleasure,a,1,1335,run8
1,good,a,1,1385,run8
1,agony,d,1,1435,run8
1,nasty,d,1,1335,run8
1,joy,a,1,1435,run8
1,love,a,1,1335,run8
1,hurt,d,1,1435,run8
1,bad,d,1,1335,run8
2,black4,a,0,1435,run8
2,black1,d,1,1385,run8
2,white5,d,0,1335,run8
2,white4,a,1,1435,run8
2,black5,d,1,1385,run8
2,black3,d,1,1335,run8
2,white2,a,1,1435,run8
2,white1,a,1,1335,run8
2,white3,a,1,1385,run8
2,black2,d,1,1435,run8
3,love,a,1,1385,run8
3,black4,d,1,1385,run8
3,white1,a,1,1385,run8
3,pleasure,a,1,1335,run8
3,agony,d,1,1435,run8
3,good,a,1,1385,run8
3,black5,d,1,1385,run8
3,evil,d,1,1335,run8
3,white5,a,1,1435,run8
3,black1,d,1,1385,run8
3,hurt,d,1,1335,run8
3,joy,a,1,1435,run8
3,nasty,d,1,1385,run8
3,happy,a,1,1385,run8
3,black3,d,1,1385,run8
3,bad,d,1,1335,run8
3,white2,a,1,1435,run8
3,black2,d,1,1385,run8
3,white3,a,1,1385,run8
3,white4,a,1,1335,run8
4,block4,w,0,675,run8
5,white2,a,0,1445,run8
5,white4,d,1,1345,run8
5,white1,d,1,1335,run8
5,black2,d,0,1385,run8
5,black4,a,1,1435,run8
5,black1,a,1,1335,run8
5,black3,a,1,1385,run8
5,black5,a,1,1385,run8
5,white3,d,1,1435,run8
5,white5,d,1,1335,run8
6,black5,a,1,1435,run8
6,evil,d,1,1385,run8
6,bad,d,1,1335,run8
6,hurt,d,1,1385,run8
6,nasty,d,1,1385,run8
6,love,a,1,1435,run8
6,white2,d,1,1385,run8
6,good,a,1,1385,run8
6,agony,d,1,1385,run8
6,pleasure,a,1,1385,run8
6,white4,d,1,1385,run8
6,white5,d,1,1335,run8
6,black4,a,1,1435,run8
6,black2,a,1,1335,run8
6,white1,d,1,1435,run8
6,white3,d,1,1335,run8
6,black3,a,1,1435,run8
6,joy,a,1,1335,run8
6,happy,a,1,1385,run8
6,black1,a,1,1385,run8
1,happy,d,0,1545,run9
1,joy,a,1,1345,run9
1,hurt,a,0,1335,run9
1,good,a,1,1385,run9
1,agony,d,1,1435,run9
1,pleasure,a,1,1385,run9
1,bad,d,1,1385,run9
1,evil,d,1,1335,run9
1,nasty,d,1,1385,run9
1,love,a,1,1435,run9
2,white3,d,0,1385,run9
2,black4,a,0,1385,run9
2,black5,d,1,1385,run9
2,white5,a,1,1385,run9
2,black1,d,1,1385,run9
2,black2,d,1,1335,run9
2,white2,a,1,1435,run9
2,black3,d,1,1385,run9
2,white1,a,1,1385,run9
2,white4,a,1,1335,run9
3,nasty,d,1,1435,run9
3,white4,a,1,1385,run9
3,black2,d,1,1385,run9
3,evil,d,1,1335,run9
3,bad,d,1,1385,run9
3,pleasure,a,1,1435,run9
3,joy,a,1,1335,run9
3,white3,a,1,1385,run9
3,white5,a,1,1385,run9
3,happy,a,1,1385,run9
3,black3,d,1,1435,run9
3,white2,a,1,1385,run9
3,love,a,1,1335,run9
3,agony,d,1,1435,run9
3,good,a,1,1385,run9
3,black4,d,1,1385,run9
3,white1,a,1,1385,run9
3,black1,d,1,1385,run9
3,black5,d,1,1335,run9
3,hurt,d,1,1385,run9
4,block4,w,0,675,run9
5,white3,a,0,1445,run9
5,black3,d,0,1345,run9
5,white5,d,1,1335,run9
5,black2,a,1,1435,run9
5,white1,d,1,1385,run9
5,black4,a,1,1385,run9
5,black1,a,1,1335,run9
5,white2,d,1,1435,run9
5,black5,a,1,1385,run9
5,white4,d,1,1385,run9
6,love,a,1,1385,run9
6,black4,a,1,1335,run9
6,white2,d,1,1435,run9
6,black2,a,1,1385,run9
6,agony,d,1,1385,run9
6,nasty,d,1,1335,run9
6,happy,a,1,1435,run9
6,white1,d,1,1385,run9
6,black1,a,1,1385,run9
6,hurt,d,1,1385,run9
6,joy,a,1,1385,run9
6,white5,d,1,1385,run9
6,evil,d,1,1335,run9
6,black3,a,1,1435,run9
6,white4,d,1,1385,run9
6,bad,d,1,1335,run9
6,black5,a,1,1435,run9
6,good,a,1,1335,run9
6,pleasure,a,1,1385,run9
6,white3,d,1,1435,run9
1,evil,a,0,1545,run10
1,agony,d,1,1345,run10
1,joy,d,0,1335,run10
1,good,a,1,1435,run10
1,bad,d,1,1385,run10
1,nasty,d,1,1335,run10
1,happy,a,1,1435,run10
1,love,a,1,1335,run10
1,pleasure,a,1,1385,run10
1,hurt,d,1,1435,run10
2,black3,a,0,1385,run10
2,white5,d,0,1385,run10
2,white3,a,1,1385,run10
2,white2,a,1,1335,run10
2,white1,a,1,1385,run10
2,black2,d,1,1435,run10
2,black5,d,1,1335,run10
2,white4,a,1,1435,run10
2,black1,d,1,1385,run10
2,black4,d,1,1335,run10
3,black1,d,1,1385,run10
3,bad,d,1,1385,run10
3,evil,d,1,1385,run10
3,nasty,d,1,1385,run10
3,black4,d,1,1385,run10
3,white1,a,1,1435,run10
3,white2,a,1,1335,run10
3,hurt,d,1,1435,run10
3,love,a,1,1385,run10
3,white4,a,1,1335,run10
3,black3,d,1,1435,run10
3,pleasure,a,1,1385,run10
3,joy,a,1,1335,run10
3,black2,d,1,1435,run10
3,good,a,1,1385,run10
3,black5,d,1,1385,run10
3,white3,a,1,1385,run10
3,agony,d,1,1385,run10
3,happy,a,1,1385,run10
3,white5,a,1,1335,run10
4,block4,w,0,675,run10
5,black2,d,0,1445,run10
5,white5,a,0,1345,run10
5,white2,d,1,1385,run10
5,white4,d,1,1335,run10
5,black5,a,1,1435,run10
5,black4,a,1,1335,run10
5,black3,a,1,1385,run10
5,white3,d,1,1435,run10
5,white1,d,1,1335,run10
5,black1,a,1,1435,run10
6,white2,d,1,1385,run10
6,bad,d,1,1335,run10
6,black3,a,1,1435,run10
6,good,a,1,1335,run10
6,white5,d,1,1435,run10
6,black2,a,1,1385,run10
6,white1,d,1,1385,run10
6,happy,a,1,1385,run10
6,agony,d,1,1385,run10
6,love,a,1,1385,run10
6,evil,d,1,1385,run10
6,pleasure,a,1,1385,run10
6,white3,d,1,1385,run10
6,nasty,d,1,1335,run10
6,joy,a,1,1435,run10
6,black4,a,1,1335,run10
6,black1,a,1,1385,run10
6,white4,d,1,1435,run10
6,hurt,d,1,1335,run10
6,black5,a,1,1435,run10
1,joy,d,0,1545,run11
1,evil,a,0,1345,run11
1,good,a,1,1335,run11
1,nasty,d,1,1435,run11
1,happy,a,1,1385,run11
1,bad,d,1,1385,run11
1,love,a,1,1385,run11
1,pleasure,a,1,1335,run11
1,hurt,d,1,1435,run11
1,agony,d,1,1335,run11
2,white2,d,0,1385,run11
2,black3,a,0,1435,run11
2,white3,a,1,1335,run11
2,black5,d,1,1435,run11
2,black4,d,1,1335,run11
2,white1,a,1,1435,run11
2,white5,a,1,1335,run11
2,white4,a,1,1385,run11
2,black2,d,1,1435,run11
2,black1,d,1,1335,run11
3,black5,d,1,1385,run11
3,white5,a,1,1435,run11
3,white3,a,1,1335,run11
3,pleasure,a,1,1385,run11
3,hurt,d,1,1435,run11
3,black2,d,1,1335,run11
3,good,a,1,1435,run11
3,happy,a,1,1335,run11
3,love,a,1,1385,run11
3,bad,d,1,1435,run11
3,black1,d,1,1335,run11
3,nasty,d,1,1385,run11
3,evil,d,1,1385,run11
3,joy,a,1,1435,run11
3,white4,a,1,1335,run11
3,white2,a,1,1385,run11
3,agony,d,1,1435,run11
3,white1,a,1,1385,run11
3,black4,d,1,1385,run11
3,black3,d,1,1335,run11
4,block4,w,0,675,run11
5,white1,a,0,1445,run11
5,black3,d,0,1345,run11
5,white3,d,1,1335,run11
5,white2,d,1,1385,run11
5,black2,a,1,1435,run11
5,black4,a,1,1335,run11
5,black5,a,1,1385,run11
5,black1,a,1,1385,run11
5,white5,d,1,1435,run11
5,white4,d,1,1335,run11
6,black5,a,1,1435,run11
6,good,a,1,1335,run11
6,white4,d,1,1435,run11
6,black4,a,1,1385,run11
6,white5,d,1,1385,run11
6,agony,d,1,1335,run11
6,evil,d,1,1385,run11
6,black2,a,1,1435,run11
6,pleasure,a,1,1335,run11
6,hurt,d,1,1435,run11
6,white3,d,1,1335,run11
6,black1,a,1,1435,run11
6,love,a,1,1335,run11
6,nasty,d,1,1435,run11
6,white1,d,1,1335,run11
6,joy,a,1,1435,run11
6,happy,a,1,1335,run11
6,white2,d,1,1435,run11
6,bad,d,1,1335,run11
6,black3,a,1,1435,run11
1,pleasure,d,0,1545,run12
1,love,a,1,1345,run12
1,good,a,1,1335,run12
1,agony,a,0,1385,run12
1,happy,a,1,1385,run12
1,hurt,d,1,1435,run12
1,nasty,d,1,1335,run12
1,evil,d,1,1385,run12
1,bad,d,1,1385,run12
1,joy,a,1,1435,run12
2,white4,d,0,1385,run12
2,black2,a,0,1385,run12
2,black5,d,1,1385,run12
2,white5,a,1,1385,run12
2,black1,d,1,1385,run12
2,white3,a,1,1385,run12
2,black4,d,1,1385,run12
2,black3,d,1,1335,run12
2,white2,a,1,1435,run12
2,white1,a,1,1335,run12
3,black3,d,1,1435,run12
3,evil,d,1,1335,run12
3,hurt,d,1,1385,run12
3,black4,d,1,1385,run12
3,black1,d,1,1385,run12
3,love,a,1,1435,run12
3,pleasure,a,1,1335,run12
3,agony,d,1,1435,run12
3,nasty,d,1,1335,run12
3,happy,a,1,1435,run12
3,white2,a,1,1335,run12
3,white5,a,1,1385,run12
3,white4,a,1,1385,run12
3,joy,a,1,1385,run12
3,white3,a,1,1385,run12
3,good,a,1,1385,run12
3,white1,a,1,1385,run12
3,black5,d,1,1435,run12
3,black2,d,1,1335,run12
3,bad,d,1,1385,run12
4,block4,w,0,675,run12
5,black3,d,0,1445,run12
5,white3,a,0,1345,run12
5,black1,a,1,1335,run12
5,white5,d,1,1435,run12
5,white4,d,1,1335,run12
5,black2,a,1,1435,run12
5,black5,a,1,1335,run12
5,white2,d,1,1435,run12
5,black4,a,1,1385,run12
5,white1,d,1,1385,run12
6,evil,d,1,1335,run12
6,black3,a,1,1435,run12
6,good,a,1,1335,run12
6,white2,d,1,1435,run12
6,pleasure,a,1,1385,run12
6,white4,d,1,1385,run12
6,black5,a,1,1385,run12
6,white5,d,1,1385,run12
6,black2,a,1,1385,run12
6,bad,d,1,1385,run12
6,black4,a,1,1385,run12
6,nasty,d,1,1385,run12
6,white3,d,1,1335,run12
6,agony,d,1,1385,run12
6,white1,d,1,1385,run12
6,joy,a,1,1435,run12
6,black1,a,1,1335,run12
6,hurt,d,1,1435,run12
6,love,a,1,1385,run12
6,happy,a,1,1335,run12
1,evil,a,0,1545,run13
1,love,d,0,1345,run13
1,good,a,1,1385,run13
1,nasty,d,1,1385,run13
1,hurt,d,1,1335,run13
1,happy,a,1,1435,run13
1,agony,d,1,1385,run13
1,bad,d,1,1335,run13
1,joy,a,1,1435,run13
1,pleasure,a,1,1335,run13
2,white3,d,0,1435,run13
2,white1,a,1,1385,run13
2,black5,a,0,1335,run13
2,black2,d,1,1435,run13
2,white5,a,1,1385,run13
2,white4,a,1,1335,run13
2,black4,d,1,1435,run13
2,black1,d,1,1335,run13
2,black3,d,1,1385,run13
2,white2,a,1,1435,run13
3,good,a,1,1335,run13
3,black4,d,1,1435,run13
3,black5,d,1,1335,run13
3,hurt,d,1,1385,run13
3,white4,a,1,1435,run13
3,evil,d,1,1385,run13
3,bad,d,1,1335,run13
3,white1,a,1,1435,run13
3,white3,a,1,1335,run13
3,black2,d,1,1435,run13
3,black1,d,1,1335,run13
3,nasty,d,1,1385,run13
3,agony,d,1,1385,run13
3,joy,a,1,1435,run13
3,white5,a,1,1335,run13
3,black3,d,1,1435,run13
3,white2,a,1,1385,run13
3,pleasure,a,1,1335,run13
3,love,a,1,1385,run13
3,happy,a,1,1385,run13
4,block4,w,0,675,run13
5,black4,d,0,1445,run13
5,black1,a,1,1345,run13
5,white3,a,0,1335,run13
5,white1,d,1,1435,run13
5,white2,d,1,1335,run13
5,black2,a,1,1435,run13
5,black3,a,1,1335,run13
5,white4,d,1,1435,run13
5,white5,d,1,1335,run13
5,black5,a,1,1435,run13
6,black1,a,1,1335,run13
6,white5,d,1,1435,run13
6,hurt,d,1,1335,run13
6,bad,d,1,1385,run13
6,black4,a,1,1435,run13
6,white4,d,1,1385,run13
6,white3,d,1,1335,run13
6,nasty,d,1,1385,run13
6,white1,d,1,1385,run13
6,pleasure,a,1,1435,run13
6,evil,d,1,1385,run13
6,black2,a,1,1385,run13
6,good,a,1,1335,run13
6,happy,a,1,1385,run13
6,white2,d,1,1435,run13
6,black3,a,1,1385,run13
6,black5,a,1,1335,run13
6,joy,a,1,1385,run13
6,love,a,1,1385,run13
6,agony,d,1,1435,run13
1,happy,d,0,1545,run14
1,bad,a,0,1345,run14
1,good,a,1,1335,run14
1,evil,d,1,1435,run14
1,love,a,1,1385,run14
1,joy,a,1,1335,run14
1,pleasure,a,1,1385,run14
1,nasty,d,1,1435,run14
1,hurt,d,1,1335,run14
1,agony,d,1,1385,run14
2,white3,d,0,1385,run14
2,white1,a,1,1435,run14
2,white2,a,1,1335,run14
2,white4,a,1,1385,run14
2,white5,a,1,1385,run14
2,black5,a,0,1385,run14
2,black2,d,1,1435,run14
2,black1,d,1,1335,run14
2,black4,d,1,1385,run14
2,black3,d,1,1385,run14
3,pleasure,a,1,1435,run14
3,black5,d,1,1385,run14
3,good,a,1,1385,run14
3,nasty,d,1,1385,run14
3,hurt,d,1,1335,run14
3,love,a,1,1435,run14
3,joy,a,1,1335,run14
3,black1,d,1,1435,run14
3,black4,d,1,1335,run14
3,white2,a,1,1435,run14
3,white3,a,1,1335,run14
3,white1,a,1,1385,run14
3,white5,a,1,1385,run14
3,black2,d,1,1435,run14
3,happy,a,1,1385,run14
3,bad,d,1,1385,run14
3,agony,d,1,1335,run14
3,white4,a,1,1435,run14
3,evil,d,1,1385,run14
3,black3,d,1,1335,run14
4,block4,w,0,675,run14
5,white2,a,0,1445,run14
5,white1,d,1,1345,run14
5,black1,d,0,1335,run14
5,black5,a,1,1435,run14
5,white4,d,1,1385,run14
5,black2,a,1,1385,run14
5,black4,a,1,1335,run14
5,white3,d,1,1435,run14
5,white5,d,1,1335,run14
5,black3,a,1,1435,run14
6,white2,d,1,1385,run14
6,happy,a,1,1385,run14
6,white4,d,1,1385,run14
6,good,a,1,1385,run14
6,white5,d,1,1385,run14
6,white3,d,1,1335,run14
6,love,a,1,1435,run14
6,black2,a,1,1335,run14
6,black1,a,1,1385,run14
6,hurt,d,1,1435,run14
6,agony,d,1,1335,run14
6,joy,a,1,1435,run14
6,pleasure,a,1,1335,run14
6,nasty,d,1,1435,run14
6,white1,d,1,1335,run14
6,black3,a,1,1435,run14
6,evil,d,1,1385,run14
6,black4,a,1,1385,run14
6,black5,a,1,1335,run14
6,bad,d,1,1435,run14
1,good,d,0,1545,run15
1,happy,a,1,1345,run15
1,nasty,a,0,1335,run15
1,agony,d,1,1435,run15
1,hurt,d,1,1335,run15
1,joy,a,1,1435,run15
1,pleasure,a,1,1335,run15
1,evil,d,1,1435,run15
1,love,a,1,1385,run15
1,bad,d,1,1385,run15
2,white3,d,0,1335,run15
2,white5,a,1,1435,run15
2,white4,a,1,1335,run15
2,black5,a,0,1385,run15
2,black1,d,1,1435,run15
2,black2,d,1,1335,run15
2,white2,a,1,1435,run15
2,black3,d,1,1385,run15
2,black4,d,1,1335,run15
2,white1,a,1,1435,run15
3,agony,d,1,1385,run15
3,white1,a,1,1385,run15
3,evil,d,1,1385,run15
3,black5,d,1,1335,run15
3,pleasure,a,1,1435,run15
3,happy,a,1,1335,run15
3,hurt,d,1,1435,run15
3,bad,d,1,1335,run15
3,good,a,1,1435,run15
3,white3,a,1,1335,run15
3,black4,d,1,1435,run15
3,black3,d,1,1335,run15
3,joy,a,1,1435,run15
3,white4,a,1,1335,run15
3,white2,a,1,1385,run15
3,black1,d,1,1435,run15
3,white5,a,1,1385,run15
3,black2,d,1,1385,run15
3,love,a,1,1385,run15
3,nasty,d,1,1385,run15
4,block4,w,0,625,run15
5,white2,a,0,1445,run15
5,white4,d,1,1345,run15
5,white3,d,1,1335,run15
5,black4,d,0,1385,run15
5,black5,a,1,1435,run15
5,white1,d,1,1385,run15
5,white5,d,1,1335,run15
5,black2,a,1,1435,run15
5,black3,a,1,1335,run15
5,black1,a,1,1385,run15
6,white3,d,1,1435,run15
6,white2,d,1,1335,run15
6,black3,a,1,1435,run15
6,black1,a,1,1335,run15
6,nasty,d,1,1435,run15
6,love,a,1,1385,run15
6,evil,d,1,1385,run15
6,happy,a,1,1385,run15
6,joy,a,1,1335,run15
6,agony,d,1,1435,run15
6,white5,d,1,1335,run15
6,bad,d,1,1385,run15
6,black4,a,1,1435,run15
6,black5,a,1,1335,run15
6,pleasure,a,1,1385,run15
6,good,a,1,1385,run15
6,white1,d,1,1435,run15
6,hurt,d,1,1335,run15
6,white4,d,1,1385,run15
6,black2,a,1,1435,run15
1,pleasure,d,0,1545,run16
1,nasty,a,0,1345,run16
1,happy,a,1,1335,run16
1,agony,d,1,1435,run16
1,joy,a,1,1385,run16
1,good,a,1,1335,run16
1,bad,d,1,1435,run16
1,evil,d,1,1335,run16
1,hurt,d,1,1385,run16
1,love,a,1,1435,run16
2,white1,d,0,1385,run16
2,white3,a,1,1385,run16
2,black5,a,0,1335,run16
2,black2,d,1,1435,run16
2,white5,a,1,1385,run16
2,black1,d,1,1385,run16
2,white2,a,1,1385,run16
2,white4,a,1,1335,run16
2,black4,d,1,1435,run16
2,black3,d,1,1335,run16
3,happy,a,1,1435,run16
3,black3,d,1,1385,run16
3,evil,d,1,1335,run16
3,love,a,1,1435,run16
3,nasty,d,1,1385,run16
3,white5,a,1,1385,run16
3,good,a,1,1335,run16
3,black5,d,1,1435,run16
3,white2,a,1,1385,run16
3,agony,d,1,1385,run16
3,white1,a,1,1385,run16
3,bad,d,1,1385,run16
3,black1,d,1,1335,run16
3,black2,d,1,1385,run16
3,hurt,d,1,1385,run16
3,black4,d,1,1385,run16
3,white3,a,1,1435,run16
3,pleasure,a,1,1335,run16
3,joy,a,1,1385,run16
3,white4,a,1,1385,run16
4,block4,w,0,675,run16
5,white5,a,0,1445,run16
5,black5,d,0,1345,run16
5,black4,a,1,1385,run16
5,black1,a,1,1335,run16
5,white2,d,1,1435,run16
5,black3,a,1,1385,run16
5,white4,d,1,1385,run16
5,white1,d,1,1335,run16
5,black2,a,1,1435,run16
5,white3,d,1,1385,run16
6,hurt,d,1,1335,run16
6,joy,a,1,1435,run16
6,black5,a,1,1335,run16
6,evil,d,1,1435,run16
6,black2,a,1,1385,run16
6,white5,d,1,1385,run16
6,white2,d,1,1335,run16
6,pleasure,a,1,1435,run16
6,black4,a,1,1335,run16
6,love,a,1,1385,run16
6,good,a,1,1385,run16
6,agony,d,1,1435,run16
6,nasty,d,1,1335,run16
6,bad,d,1,1385,run16
6,happy,a,1,1435,run16
6,white3,d,1,1385,run16
6,white1,d,1,1335,run16
6,black3,a,1,1435,run16
6,white4,d,1,1385,run16
6,black1,a,1,1385,run16
1,joy,d,0,1545,run17
1,evil,a,0,1345,run17
1,nasty,d,1,1385,run17
1,bad,d,1,1335,run17
1,hurt,d,1,1385,run17
1,love,a,1,1435,run17
1,good,a,1,1335,run17
1,agony,d,1,1435,run17
1,pleasure,a,1,1385,run17
1,happy,a,1,1335,run17
2,black3,a,0,1385,run17
2,white4,d,0,1435,run17
2,white1,a,1,1385,run17
2,white3,a,1,1335,run17
2,white2,a,1,1385,run17
2,white5,a,1,1385,run17
2,black1,d,1,1435,run17
2,black2,d,1,1335,run17
2,black4,d,1,1385,run17
2,black5,d,1,1385,run17
3,white3,a,1,1435,run17
3,white5,a,1,1335,run17
3,black3,d,1,1435,run17
3,black4,d,1,1335,run17
3,bad,d,1,1385,run17
3,good,a,1,1435,run17
3,happy,a,1,1335,run17
3,white2,a,1,1385,run17
3,evil,d,1,1435,run17
3,hurt,d,1,1335,run17
3,white4,a,1,1435,run17
3,black1,d,1,1385,run17
3,white1,a,1,1385,run17
3,nasty,d,1,1385,run17
3,agony,d,1,1335,run17
3,joy,a,1,1435,run17
3,pleasure,a,1,1335,run17
3,black2,d,1,1435,run17
3,love,a,1,1385,run17
3,black5,d,1,1385,run17
4,block4,w,0,625,run17
5,white5,a,0,1445,run17
5,black5,d,0,1345,run17
5,white2,d,1,1335,run17
5,white4,d,1,1385,run17
5,black3,a,1,1435,run17
5,black2,a,1,1335,run17
5,black1,a,1,1385,run17
5,white1,d,1,1435,run17
5,black4,a,1,1385,run17
5,white3,d,1,1385,run17
6,white1,d,1,1335,run17
6,nasty,d,1,1385,run17
6,evil,d,1,1385,run17
6,love,a,1,1435,run17
6,happy,a,1,1335,run17
6,hurt,d,1,1435,run17
6,black1,a,1,1385,run17
6,white5,d,1,1385,run17
6,black2,a,1,1385,run17
6,bad,d,1,1385,run17
6,black5,a,1,1385,run17
6,black3,a,1,1335,run17
6,joy,a,1,1385,run17
6,black4,a,1,1385,run17
6,good,a,1,1385,run17
6,white4,d,1,1435,run17
6,pleasure,a,1,1385,run17
6,agony,d,1,1385,run17
6,white3,d,1,1335,run17
6,white2,d,1,1385,run17
1,happy,d,0,1545,run18
1,pleasure,a,1,1345,run18
1,good,a,1,1335,run18
1,agony,a,0,1385,run18
1,nasty,d,1,1435,run18
1,bad,d,1,1335,run18
1,love,a,1,1435,run18
1,hurt,d,1,1385,run18
1,joy,a,1,1385,run18
1,evil,d,1,1385,run18
2,white1,d,0,1335,run18
2,white3,a,1,1435,run18
2,black4,a,0,1335,run18
2,black5,d,1,1435,run18
2,black3,d,1,1335,run18
2,white4,a,1,1435,run18
2,white2,a,1,1335,run18
2,white5,a,1,1385,run18
2,black1,d,1,1435,run18
2,black2,d,1,1335,run18
3,black1,d,1,1385,run18
3,white3,a,1,1435,run18
3,love,a,1,1335,run18
3,happy,a,1,1385,run18
3,white2,a,1,1385,run18
3,agony,d,1,1435,run18
3,black2,d,1,1335,run18
3,good,a,1,1435,run18
3,bad,d,1,1385,run18
3,nasty,d,1,1335,run18
3,pleasure,a,1,1435,run18
3,hurt,d,1,1385,run18
3,white4,a,1,1385,run18
3,black3,d,1,1385,run18
3,white5,a,1,1385,run18
3,black5,d,1,1385,run18
3,black4,d,1,1335,run18
3,white1,a,1,1435,run18
3,joy,a,1,1335,run18
3,evil,d,1,1435,run18
4,block4,w,0,625,run18
5,white1,a,0,1445,run18
5,white2,d,1,1345,run18
5,white3,d,1,1335,run18
5,black1,d,0,1385,run18
5,white5,d,1,1385,run18
5,white4,d,1,1385,run18
5,black4,a,1,1435,run18
5,black5,a,1,1335,run18
5,black2,a,1,1385,run18
5,black3,a,1,1385,run18
6,white2,d,1,1435,run18
6,white4,d,1,1335,run18
6,pleasure,a,1,1435,run18
6,evil,d,1,1385,run18
6,white1,d,1,1335,run18
6,black4,a,1,1435,run18
6,black5,a,1,1335,run18
6,white3,d,1,1435,run18
6,good,a,1,1385,run18
6,agony,d,1,1385,run18
6,love,a,1,1385,run18
6,white5,d,1,1385,run18
6,hurt,d,1,1335,run18
6,joy,a,1,1435,run18
6,bad,d,1,1385,run18
6,black1,a,1,1385,run18
6,black3,a,1,1335,run18
6,nasty,d,1,1435,run18
6,happy,a,1,1385,run18
6,black2,a,1,1335,run18
1,pleasure,d,0,1545,run19
1,evil,a,0,1345,run19
1,good,a,1,1335,run19
1,hurt,d,1,1435,run19
1,bad,d,1,1335,run19
1,nasty,d,1,1385,run19
1,love,a,1,1435,run19
1,agony,d,1,1385,run19
1,joy,a,1,1385,run19
1,happy,a,1,1335,run19
2,white3,d,0,1435,run19
2,white4,a,1,1385,run19
2,black5,a,0,1335,run19
2,black1,d,1,1435,run19
2,white1,a,1,1385,run19
2,black4,d,1,1385,run19
2,black2,d,1,1335,run19
2,white5,a,1,1435,run19
2,white2,a,1,1335,run19
2,black3,d,1,1435,run19
3,black1,d,1,1335,run19
3,bad,d,1,1385,run19
3,pleasure,a,1,1435,run19
3,white1,a,1,1335,run19
3,white5,a,1,1385,run19
3,joy,a,1,1385,run19
3,love,a,1,1385,run19
3,black3,d,1,1435,run19
3,agony,d,1,1335,run19
3,happy,a,1,1435,run19
3,nasty,d,1,1385,run19
3,white3,a,1,1385,run19
3,black5,d,1,1385,run19
3,hurt,d,1,1335,run19
3,black4,d,1,1385,run19
3,white4,a,1,1435,run19
3,good,a,1,1335,run19
3,white2,a,1,1385,run19
3,black2,d,1,1435,run19
3,evil,d,1,1335,run19
4,block4,w,0,675,run19
5,white2,a,0,1445,run19
5,white3,d,1,1345,run19
5,black3,d,0,1335,run19
5,black5,a,1,1435,run19
5,white1,d,1,1385,run19
5,black1,a,1,1385,run19
5,white5,d,1,1385,run19
5,black4,a,1,1385,run19
5,white4,d,1,1385,run19
5,black2,a,1,1385,run19
6,black1,a,1,1335,run19
6,good,a,1,1385,run19
6,black4,a,1,1385,run19
6,nasty,d,1,1435,run19
6,white1,d,1,1335,run19
6,white3,d,1,1385,run19
6,agony,d,1,1385,run19
6,white2,d,1,1385,run19
6,bad,d,1,1385,run19
6,pleasure,a,1,1435,run19
6,evil,d,1,1385,run19
6,love,a,1,1385,run19
6,black2,a,1,1335,run19
6,joy,a,1,1385,run19
6,black5,a,1,1385,run19
6,hurt,d,1,1435,run19
6,black3,a,1,1385,run19
6,happy,a,1,1335,run19
6,white5,d,1,1435,run19
6,white4,d,1,1335,run19
1,joy,d,0,1545,run20
1,evil,a,0,1345,run20
1,agony,d,1,1385,run20
1,love,a,1,1385,run20
1,nasty,d,1,1385,run20
1,hurt,d,1,1335,run20
1,happy,a,1,1435,run20
1,pleasure,a,1,1335,run20
1,good,a,1,1385,run20
1,bad,d,1,1435,run20
2,black1,a,0,1385,run20
2,white1,d,0,1385,run20
2,white4,a,1,1385,run20
2,white2,a,1,1335,run20
2,black3,d,1,1435,run20
2,white3,a,1,1385,run20
2,black2,d,1,1385,run20
2,white5,a,1,1385,run20
2,black4,d,1,1385,run20
2,black5,d,1,1335,run20
3,white5,a,1,1435,run20
3,pleasure,a,1,1335,run20
3,white2,a,1,1385,run20
3,love,a,1,1385,run20
3,black1,d,1,1435,run20
3,black3,d,1,1335,run20
3,white4,a,1,1435,run20
3,white3,a,1,1335,run20
3,black2,d,1,1435,run20
3,agony,d,1,1335,run20
3,evil,d,1,1385,run20
3,white1,a,1,1435,run20
3,black5,d,1,1385,run20
3,black4,d,1,1335,run20
3,bad,d,1,1385,run20
3,hurt,d,1,1385,run20
3,happy,a,1,1435,run20
3,joy,a,1,1335,run20
3,good,a,1,1385,run20
3,nasty,d,1,1435,run20
4,block4,w,0,625,run20
5,black3,d,0,1445,run20
5,black2,a,1,1345,run20
5,black1,a,1,1335,run20
5,black5,a,1,1385,run20
5,white5,a,0,1385,run20
5,white3,d,1,1435,run20
5,white2,d,1,1335,run20
5,white1,d,1,1385,run20
5,white4,d,1,1385,run20
5,black4,a,1,1435,run20
6,white5,d,1,1385,run20
6,joy,a,1,1385,run20
6,black4,a,1,1335,run20
6,white2,d,1,1435,run20
6,hurt,d,1,1335,run20
6,black3,a,1,1435,run20
6,white4,d,1,1385,run20
6,happy,a,1,1385,run20
6,evil,d,1,1385,run20
6,pleasure,a,1,1385,run20
6,black5,a,1,1335,run20
6,white1,d,1,1435,run20
6,white3,d,1,1335,run20
6,nasty,d,1,1385,run20
6,love,a,1,1435,run20
6,bad,d,1,1385,run20
6,agony,d,1,1335,run20
6,black2,a,1,1435,run20
6,good,a,1,1335,run20
6,black1,a,1,1385,run20
1,nasty,a,0,1545,run21
1,pleasure,d,0,1345,run21
1,bad,d,1,1335,run21
1,joy,a,1,1435,run21
1,agony,d,1,1385,run21
1,love,a,1,1385,run21
1,good,a,1,1335,run21
1,happy,a,1,1385,run21
1,evil,d,1,1435,run21
1,hurt,d,1,1335,run21
2,white1,d,0,1385,run21
2,black4,a,0,1435,run21
2,black5,d,1,1385,run21
2,black2,d,1,1335,run21
2,white2,a,1,1435,run21
2,black1,d,1,1385,run21
2,white5,a,1,1385,run21
2,white4,a,1,1335,run21
2,white3,a,1,1385,run21
2,black3,d,1,1435,run21
3,black5,d,1,1335,run21
3,pleasure,a,1,1435,run21
3,good,a,1,1335,run21
3,nasty,d,1,1435,run21
3,white3,a,1,1385,run21
3,black1,d,1,1385,run21
3,happy,a,1,1385,run21
3,white2,a,1,1335,run21
3,love,a,1,1385,run21
3,black4,d,1,1435,run21
3,joy,a,1,1385,run21
3,white1,a,1,1335,run21
3,black2,d,1,1435,run21
3,white5,a,1,1385,run21
3,evil,d,1,1385,run21
3,hurt,d,1,1335,run21
3,black3,d,1,1385,run21
3,agony,d,1,1385,run21
3,bad,d,1,1385,run21
3,white4,a,1,1435,run21
4,block4,w,0,625,run21
5,white2,a,0,1445,run21
5,white1,d,1,1345,run21
5,white4,d,1,1335,run21
5,black1,d,0,1385,run21
5,white3,d,1,1385,run21
5,black5,a,1,1435,run21
5,white5,d,1,1385,run21
5,black3,a,1,1385,run21
5,black2,a,1,1335,run21
5,black4,a,1,1385,run21
6,white3,d,1,1435,run21
6,love,a,1,1385,run21
6,bad,d,1,1385,run21
6,white2,d,1,1335,run21
6,white1,d,1,1385,run21
6,pleasure,a,1,1435,run21
6,black4,a,1,1335,run21
6,black5,a,1,1385,run21
6,nasty,d,1,1435,run21
6,white5,d,1,1335,run21
6,black1,a,1,1435,run21
6,black2,a,1,1335,run21
6,black3,a,1,1385,run21
6,happy,a,1,1385,run21
6,joy,a,1,1385,run21
6,evil,d,1,1435,run21
6,agony,d,1,1335,run21
6,good,a,1,1435,run21
6,hurt,d,1,1385,run21
6,white4,d,1,1335,run21
1,agony,a,0,1545,run22
1,good,d,0,1345,run22
1,happy,a,1,1385,run22
1,evil,d,1,1385,run22
1,hurt,d,1,1335,run22
1,pleasure,a,1,1435,run22
1,joy,a,1,1335,run22
1,love,a,1,1385,run22
1,bad,d,1,1435,run22
1,nasty,d,1,1335,run22
2,white1,d,0,1385,run22
2,white3,a,1,1435,run22
2,black3,a,0,1335,run22
2,black4,d,1,1435,run22
2,black2,d,1,1335,run22
2,black1,d,1,1385,run22
2,white5,a,1,1435,run22
2,black5,d,1,1385,run22
2,white4,a,1,1385,run22
2,white2,a,1,1335,run22
3,happy,a,1,1385,run22
3,black2,d,1,1435,run22
3,agony,d,1,1335,run22
3,white4,a,1,1435,run22
3,evil,d,1,1385,run22
3,white5,a,1,1385,run22
3,black3,d,1,1385,run22
3,black5,d,1,1335,run22
3,hurt,d,1,1385,run22
3,love,a,1,1435,run22
3,white1,a,1,1335,run22
3,good,a,1,1385,run22
3,white2,a,1,1385,run22
3,black1,d,1,1435,run22
3,nasty,d,1,1335,run22
3,pleasure,a,1,1435,run22
3,bad,d,1,1385,run22
3,white3,a,1,1385,run22
3,black4,d,1,1385,run22
3,joy,a,1,1385,run22
4,block4,w,0,625,run22
5,black1,d,0,1445,run22
5,white5,a,0,1345,run22
5,black3,a,1,1335,run22
5,white1,d,1,1435,run22
5,black4,a,1,1385,run22
5,black5,a,1,1335,run22
5,white4,d,1,1435,run22
5,white3,d,1,1335,run22
5,black2,a,1,1435,run22
5,white2,d,1,1385,run22
6,black1,a,1,1385,run22
6,white2,d,1,1385,run22
6,evil,d,1,1335,run22
6,nasty,d,1,1385,run22
6,white1,d,1,1385,run22
6,love,a,1,1435,run22
6,black2,a,1,1335,run22
6,pleasure,a,1,1385,run22
6,white3,d,1,1435,run22
6,bad,d,1,1335,run22
6,joy,a,1,1435,run22
6,black3,a,1,1335,run22
6,happy,a,1,1385,run22
6,white5,d,1,1435,run22
6,white4,d,1,1335,run22
6,agony,d,1,1385,run22
6,black4,a,1,1435,run22
6,hurt,d,1,1385,run22
6,black5,a,1,1385,run22
6,good,a,1,1335,run22
1,good,d,0,1545,run23
1,happy,a,1,1345,run23
1,love,a,1,1335,run23
1,bad,a,0,1385,run23
1,agony,d,1,1435,run23
1,nasty,d,1,1335,run23
1,hurt,d,1,1385,run23
1,evil,d,1,1385,run23
1,pleasure,a,1,1435,run23
1,joy,a,1,1335,run23
2,white4,d,0,1435,run23
2,black1,a,0,1385,run23
2,black5,d,1,1385,run23
2,white5,a,1,1385,run23
2,white1,a,1,1335,run23
2,black4,d,1,1435,run23
2,black2,d,1,1335,run23
2,white2,a,1,1435,run23
2,black3,d,1,1385,run23
2,white3,a,1,1385,run23
3,black2,d,1,1385,run23
3,black4,d,1,1335,run23
3,joy,a,1,1435,run23
3,black1,d,1,1385,run23
3,love,a,1,1385,run23
3,white3,a,1,1335,run23
3,white2,a,1,1385,run23
3,black5,d,1,1435,run23
3,bad,d,1,1335,run23
3,white4,a,1,1435,run23
3,pleasure,a,1,1335,run23
3,good,a,1,1385,run23
3,evil,d,1,1435,run23
3,happy,a,1,1385,run23
3,black3,d,1,1385,run23
3,white1,a,1,1385,run23
3,agony,d,1,1385,run23
3,hurt,d,1,1335,run23
3,nasty,d,1,1385,run23
3,white5,a,1,1435,run23
4,block4,w,0,625,run23
5,black2,d,0,1445,run23
5,black4,a,1,1345,run23
5,white4,a,0,1335,run23
5,black3,a,1,1385,run23
5,white5,d,1,1435,run23
5,black1,a,1,1385,run23
5,white2,d,1,1385,run23
5,white1,d,1,1335,run23
5,black5,a,1,1435,run23
5,white3,d,1,1385,run23
6,happy,a,1,1385,run23
6,pleasure,a,1,1335,run23
6,white4,d,1,1435,run23
6,agony,d,1,1335,run23
6,white5,d,1,1385,run23
6,love,a,1,1435,run23
6,black5,a,1,1335,run23
6,joy,a,1,1385,run23
6,evil,d,1,1435,run23
6,hurt,d,1,1335,run23
6,nasty,d,1,1385,run23
6,black3,a,1,1435,run23
6,white1,d,1,1385,run23
6,black1,a,1,1385,run23
6,white3,d,1,1385,run23
6,good,a,1,1385,run23
6,black2,a,1,1335,run23
6,bad,d,1,1435,run23
6,black4,a,1,1385,run23
6,white2,d,1,1385,run23
1,nasty,a,0,1545,run24
1,good,d,0,1345,run24
1,bad,d,1,1335,run24
1,love,a,1,1435,run24
1,happy,a,1,1335,run24
1,pleasure,a,1,1385,run24
1,hurt,d,1,1435,run24
1,agony,d,1,1335,run24
1,joy,a,1,1435,run24
1,evil,d,1,1385,run24
2,white4,d,0,1335,run24
2,white2,a,1,1435,run24
2,black1,a,0,1335,run24
2,white5,a,1,1385,run24
2,black5,d,1,1435,run24
2,white3,a,1,1385,run24
2,black2,d,1,1385,run24
2,black3,d,1,1335,run24
2,white1,a,1,1435,run24
2,black4,d,1,1385,run24
3,agony,d,1,1335,run24
3,black5,d,1,1385,run24
3,black1,d,1,1385,run24
3,black3,d,1,1385,run24
3,good,a,1,1435,run24
3,evil,d,1,1385,run24
3,white1,a,1,1385,run24
3,pleasure,a,1,1335,run24
3,love,a,1,1385,run24
3,white5,a,1,1385,run24
3,white4,a,1,1385,run24
3,happy,a,1,1385,run24
3,black2,d,1,1435,run24
3,white2,a,1,1385,run24
3,black4,d,1,1385,run24
3,white3,a,1,1385,run24
3,bad,d,1,1385,run24
3,hurt,d,1,1335,run24
3,nasty,d,1,1385,run24
3,joy,a,1,1435,run24
4,block4,w,0,625,run24
5,black4,d,0,1445,run24
5,white4,a,0,1345,run24
5,white2,d,1,1385,run24
5,black3,a,1,1385,run24
5,black1,a,1,1335,run24
5,white1,d,1,1435,run24
5,white3,d,1,1335,run24
5,white5,d,1,1385,run24
5,black5,a,1,1435,run24
5,black2,a,1,1335,run24
6,white5,d,1,1435,run24
6,black4,a,1,1385,run24
6,black2,a,1,1335,run24
6,joy,a,1,1385,run24
6,white3,d,1,1435,run24
6,love,a,1,1385,run24
6,nasty,d,1,1385,run24
6,good,a,1,1385,run24
6,evil,d,1,1385,run24
6,agony,d,1,1335,run24
6,pleasure,a,1,1435,run24
6,white1,d,1,1385,run24
6,white2,d,1,1335,run24
6,happy,a,1,1435,run24
6,white4,d,1,1385,run24
6,black3,a,1,1385,run24
6,black5,a,1,1335,run24
6,hurt,d,1,1435,run24
6,black1,a,1,1385,run24
6,bad,d,1,1385,run24
1,nasty,a,0,1545,run25
1,bad,d,1,1345,run25
1,good,d,0,1335,run25
1,agony,d,1,1385,run25
1,joy,a,1,1435,run25
1,happy,a,1,1335,run25
1,love,a,1,1385,run25
1,evil,d,1,1435,run25
1,pleasure,a,1,1385,run25
1,hurt,d,1,1385,run25
2,black1,a,0,1385,run25
2,white5,d,0,1385,run25
2,white1,a,1,1385,run25
2,white4,a,1,1335,run25
2,black5,d,1,1435,run25
2,white2,a,1,1385,run25
2,black2,d,1,1385,run25
2,black4,d,1,1335,run25
2,white3,a,1,1435,run25
2,black3,d,1,1385,run25
3,nasty,d,1,1335,run25
3,white3,a,1,1435,run25
3,hurt,d,1,1385,run25
3,evil,d,1,1335,run25
3,black5,d,1,1385,run25
3,bad,d,1,1385,run25
3,joy,a,1,1435,run25
3,happy,a,1,1335,run25
3,white5,a,1,1385,run25
3,white2,a,1,1385,run25
3,black2,d,1,1435,run25
3,white1,a,1,1385,run25
3,black1,d,1,1385,run25
3,black4,d,1,1335,run25
3,black3,d,1,1385,run25
3,love,a,1,1435,run25
3,good,a,1,1335,run25
3,pleasure,a,1,1385,run25
3,white4,a,1,1385,run25
3,agony,d,1,1435,run25
4,block4,w,0,625,run25
5,white1,a,0,1445,run25
5,white5,d,1,1345,run25
5,black4,d,0,1335,run25
5,white2,d,1,1385,run25
5,black3,a,1,1435,run25
5,white3,d,1,1385,run25
5,white4,d,1,1335,run25
5,black5,a,1,1435,run25
5,black1,a,1,1335,run25
5,black2,a,1,1385,run25
6,black2,,0,0,run25
6,white4,d,1,1345,run25
6,bad,d,1,1335,run25
6,agony,d,1,1385,run25
6,joy,a,1,1435,run25
6,hurt,d,1,1385,run25
6,black5,a,1,1385,run25
6,white3,d,1,1385,run25
6,good,a,1,1385,run25
6,happy,a,1,1335,run25
6,black3,a,1,1385,run25
6,nasty,d,1,1435,run25
6,black4,a,1,1385,run25
6,white2,d,1,1385,run25
6,white5,d,1,1335,run25
6,white1,d,1,1385,run25
6,evil,d,1,1385,run25
6,pleasure,a,1,1435,run25
6,love,a,1,1335,run25
6,black1,a,1,1385,run25
1,love,d,0,1545,run26
1,nasty,a,0,1345,run26
1,agony,d,1,1385,run26
1,joy,a,1,1385,run26
1,good,a,1,1335,run26
1,bad,d,1,1435,run26
1,pleasure,a,1,1385,run26
1,happy,a,1,1335,run26
1,hurt,d,1,1435,run26
1,evil,d,1,1335,run26
2,white1,d,0,1385,run26
2,white4,a,1,1435,run26
2,white2,a,1,1335,run26
2,black5,a,0,1385,run26
2,white5,a,1,1385,run26
2,black3,d,1,1435,run26
2,black2,d,1,1335,run26
2,white3,a,1,1435,run26
2,black4,d,1,1385,run26
2,black1,d,1,1335,run26
3,white4,a,1,1435,run26
3,black3,d,1,1385,run26
3,white5,a,1,1385,run26
3,black1,d,1,1385,run26
3,pleasure,a,1,1385,run26
3,bad,d,1,1385,run26
3,joy,a,1,1385,run26
3,white2,a,1,1335,run26
3,happy,a,1,1385,run26
3,black4,d,1,1435,run26
3,nasty,d,1,1335,run26
3,good,a,1,1435,run26
3,hurt,d,1,1385,run26
3,white1,a,1,1385,run26
3,black5,d,1,1385,run26
3,white3,a,1,1385,run26
3,black2,d,1,1385,run26
3,love,a,1,1385,run26
3,evil,d,1,1385,run26
3,agony,d,1,1335,run26
4,block4,w,0,675,run26
5,black1,d,0,1445,run26
5,black4,a,1,1345,run26
5,white1,a,0,1335,run26
5,white5,d,1,1435,run26
5,white4,d,1,1335,run26
5,white2,d,1,1385,run26
5,black3,a,1,1435,run26
5,black2,a,1,1335,run26
5,white3,d,1,1435,run26
5,black5,a,1,1385,run26
6,agony,d,1,1385,run26
6,black4,a,1,1385,run26
6,love,a,1,1335,run26
6,bad,d,1,1435,run26
6,black2,a,1,1385,run26
6,black5,a,1,1335,run26
6,hurt,d,1,1435,run26
6,black1,a,1,1385,run26
6,evil,d,1,1385,run26
6,good,a,1,1385,run26
6,nasty,d,1,1385,run26
6,white2,d,1,1335,run26
6,pleasure,a,1,1435,run26
6,black3,a,1,1335,run26
6,white3,d,1,1435,run26
6,white1,d,1,1335,run26
6,joy,a,1,1435,run26
6,white4,d,1,1385,run26
6,happy,a,1,1385,run26
6,white5,d,1,1385,run26
1,agony,a,0,1545,run27
1,bad,d,1,1345,run27
1,pleasure,d,0,1335,run27
1,good,a,1,1435,run27
1,joy,a,1,1335,run27
1,hurt,d,1,1435,run27
1,nasty,d,1,1335,run27
1,love,a,1,1435,run27
1,happy,a,1,1335,run27
1,evil,d,1,1435,run27
2,black2,a,0,1385,run27
2,black5,d,1,1385,run27
2,white1,d,0,1335,run27
2,black4,d,1,1385,run27
2,white2,a,1,1435,run27
2,white4,a,1,1335,run27
2,white3,a,1,1385,run27
2,white5,a,1,1385,run27
2,black1,d,1,1435,run27
2,black3,d,1,1335,run27
3,nasty,d,1,1385,run27
3,white1,a,1,1435,run27
3,white5,a,1,1335,run27
3,black3,d,1,1435,run27
3,black4,d,1,1335,run27
3,happy,a,1,1435,run27
3,evil,d,1,1385,run27
3,white3,a,1,1385,run27
3,white2,a,1,1335,run27
3,love,a,1,1385,run27
3,black1,d,1,1435,run27
3,black2,d,1,1335,run27
3,pleasure,a,1,1435,run27
3,white4,a,1,1335,run27
3,agony,d,1,1435,run27
3,good,a,1,1385,run27
3,joy,a,1,1335,run27
3,black5,d,1,1435,run27
3,hurt,d,1,1335,run27
3,bad,d,1,1385,run27
4,block4,w,0,675,run27
5,white4,a,0,1445,run27
5,white2,d,1,1345,run27
5,white3,d,1,1335,run27
5,black3,d,0,1385,run27
5,black4,a,1,1435,run27
5,white5,d,1,1385,run27
5,white1,d,1,1335,run27
5,black1,a,1,1435,run27
5,black2,a,1,1335,run27
5,black5,a,1,1385,run27
6,white3,d,1,1435,run27
6,joy,a,1,1385,run27
6,pleasure,a,1,1335,run27
6,evil,d,1,1435,run27
6,black5,a,1,1385,run27
6,black4,a,1,1335,run27
6,good,a,1,1385,run27
6,white2,d,1,1435,run27
6,black2,a,1,1385,run27
6,love,a,1,1335,run27
6,bad,d,1,1435,run27
6,nasty,d,1,1335,run27
6,white1,d,1,1385,run27
6,agony,d,1,1385,run27
6,happy,a,1,1435,run27
6,black3,a,1,1335,run27
6,black1,a,1,1385,run27
6,white5,d,1,1435,run27
6,white4,d,1,1335,run27
6,hurt,d,1,1385,run27
1,love,d,0,1545,run28
1,joy,a,1,1345,run28
1,bad,a,0,1335,run28
1,agony,d,1,1435,run28
1,evil,d,1,1335,run28
1,pleasure,a,1,1435,run28
1,good,a,1,1335,run28
1,nasty,d,1,1435,run28
1,hurt,d,1,1335,run28
1,happy,a,1,1435,run28
2,white1,d,0,1385,run28
2,white3,a,1,1385,run28
2,black2,a,0,1335,run28
2,black4,d,1,1435,run28
2,white2,a,1,1385,run28
2,black3,d,1,1385,run28
2,white4,a,1,1385,run28
2,black5,d,1,1385,run28
2,white5,a,1,1385,run28
2,black1,d,1,1385,run28
3,black4,d,1,1335,run28
3,white5,a,1,1435,run28
3,evil,d,1,1385,run28
3,pleasure,a,1,1385,run28
3,black3,d,1,1385,run28
3,hurt,d,1,1335,run28
3,happy,a,1,1435,run28
3,nasty,d,1,1385,run28
3,love,a,1,1385,run28
3,good,a,1,1335,run28
3,black1,d,1,1435,run28
3,white1,a,1,1385,run28
3,white4,a,1,1335,run28
3,joy,a,1,1385,run28
3,white2,a,1,1385,run28
3,bad,d,1,1435,run28
3,agony,d,1,1335,run28
3,white3,a,1,1435,run28
3,black2,d,1,1385,run28
3,black5,d,1,1335,run28
4,block4,w,0,675,run28
5,black1,d,0,1445,run28
5,white1,a,0,1345,run28
5,white3,d,1,1385,run28
5,black2,a,1,1385,run28
5,black5,a,1,1335,run28
5,white2,d,1,1435,run28
5,white5,d,1,1335,run28
5,white4,d,1,1385,run28
5,black3,a,1,1435,run28
5,black4,a,1,1335,run28
6,bad,d,1,1435,run28
6,joy,a,1,1385,run28
6,white5,d,1,1385,run28
6,black1,a,1,1385,run28
6,hurt,d,1,1385,run28
6,evil,d,1,1335,run28
6,black2,a,1,1435,run28
6,black5,a,1,1335,run28
6,black3,a,1,1385,run28
6,white2,d,1,1435,run28
6,white3,d,1,1335,run28
6,happy,a,1,1435,run28
6,black4,a,1,1335,run28
6,white1,d,1,1435,run28
6,white4,d,1,1335,run28
6,nasty,d,1,1385,run28
6,agony,d,1,1385,run28
6,love,a,1,1435,run28
6,pleasure,a,1,1335,run28
6,good,a,1,1385,run28
1,hurt,a,0,1545,run29
1,happy,d,0,1345,run29
1,nasty,d,1,1335,run29
1,good,a,1,1435,run29
1,pleasure,a,1,1335,run29
1,evil,d,1,1435,run29
1,agony,d,1,1335,run29
1,joy,a,1,1435,run29
1,bad,d,1,1385,run29
1,love,a,1,1385,run29
2,black3,a,0,1335,run29
2,white5,d,0,1435,run29
2,white3,a,1,1385,run29
2,black5,d,1,1385,run29
2,white2,a,1,1385,run29
2,black4,d,1,1385,run29
2,white1,a,1,1385,run29
2,black1,d,1,1385,run29
2,white4,a,1,1385,run29
2,black2,d,1,1385,run29
3,nasty,d,1,1335,run29
3,love,a,1,1435,run29
3,good,a,1,1335,run29
3,bad,d,1,1435,run29
3,black1,d,1,1335,run29
3,black3,d,1,1385,run29
3,agony,d,1,1385,run29
3,white1,a,1,1435,run29
3,joy,a,1,1335,run29
3,white4,a,1,1385,run29
3,black5,d,1,1435,run29
3,white3,a,1,1385,run29
3,white5,a,1,1335,run29
3,hurt,d,1,1435,run29
3,happy,a,1,1385,run29
3,white2,a,1,1335,run29
3,evil,d,1,1435,run29
3,black4,d,1,1335,run29
3,pleasure,a,1,1435,run29
3,black2,d,1,1385,run29
4,block4,w,0,625,run29
5,white5,a,0,1445,run29
5,black2,d,0,1345,run29
5,white2,d,1,1335,run29
5,black5,a,1,1435,run29
5,white3,d,1,1385,run29
5,black3,a,1,1385,run29
5,black4,a,1,1335,run29
5,white4,d,1,1435,run29
5,white1,d,1,1335,run29
5,black1,a,1,1435,run29
6,white4,d,1,1385,run29
6,black5,a,1,1385,run29
6,black3,a,1,1335,run29
6,joy,a,1,1385,run29
6,white1,d,1,1435,run29
6,evil,d,1,1335,run29
6,white5,d,1,1385,run29
6,nasty,d,1,1385,run29
6,white2,d,1,1385,run29
6,black4,a,1,1435,run29
6,black2,a,1,1335,run29
6,black1,a,1,1385,run29
6,good,a,1,1385,run29
6,bad,d,1,1435,run29
6,pleasure,a,1,1385,run29
6,hurt,d,1,1385,run29
6,white3,d,1,1335,run29
6,love,a,1,1435,run29
6,agony,d,1,1385,run29
6,happy,a,1,1385,run29
1,nasty,a,0,1545,run30
1,agony,d,1,1345,run30
1,bad,d,1,1335,run30
1,evil,d,1,1385,run30
1,happy,d,0,1385,run30
1,love,a,1,1435,run30
1,good,a,1,1335,run30
1,hurt,d,1,1435,run30
1,joy,a,1,1385,run30
1,pleasure,a,1,1335,run30
2,white1,d,0,1435,run30
2,black4,a,0,1385,run30
2,black1,d,1,1385,run30
2,black3,d,1,1335,run30
2,white4,a,1,1435,run30
2,white2,a,1,1335,run30
2,white3,a,1,1385,run30
2,black2,d,1,1435,run30
2,black5,d,1,1335,run30
2,white5,a,1,1435,run30
3,evil,d,1,1385,run30
3,black2,d,1,1335,run30
3,agony,d,1,1385,run30
3,hurt,d,1,1385,run30
3,happy,a,1,1435,run30
3,pleasure,a,1,1335,run30
3,white3,a,1,1385,run30
3,black1,d,1,1435,run30
3,nasty,d,1,1335,run30
3,white1,a,1,1435,run30
3,black4,d,1,1385,run30
3,good,a,1,1385,run30
3,bad,d,1,1385,run30
3,white5,a,1,1385,run30
3,black3,d,1,1385,run30
3,white2,a,1,1385,run30
3,white4,a,1,1335,run30
3,love,a,1,1385,run30
3,joy,a,1,1385,run30
3,black5,d,1,1435,run30
4,block4,w,0,625,run30
5,white3,a,0,1445,run30
5,black5,d,0,1345,run30
5,white1,d,1,1335,run30
5,white5,d,1,1385,run30
5,black4,a,1,1435,run30
5,white2,d,1,1385,run30
5,black3,a,1,1385,run30
5,white4,d,1,1385,run30
5,black1,a,1,1385,run30
5,black2,a,1,1335,run30
6,black4,a,1,1385,run30
6,white5,d,1,1435,run30
6,hurt,d,1,1335,run30
6,black2,a,1,1435,run30
6,white4,d,1,1385,run30
6,white2,d,1,1335,run30
6,agony,d,1,1385,run30
6,bad,d,1,1385,run30
6,joy,a,1,1435,run30
6,white3,d,1,1385,run30
6,evil,d,1,1335,run30
6,black5,a,1,1435,run30
6,black3,a,1,1335,run30
6,nasty,d,1,1435,run30
6,good,a,1,1385,run30
6,white1,d,1,1385,run30
6,happy,a,1,1385,run30
6,love,a,1,1335,run30
6,pleasure,a,1,1385,run30
6,black1,a,1,1385,run30
1,evil,a,0,1545,run31
1,love,d,0,1345,run31
1,agony,d,1,1335,run31
1,pleasure,a,1,1435,run31
1,good,a,1,1335,run31
1,bad,d,1,1435,run31
1,joy,a,1,1385,run31
1,nasty,d,1,1385,run31
1,hurt,d,1,1335,run31
1,happy,a,1,1435,run31
2,white4,d,0,1385,run31
2,white3,a,1,1385,run31
2,black1,a,0,1335,run31
2,white5,a,1,1385,run31
2,white2,a,1,1385,run31
2,black4,d,1,1435,run31
2,black5,d,1,1335,run31
2,white1,a,1,1435,run31
2,black2,d,1,1385,run31
2,black3,d,1,1335,run31
3,good,a,1,1435,run31
3,black4,d,1,1385,run31
3,white4,a,1,1385,run31
3,white5,a,1,1335,run31
3,joy,a,1,1385,run31
3,black1,d,1,1435,run31
3,black2,d,1,1335,run31
3,white3,a,1,1435,run31
3,white2,a,1,1335,run31
3,evil,d,1,1435,run31
3,white1,a,1,1385,run31
3,happy,a,1,1335,run31
3,agony,d,1,1435,run31
3,black5,d,1,1335,run31
3,bad,d,1,1385,run31
3,love,a,1,1435,run31
3,nasty,d,1,1385,run31
3,pleasure,a,1,1385,run31
3,black3,d,1,1385,run31
3,hurt,d,1,1335,run31
4,block4,w,0,675,run31
5,black3,d,0,1445,run31
5,white5,a,0,1345,run31
5,white3,d,1,1385,run31
5,black5,a,1,1385,run31
5,white4,d,1,1385,run31
5,black4,a,1,1385,run31
5,black1,a,1,1335,run31
5,white2,d,1,1435,run31
5,black2,a,1,1385,run31
5,white1,d,1,1385,run31
6,nasty,d,1,1335,run31
6,black2,a,1,1435,run31
6,good,a,1,1335,run31
6,white5,d,1,1435,run31
6,agony,d,1,1335,run31
6,black3,a,1,1435,run31
6,joy,a,1,1335,run31
6,white3,d,1,1435,run31
6,hurt,d,1,1335,run31
6,black4,a,1,1435,run31
6,white2,d,1,1385,run31
6,black5,a,1,1385,run31
6,happy,a,1,1335,run31
6,evil,d,1,1435,run31
6,pleasure,a,1,1385,run31
6,black1,a,1,1335,run31
6,love,a,1,1385,run31
6,white1,d,1,1435,run31
6,white4,d,1,1335,run31
6,bad,d,1,1385,run31
1,hurt,a,0,1545,run32
1,agony,d,1,1345,run32
1,joy,d,0,1335,run32
1,good,a,1,1435,run32
1,love,a,1,1335,run32
1,bad,d,1,1435,run32
1,pleasure,a,1,1385,run32
1,happy,a,1,1335,run32
1,evil,d,1,1435,run32
1,nasty,d,1,1335,run32
2,white2,d,0,1385,run32
2,black5,a,0,1435,run32
2,white4,a,1,1335,run32
2,black1,d,1,1435,run32
2,black2,d,1,1335,run32
2,white3,a,1,1435,run32
2,black4,d,1,1385,run32
2,white1,a,1,1385,run32
2,white5,a,1,1335,run32
2,black3,d,1,1435,run32
3,bad,d,1,1335,run32
3,white4,a,1,1435,run32
3,white1,a,1,1335,run32
3,black5,d,1,1435,run32
3,pleasure,a,1,1385,run32
3,love,a,1,1335,run32
3,agony,d,1,1435,run32
3,happy,a,1,1385,run32
3,joy,a,1,1335,run32
3,black4,d,1,1435,run32
3,black3,d,1,1335,run32
3,good,a,1,1435,run32
3,nasty,d,1,1385,run32
3,black2,d,1,1335,run32
3,white5,a,1,1435,run32
3,evil,d,1,1385,run32
3,black1,d,1,1335,run32
3,hurt,d,1,1385,run32
3,white3,a,1,1435,run32
3,white2,a,1,1335,run32
4,block4,w,0,675,run32
5,black3,d,0,1445,run32
5,white3,a,0,1345,run32
5,white1,d,1,1385,run32
5,black2,a,1,1385,run32
5,black5,a,1,1335,run32
5,white2,d,1,1435,run32
5,black1,a,1,1385,run32
5,white5,d,1,1385,run32
5,white4,d,1,1335,run32
5,black4,a,1,1435,run32
6,white2,d,1,1385,run32
6,black1,a,1,1385,run32
6,love,a,1,1335,run32
6,good,a,1,1385,run32
6,evil,d,1,1435,run32
6,happy,a,1,1385,run32
6,nasty,d,1,1385,run32
6,black5,a,1,1385,run32
6,joy,a,1,1335,run32
6,black2,a,1,1385,run32
6,pleasure,a,1,1385,run32
6,agony,d,1,1435,run32
6,white1,d,1,1335,run32
6,hurt,d,1,1385,run32
6,black4,a,1,1435,run32
6,white4,d,1,1385,run32
6,white3,d,1,1335,run32
6,white5,d,1,1385,run32
6,black3,a,1,1435,run32
6,bad,d,1,1385,run32
1,joy,d,0,1545,run33
1,love,a,1,1345,run33
1,nasty,a,0,1335,run33
1,evil,d,1,1435,run33
1,bad,d,1,1335,run33
1,good,a,1,1435,run33
1,agony,d,1,1385,run33
1,happy,a,1,1385,run33
1,pleasure,a,1,1335,run33
1,hurt,d,1,1435,run33
2,white1,d,0,1335,run33
2,black2,a,0,1435,run33
2,black4,d,1,1385,run33
2,black1,d,1,1335,run33
2,black5,d,1,1385,run33
2,white3,a,1,1435,run33
2,white5,a,1,1335,run33
2,black3,d,1,1435,run33
2,white4,a,1,1385,run33
2,white2,a,1,1335,run33
3,bad,d,1,1435,run33
3,white2,a,1,1385,run33
3,love,a,1,1335,run33
3,white3,a,1,1385,run33
3,agony,d,1,1435,run33
3,white5,a,1,1385,run33
3,black1,d,1,1385,run33
3,black4,d,1,1335,run33
3,hurt,d,1,1385,run33
3,black5,d,1,1385,run33
3,pleasure,a,1,1435,run33
3,good,a,1,1335,run33
3,black3,d,1,1435,run33
3,nasty,d,1,1335,run33
3,black2,d,1,1385,run33
3,evil,d,1,1385,run33
3,joy,a,1,1435,run33
3,white4,a,1,1335,run33
3,happy,a,1,1385,run33
3,white1,a,1,1385,run33
4,block4,w,0,675,run33
5,black4,d,0,1445,run33
5,black2,a,1,1345,run33
5,white2,a,0,1335,run33
5,black3,a,1,1385,run33
5,white3,d,1,1435,run33
5,black5,a,1,1385,run33
5,white5,d,1,1385,run33
5,black1,a,1,1385,run33
5,white4,d,1,1385,run33
5,white1,d,1,1335,run33
6,black3,a,1,1435,run33
6,black4,a,1,1335,run33
6,good,a,1,1385,run33
6,nasty,d,1,1435,run33
6,white5,d,1,1335,run33
6,joy,a,1,1435,run33
6,black1,a,1,1335,run33
6,evil,d,1,1435,run33
6,bad,d,1,1335,run33
6,black2,a,1,1435,run33
6,white3,d,1,1385,run33
6,black5,a,1,1385,run33
6,white2,d,1,1385,run33
6,happy,a,1,1385,run33
6,agony,d,1,1385,run33
6,hurt,d,1,1335,run33
6,love,a,1,1435,run33
6,white1,d,1,1385,run33
6,white4,d,1,1335,run33
6,pleasure,a,1,1435,run33
1,agony,a,0,1545,run34
1,hurt,d,1,1345,run34
1,good,d,0,1335,run34
1,pleasure,a,1,1435,run34
1,nasty,d,1,1385,run34
1,love,a,1,1385,run34
1,happy,a,1,1335,run34
1,evil,d,1,1435,run34
1,bad,d,1,1335,run34
1,joy,a,1,1435,run34
2,black3,a,0,1335,run34
2,black4,d,1,1435,run34
2,black1,d,1,1335,run34
2,white4,d,0,1385,run34
2,black2,d,1,1385,run34
2,white3,a,1,1435,run34
2,white2,a,1,1335,run34
2,black5,d,1,1435,run34
2,white5,a,1,1385,run34
2,white1,a,1,1335,run34
3,white5,a,1,1385,run34
3,black4,d,1,1435,run34
3,white4,a,1,1385,run34
3,bad,d,1,1385,run34
3,nasty,d,1,1335,run34
3,evil,d,1,1385,run34
3,white3,a,1,1435,run34
3,pleasure,a,1,1335,run34
3,white1,a,1,1385,run34
3,black5,d,1,1435,run34
3,white2,a,1,1385,run34
3,happy,a,1,1335,run34
3,black3,d,1,1435,run34
3,hurt,d,1,1335,run34
3,joy,a,1,1435,run34
3,black2,d,1,1385,run34
3,good,a,1,1385,run34
3,love,a,1,1335,run34
3,black1,d,1,1435,run34
3,agony,d,1,1335,run34
4,block4,w,0,675,run34
5,black3,d,0,1445,run34
5,white4,a,0,1345,run34
5,white5,d,1,1385,run34
5,black5,a,1,1385,run34
5,black2,a,1,1335,run34
5,white3,d,1,1435,run34
5,black1,a,1,1385,run34
5,white1,d,1,1385,run34
5,black4,a,1,1385,run34
5,white2,d,1,1385,run34
6,nasty,d,1,1335,run34
6,evil,d,1,1385,run34
6,good,a,1,1435,run34
6,bad,d,1,1385,run34
6,black3,a,1,1385,run34
6,white3,d,1,1385,run34
6,white2,d,1,1335,run34
6,joy,a,1,1435,run34
6,love,a,1,1335,run34
6,hurt,d,1,1435,run34
6,pleasure,a,1,1385,run34
6,happy,a,1,1335,run34
6,black4,a,1,1385,run34
6,black1,a,1,1385,run34
6,white1,d,1,1435,run34
6,agony,d,1,1335,run34
6,black2,a,1,1435,run34
6,white5,d,1,1385,run34
6,black5,a,1,1385,run34
6,white4,d,1,1385,run34
1,joy,d,0,1545,run35
1,good,a,1,1345,run35
1,agony,a,0,1335,run35
1,nasty,d,1,1435,run35
1,love,a,1,1385,run35
1,hurt,d,1,1385,run35
1,bad,d,1,1335,run35
1,evil,d,1,1385,run35
1,happy,a,1,1435,run35
1,pleasure,a,1,1335,run35
2,white2,d,0,1435,run35
2,white5,a,1,1385,run35
2,white3,a,1,1335,run35
2,black5,a,0,1385,run35
2,black4,d,1,1435,run35
2,white1,a,1,1385,run35
2,black1,d,1,1385,run35
2,black2,d,1,1335,run35
2,black3,d,1,1385,run35
2,white4,a,1,1435,run35
3,good,a,1,1335,run35
3,black5,d,1,1435,run35
3,black2,d,1,1335,run35
3,white2,a,1,1435,run35
3,love,a,1,1335,run35
3,white4,a,1,1385,run35
3,white1,a,1,1385,run35
3,nasty,d,1,1435,run35
3,black4,d,1,1335,run35
3,white5,a,1,1435,run35
3,happy,a,1,1335,run35
3,agony,d,1,1435,run35
3,white3,a,1,1385,run35
3,evil,d,1,1385,run35
3,pleasure,a,1,1385,run35
3,black1,d,1,1385,run35
3,black3,d,1,1335,run35
3,joy,a,1,1435,run35
3,bad,d,1,1385,run35
3,hurt,d,1,1335,run35
4,block4,w,0,675,run35
5,white2,a,0,1445,run35
5,white4,d,1,1345,run35
5,white5,d,1,1335,run35
5,white1,d,1,1385,run35
5,black5,d,0,1385,run35
5,black3,a,1,1435,run35
5,white3,d,1,1385,run35
5,black4,a,1,1385,run35
5,black2,a,1,1335,run35
5,black1,a,1,1385,run35
6,white4,d,1,1435,run35
6,happy,a,1,1385,run35
6,white2,d,1,1385,run35
6,pleasure,a,1,1385,run35
6,black3,a,1,1335,run35
6,black5,a,1,1385,run35
6,white3,d,1,1435,run35
6,evil,d,1,1335,run35
6,black1,a,1,1435,run35
6,black4,a,1,1335,run35
6,white5,d,1,1435,run35
6,hurt,d,1,1335,run35
6,white1,d,1,1385,run35
6,good,a,1,1435,run35
6,bad,d,1,1385,run35
6,black2,a,1,1385,run35
6,nasty,d,1,1385,run35
6,love,a,1,1385,run35
6,joy,a,1,1335,run35
6,agony,d,1,1435,run35
1,evil,a,0,1545,run36
1,nasty,d,1,1345,run36
1,hurt,d,1,1335,run36
1,pleasure,d,0,1385,run36
1,good,a,1,1435,run36
1,love,a,1,1335,run36
1,happy,a,1,1385,run36
1,joy,a,1,1385,run36
1,agony,d,1,1435,run36
1,bad,d,1,1335,run36
2,black2,a,0,1435,run36
2,white5,d,0,1385,run36
2,black4,d,1,1335,run36
2,black3,d,1,1385,run36
2,black5,d,1,1385,run36
2,white4,a,1,1435,run36
2,white3,a,1,1335,run36
2,white1,a,1,1385,run36
2,black1,d,1,1435,run36
2,white2,a,1,1385,run36
3,nasty,d,1,1385,run36
3,pleasure,a,1,1385,run36
3,evil,d,1,1385,run36
3,hurt,d,1,1335,run36
3,agony,d,1,1385,run36
3,good,a,1,1435,run36
3,white4,a,1,1335,run36
3,joy,a,1,1385,run36
3,black1,d,1,1435,run36
3,black5,d,1,1335,run36
3,love,a,1,1435,run36
3,white2,a,1,1335,run36
3,white5,a,1,1385,run36
3,black3,d,1,1435,run36
3,black2,d,1,1335,run36
3,white1,a,1,1435,run36
3,white3,a,1,1335,run36
3,black4,d,1,1435,run36
3,happy,a,1,1385,run36
3,bad,d,1,1385,run36
4,block4,w,0,625,run36
5,black2,d,0,1445,run36
5,black1,a,1,1345,run36
5,white5,a,0,1335,run36
5,white3,d,1,1435,run36
5,black4,a,1,1385,run36
5,white4,d,1,1385,run36
5,black3,a,1,1385,run36
5,black5,a,1,1335,run36
5,white1,d,1,1435,run36
5,white2,d,1,1335,run36
6,pleasure,a,1,1435,run36
6,evil,d,1,1385,run36
6,black5,a,1,1385,run36
6,black1,a,1,1335,run36
6,happy,a,1,1385,run36
6,white1,d,1,1435,run36
6,white4,d,1,1335,run36
6,hurt,d,1,1385,run36
6,bad,d,1,1385,run36
6,love,a,1,1435,run36
6,black2,a,1,1335,run36
6,white2,d,1,1435,run36
6,agony,d,1,1335,run36
6,black3,a,1,1435,run36
6,white5,d,1,1385,run36
6,white3,d,1,1335,run36
6,good,a,1,1435,run36
6,black4,a,1,1335,run36
6,joy,a,1,1385,run36
6,nasty,d,1,1435,run36
1,pleasure,d,0,1545,run37
1,hurt,a,0,1345,run37
1,evil,d,1,1385,run37
1,joy,a,1,1385,run37
1,bad,d,1,1385,run37
1,agony,d,1,1335,run37
1,love,a,1,1435,run37
1,happy,a,1,1335,run37
1,good,a,1,1385,run37
1,nasty,d,1,1435,run37
2,black2,a,0,1385,run37
2,white1,d,0,1385,run37
2,black3,d,1,1335,run37
2,black5,d,1,1385,run37
2,white5,a,1,1435,run37
2,black1,d,1,1385,run37
2,black4,d,1,1335,run37
2,white2,a,1,1435,run37
2,white3,a,1,1335,run37
2,white4,a,1,1385,run37
3,agony,d,1,1435,run37
3,white5,a,1,1385,run37
3,pleasure,a,1,1335,run37
3,white4,a,1,1385,run37
3,evil,d,1,1435,run37
3,black1,d,1,1335,run37
3,white1,a,1,1435,run37
3,good,a,1,1335,run37
3,bad,d,1,1435,run37
3,nasty,d,1,1335,run37
3,white3,a,1,1435,run37
3,black2,d,1,1385,run37
3,black4,d,1,1335,run37
3,white2,a,1,1435,run37
3,love,a,1,1335,run37
3,black5,d,1,1435,run37
3,hurt,d,1,1335,run37
3,black3,d,1,1385,run37
3,joy,a,1,1435,run37
3,happy,a,1,1335,run37
4,block4,w,0,675,run37
5,white2,a,0,1445,run37
5,black5,d,0,1345,run37
5,white3,d,1,1335,run37
5,black2,a,1,1435,run37
5,black1,a,1,1335,run37
5,white1,d,1,1435,run37
5,black3,a,1,1385,run37
5,white5,d,1,1385,run37
5,white4,d,1,1335,run37
5,black4,a,1,1435,run37
6,hurt,d,1,1385,run37
6,bad,d,1,1335,run37
6,black3,a,1,1435,run37
6,pleasure,a,1,1335,run37
6,good,a,1,1385,run37
6,love,a,1,1385,run37
6,black1,a,1,1385,run37
6,black4,a,1,1385,run37
6,black2,a,1,1385,run37
6,evil,d,1,1435,run37
6,white1,d,1,1335,run37
6,nasty,d,1,1385,run37
6,white4,d,1,1385,run37
6,happy,a,1,1435,run37
6,agony,d,1,1385,run37
6,white5,d,1,1335,run37
6,white3,d,1,1385,run37
6,joy,a,1,1435,run37
6,white2,d,1,1385,run37
6,black5,a,1,1385,run37
1,pleasure,d,0,1545,run38
1,nasty,a,0,1345,run38
1,evil,d,1,1385,run38
1,bad,d,1,1335,run38
1,happy,a,1,1435,run38
1,love,a,1,1335,run38
1,agony,d,1,1435,run38
1,hurt,d,1,1335,run38
1,joy,a,1,1435,run38
1,good,a,1,1335,run38
2,white3,d,0,1435,run38
2,white1,a,1,1385,run38
2,white2,a,1,1335,run38
2,black2,a,0,1385,run38
2,white4,a,1,1385,run38
2,black5,d,1,1435,run38
2,black4,d,1,1335,run38
2,black3,d,1,1385,run38
2,black1,d,1,1385,run38
2,white5,a,1,1435,run38
3,love,a,1,1335,run38
3,white4,a,1,1385,run38
3,agony,d,1,1435,run38
3,black3,d,1,1335,run38
3,hurt,d,1,1385,run38
3,black1,d,1,1385,run38
3,black4,d,1,1385,run38
3,white5,a,1,1435,run38
3,white1,a,1,1335,run38
3,white2,a,1,1385,run38
3,good,a,1,1385,run38
3,evil,d,1,1435,run38
3,happy,a,1,1385,run38
3,nasty,d,1,1385,run38
3,white3,a,1,1385,run38
3,black2,d,1,1385,run38
3,bad,d,1,1335,run38
3,pleasure,a,1,1435,run38
3,joy,a,1,1335,run38
3,black5,d,1,1435,run38
4,block4,w,0,625,run38
5,black3,d,0,1445,run38
5,black4,a,1,1345,run38
5,white3,a,0,1335,run38
5,black1,a,1,1385,run38
5,black5,a,1,1385,run38
5,black2,a,1,1385,run38
5,white1,d,1,1435,run38
5,white2,d,1,1335,run38
5,white4,d,1,1385,run38
5,white5,d,1,1385,run38
6,black3,a,1,1435,run38
6,white5,d,1,1385,run38
6,evil,d,1,1335,run38
6,white3,d,1,1385,run38
6,black5,a,1,1435,run38
6,agony,d,1,1385,run38
6,white4,d,1,1335,run38
6,bad,d,1,1385,run38
6,pleasure,a,1,1435,run38
6,nasty,d,1,1385,run38
6,black2,a,1,1385,run38
6,white1,d,1,1385,run38
6,happy,a,1,1385,run38
6,black4,a,1,1335,run38
6,good,a,1,1385,run38
6,white2,d,1,1435,run38
6,love,a,1,1385,run38
6,black1,a,1,1335,run38
6,joy,a,1,1385,run38
6,hurt,d,1,1435,run38
1,nasty,a,0,1545,run39
1,love,d,0,1345,run39
1,pleasure,a,1,1385,run39
1,evil,d,1,1385,run39
1,happy,a,1,1385,run39
1,bad,d,1,1385,run39
1,joy,a,1,1385,run39
1,agony,d,1,1385,run39
1,hurt,d,1,1335,run39
1,good,a,1,1435,run39
2,black1,a,0,1335,run39
2,black2,d,1,1435,run39
2,white5,d,0,1335,run39
2,black5,d,1,1385,run39
2,white1,a,1,1435,run39
2,black4,d,1,1385,run39
2,white3,a,1,1385,run39
2,white4,a,1,1335,run39
2,black3,d,1,1435,run39
2,white2,a,1,1385,run39
3,good,a,1,1335,run39
3,happy,a,1,1385,run39
3,agony,d,1,1435,run39
3,evil,d,1,1335,run39
3,joy,a,1,1435,run39
3,white2,a,1,1335,run39
3,love,a,1,1385,run39
3,black4,d,1,1435,run39
3,black1,d,1,1335,run39
3,white4,a,1,1435,run39
3,black5,d,1,1385,run39
3,bad,d,1,1335,run39
3,pleasure,a,1,1435,run39
3,white3,a,1,1335,run39
3,white5,a,1,1385,run39
3,nasty,d,1,1435,run39
3,hurt,d,1,1335,run39
3,black2,d,1,1385,run39
3,white1,a,1,1435,run39
3,black3,d,1,1385,run39
4,block4,w,0,625,run39
5,black2,d,0,1445,run39
5,black3,a,1,1345,run39
5,white1,a,0,1335,run39
5,white5,d,1,1435,run39
5,white3,d,1,1335,run39
5,black4,a,1,1435,run39
5,black1,a,1,1335,run39
5,white2,d,1,1435,run39
5,black5,a,1,1385,run39
5,white4,d,1,1385,run39
6,black5,a,1,1385,run39
6,agony,d,1,1385,run39
6,white2,d,1,1335,run39
6,white5,d,1,1385,run39
6,love,a,1,1435,run39
6,white3,d,1,1385,run39
6,nasty,d,1,1335,run39
6,joy,a,1,1435,run39
6,hurt,d,1,1385,run39
6,bad,d,1,1335,run39
6,happy,a,1,1435,run39
6,white4,d,1,1385,run39
6,black4,a,1,1385,run39
6,pleasure,a,1,1335,run39
6,black1,a,1,1385,run39
6,good,a,1,1385,run39
6,evil,d,1,1435,run39
6,black2,a,1,1385,run39
6,black3,a,1,1335,run39
6,white1,d,1,1435,run39
1,evil,a,0,1545,run40
1,joy,d,0,1345,run40
1,love,a,1,1385,run40
1,hurt,d,1,1385,run40
1,bad,d,1,1335,run40
1,nasty,d,1,1385,run40
1,agony,d,1,1385,run40
1,happy,a,1,1435,run40
1,good,a,1,1335,run40
1,pleasure,a,1,1385,run40
2,black4,a,0,1385,run40
2,white1,d,0,1435,run40
2,black3,d,1,1335,run40
2,white3,a,1,1435,run40
2,black5,d,1,1385,run40
2,white4,a,1,1385,run40
2,black2,d,1,1385,run40
2,white2,a,1,1385,run40
2,white5,a,1,1335,run40
2,black1,d,1,1435,run40
3,pleasure,a,1,1385,run40
3,white3,a,1,1335,run40
3,black1,d,1,1435,run40
3,white2,a,1,1385,run40
3,black3,d,1,1385,run40
3,white5,a,1,1385,run40
3,white4,a,1,1335,run40
3,black4,d,1,1435,run40
3,good,a,1,1385,run40
3,bad,d,1,1385,run40
3,white1,a,1,1385,run40
3,love,a,1,1335,run40
3,nasty,d,1,1435,run40
3,black2,d,1,1335,run40
3,happy,a,1,1435,run40
3,hurt,d,1,1385,run40
3,agony,d,1,1335,run40
3,joy,a,1,1435,run40
3,black5,d,1,1385,run40
3,evil,d,1,1335,run40
4,block4,w,0,675,run40
5,black2,d,0,1445,run40
5,white4,a,0,1345,run40
5,white1,d,1,1385,run40
5,white2,d,1,1335,run40
5,white3,d,1,1385,run40
5,black1,a,1,1435,run40
5,white5,d,1,1385,run40
5,black4,a,1,1385,run40
5,black3,a,1,1335,run40
5,black5,a,1,1385,run40
6,pleasure,a,1,1385,run40
6,white1,d,1,1435,run40
6,black3,a,1,1385,run40
6,white3,d,1,1385,run40
6,evil,d,1,1335,run40
6,love,a,1,1435,run40
6,black5,a,1,1335,run40
6,good,a,1,1385,run40
6,bad,d,1,1435,run40
6,joy,a,1,1385,run40
6,white5,d,1,1385,run40
6,nasty,d,1,1335,run40
6,black1,a,1,1435,run40
6,white2,d,1,1385,run40
6,happy,a,1,1385,run40
6,white4,d,1,1385,run40
6,black2,a,1,1385,run40
6,agony,d,1,1385,run40
6,black4,a,1,1385,run40
6,hurt,d,1,1385,run40
1,hurt,a,0,1545,run41
1,good,d,0,1345,run41
1,agony,d,1,1335,run41
1,love,a,1,1435,run41
1,happy,a,1,1335,run41
1,nasty,d,1,1435,run41
1,pleasure,a,1,1385,run41
1,evil,d,1,1385,run41
1,joy,a,1,1385,run41
1,bad,d,1,1385,run41
2,white1,d,0,1335,run41
2,black1,a,0,1435,run41
2,white3,a,1,1335,run41
2,white4,a,1,1385,run41
2,black2,d,1,1435,run41
2,black4,d,1,1335,run41
2,white5,a,1,1435,run41
2,white2,a,1,1335,run41
2,black3,d,1,1435,run41
2,black5,d,1,1335,run41
3,black3,d,1,1385,run41
3,black1,d,1,1385,run41
3,joy,a,1,1435,run41
3,white2,a,1,1335,run41
3,good,a,1,1385,run41
3,pleasure,a,1,1385,run41
3,white5,a,1,1385,run41
3,black5,d,1,1435,run41
3,white1,a,1,1385,run41
3,black4,d,1,1385,run41
3,love,a,1,1385,run41
3,nasty,d,1,1385,run41
3,white4,a,1,1385,run41
3,white3,a,1,1335,run41
3,black2,d,1,1435,run41
3,evil,d,1,1335,run41
3,hurt,d,1,1385,run41
3,bad,d,1,1385,run41
3,agony,d,1,1385,run41
3,happy,a,1,1435,run41
4,block4,w,0,625,run41
5,black5,d,0,1445,run41
5,white2,a,0,1345,run41
5,black2,a,1,1335,run41
5,white5,d,1,1435,run41
5,black1,a,1,1385,run41
5,white1,d,1,1385,run41
5,black3,a,1,1385,run41
5,white3,d,1,1385,run41
5,white4,d,1,1335,run41
5,black4,a,1,1435,run41
6,white2,d,1,1385,run41
6,bad,d,1,1335,run41
6,happy,a,1,1435,run41
6,white5,d,1,1385,run41
6,black2,a,1,1385,run41
6,black1,a,1,1335,run41
6,white1,d,1,1435,run41
6,white4,d,1,1335,run41
6,black3,a,1,1435,run41
6,evil,d,1,1385,run41
6,joy,a,1,1385,run41
6,agony,d,1,1385,run41
6,love,a,1,1385,run41
6,nasty,d,1,1385,run41
6,white3,d,1,1335,run41
6,pleasure,a,1,1435,run41
6,black4,a,1,1335,run41
6,good,a,1,1385,run41
6,hurt,d,1,1435,run41
6,black5,a,1,1385,run41
1,happy,d,0,1545,run42
1,bad,a,0,1345,run42
1,evil,d,1,1385,run42
1,love,a,1,1385,run42
1,agony,d,1,1385,run42
1,hurt,d,1,1335,run42
1,pleasure,a,1,1435,run42
1,joy,a,1,1335,run42
1,good,a,1,1385,run42
1,nasty,d,1,1435,run42
2,black4,a,0,1385,run42
2,white3,d,0,1385,run42
2,white4,a,1,1385,run42
2,black1,d,1,1385,run42
2,black5,d,1,1335,run42
2,white1,a,1,1435,run42
2,white5,a,1,1335,run42
2,white2,a,1,1385,run42
2,black3,d,1,1435,run42
2,black2,d,1,1335,run42
3,black5,d,1,1385,run42
3,nasty,d,1,1385,run42
3,good,a,1,1435,run42
3,black4,d,1,1385,run42
3,love,a,1,1385,run42
3,joy,a,1,1335,run42
3,hurt,d,1,1435,run42
3,black3,d,1,1335,run42
3,evil,d,1,1385,run42
3,white2,a,1,1435,run42
3,bad,d,1,1385,run42
3,agony,d,1,1335,run42
3,happy,a,1,1435,run42
3,white4,a,1,1335,run42
3,white3,a,1,1385,run42
3,pleasure,a,1,1385,run42
3,white5,a,1,1385,run42
3,black1,d,1,1435,run42
3,white1,a,1,1385,run42
3,black2,d,1,1385,run42
4,block4,w,0,625,run42
5,white5,a,0,1445,run42
5,black5,d,0,1345,run42
5,white3,d,1,1335,run42
5,white4,d,1,1385,run42
5,black1,a,1,1435,run42
5,black2,a,1,1335,run42
5,white2,d,1,1435,run42
5,black3,a,1,1385,run42
5,white1,d,1,1385,run42
5,black4,a,1,1385,run42
6,joy,a,1,1335,run42
6,black2,a,1,1385,run42
6,white2,d,1,1435,run42
6,happy,a,1,1385,run42
6,nasty,d,1,1385,run42
6,black3,a,1,1385,run42
6,white3,d,1,1385,run42
6,black1,a,1,1385,run42
6,black4,a,1,1335,run42
6,pleasure,a,1,1385,run42
6,white1,d,1,1435,run42
6,bad,d,1,1335,run42
6,hurt,d,1,1385,run42
6,love,a,1,1435,run42
6,black5,a,1,1335,run42
6,agony,d,1,1435,run42
6,white4,d,1,1335,run42
6,evil,d,1,1385,run42
6,good,a,1,1435,run42
6,white5,d,1,1385,run42
1,joy,d,0,1545,run43
1,good,a,1,1345,run43
1,happy,a,1,1335,run43
1,agony,a,0,1385,run43
1,pleasure,a,1,1385,run43
1,love,a,1,1385,run43
1,evil,d,1,1435,run43
1,bad,d,1,1335,run43
1,hurt,d,1,1385,run43
1,nasty,d,1,1385,run43
2,white2,d,0,1385,run43
2,white3,a,1,1435,run43
2,black3,a,0,1335,run43
2,white5,a,1,1385,run43
2,black2,d,1,1435,run43
2,white4,a,1,1385,run43
2,black1,d,1,1385,run43
2,black5,d,1,1335,run43
2,white1,a,1,1435,run43
2,black4,d,1,1385,run43
3,hurt,d,1,1335,run43
3,black3,d,1,1385,run43
3,pleasure,a,1,1435,run43
3,happy,a,1,1335,run43
3,black5,d,1,1435,run43
3,bad,d,1,1335,run43
3,black4,d,1,1385,run43
3,evil,d,1,1385,run43
3,joy,a,1,1435,run43
3,black2,d,1,1385,run43
3,white2,a,1,1385,run43
3,agony,d,1,1385,run43
3,white3,a,1,1385,run43
3,white1,a,1,1335,run43
3,good,a,1,1385,run43
3,black1,d,1,1435,run43
3,white5,a,1,1385,run43
3,nasty,d,1,1385,run43
3,love,a,1,1385,run43
3,white4,a,1,1335,run43
4,block4,w,0,675,run43
5,white1,a,0,1445,run43
5,black3,d,0,1345,run43
5,black2,a,1,1385,run43
5,white2,d,1,1385,run43
5,black5,a,1,1385,run43
5,white4,d,1,1385,run43
5,black4,a,1,1385,run43
5,black1,a,1,1335,run43
5,white3,d,1,1435,run43
5,white5,d,1,1335,run43
6,white4,d,1,1385,run43
6,evil,d,1,1385,run43
6,white2,d,1,1385,run43
6,white1,d,1,1385,run43
6,black4,a,1,1435,run43
6,black5,a,1,1335,run43
6,white3,d,1,1435,run43
6,hurt,d,1,1335,run43
6,joy,a,1,1435,run43
6,black2,a,1,1335,run43
6,love,a,1,1385,run43
6,nasty,d,1,1435,run43
6,pleasure,a,1,1385,run43
6,black3,a,1,1335,run43
6,happy,a,1,1385,run43
6,agony,d,1,1435,run43
6,black1,a,1,1385,run43
6,white5,d,1,1385,run43
6,bad,d,1,1335,run43
6,good,a,1,1435,run43
1,pleasure,d,0,1545,run44
1,happy,a,1,1345,run44
1,good,a,1,1335,run44
1,joy,a,1,1385,run44
1,hurt,a,0,1385,run44
1,nasty,d,1,1435,run44
1,bad,d,1,1335,run44
1,agony,d,1,1385,run44
1,evil,d,1,1385,run44
1,love,a,1,1435,run44
2,white2,d,0,1385,run44
2,black5,a,0,1385,run44
2,black3,d,1,1385,run44
2,black2,d,1,1335,run44
2,white1,a,1,1435,run44
2,white5,a,1,1335,run44
2,black1,d,1,1435,run44
2,white3,a,1,1385,run44
2,black4,d,1,1385,run44
2,white4,a,1,1385,run44
3,white3,a,1,1335,run44
3,black2,d,1,1435,run44
3,black3,d,1,1335,run44
3,white2,a,1,1435,run44
3,black5,d,1,1385,run44
3,white4,a,1,1385,run44
3,happy,a,1,1335,run44
3,white5,a,1,1385,run44
3,black1,d,1,1435,run44
3,nasty,d,1,1335,run44
3,hurt,d,1,1385,run44
3,black4,d,1,1385,run44
3,evil,d,1,1385,run44
3,pleasure,a,1,1435,run44
3,good,a,1,1335,run44
3,agony,d,1,1435,run44
3,white1,a,1,1385,run44
3,love,a,1,1335,run44
3,bad,d,1,1435,run44
3,joy,a,1,1385,run44
4,block4,w,0,625,run44
5,white5,a,0,1445,run44
5,white3,d,1,1345,run44
5,black1,d,0,1335,run44
5,white1,d,1,1385,run44
5,white2,d,1,1385,run44
5,white4,d,1,1385,run44
5,black2,a,1,1435,run44
5,black5,a,1,1335,run44
5,black4,a,1,1385,run44
5,black3,a,1,1385,run44
6,nasty,d,1,1435,run44
6,black3,a,1,1385,run44
6,hurt,d,1,1385,run44
6,black4,a,1,1385,run44
6,joy,a,1,1335,run44
6,pleasure,a,1,1385,run44
6,white3,d,1,1435,run44
6,agony,d,1,1335,run44
6,black2,a,1,1435,run44
6,bad,d,1,1385,run44
6,evil,d,1,1335,run44
6,black5,a,1,1435,run44
6,white4,d,1,1385,run44
6,white2,d,1,1335,run44
6,love,a,1,1435,run44
6,white5,d,1,1385,run44
6,good,a,1,1385,run44
6,happy,a,1,1335,run44
6,black1,a,1,1385,run44
6,white1,d,1,1435,run44
1,bad,a,0,1545,run45
1,nasty,d,1,1345,run45
1,pleasure,d,0,1335,run45
1,joy,a,1,1435,run45
1,hurt,d,1,1385,run45
1,happy,a,1,1385,run45
1,evil,d,1,1385,run45
1,agony,d,1,1335,run45
1,love,a,1,1435,run45
1,good,a,1,1335,run45
2,white3,d,0,1435,run45
2,black1,a,0,1385,run45
2,black5,d,1,1385,run45
2,black3,d,1,1335,run45
2,white2,a,1,1435,run45
2,black4,d,1,1385,run45
2,white1,a,1,1385,run45
2,white4,a,1,1335,run45
2,black2,d,1,1435,run45
2,white5,a,1,1385,run45
3,black1,d,1,1385,run45
3,white4,a,1,1385,run45
3,black2,d,1,1385,run45
3,love,a,1,1385,run45
3,happy,a,1,1335,run45
3,white5,a,1,1385,run45
3,agony,d,1,1435,run45
3,hurt,d,1,1335,run45
3,joy,a,1,1435,run45
3,black3,d,1,1385,run45
3,bad,d,1,1335,run45
3,nasty,d,1,1385,run45
3,white2,a,1,1435,run45
3,pleasure,a,1,1335,run45
3,black5,d,1,1435,run45
3,black4,d,1,1335,run45
3,good,a,1,1435,run45
3,white3,a,1,1335,run45
3,white1,a,1,1385,run45
3,evil,d,1,1435,run45
4,block4,w,0,625,run45
5,white1,a,0,1445,run45
5,white4,d,1,1345,run45
5,white2,d,1,1335,run45
5,black2,d,0,1385,run45
5,black5,a,1,1435,run45
5,black1,a,1,1335,run45
5,white3,d,1,1435,run45
5,black3,a,1,1385,run45
5,black4,a,1,1335,run45
5,white5,d,1,1435,run45
6,black5,a,1,1385,run45
6,bad,d,1,1385,run45
6,joy,a,1,1385,run45
6,pleasure,a,1,1335,run45
6,happy,a,1,1385,run45
6,nasty,d,1,1435,run45
6,evil,d,1,1335,run45
6,black3,a,1,1435,run45
6,white3,d,1,1385,run45
6,good,a,1,1385,run45
6,black2,a,1,1335,run45
6,white4,d,1,1435,run45
6,agony,d,1,1335,run45
6,black1,a,1,1435,run45
6,hurt,d,1,1385,run45
6,white2,d,1,1335,run45
6,love,a,1,1435,run45
6,white5,d,1,1385,run45
6,white1,d,1,1335,run45
6,black4,a,1,1435,run45
1,good,d,0,1545,run46
1,agony,a,0,1345,run46
1,joy,a,1,1335,run46
1,evil,d,1,1435,run46
1,pleasure,a,1,1385,run46
1,bad,d,1,1385,run46
1,love,a,1,1385,run46
1,hurt,d,1,1385,run46
1,happy,a,1,1385,run46
1,nasty,d,1,1385,run46
2,black3,a,0,1385,run46
2,white2,d,0,1385,run46
2,white3,a,1,1385,run46
2,black4,d,1,1385,run46
2,white5,a,1,1385,run46
2,black1,d,1,1385,run46
2,black2,d,1,1335,run46
2,white4,a,1,1435,run46
2,white1,a,1,1335,run46
2,black5,d,1,1435,run46
3,love,a,1,1385,run46
3,black2,d,1,1385,run46
3,hurt,d,1,1335,run46
3,white5,a,1,1435,run46
3,pleasure,a,1,1335,run46
3,good,a,1,1385,run46
3,white1,a,1,1385,run46
3,black4,d,1,1435,run46
3,bad,d,1,1335,run46
3,happy,a,1,1435,run46
3,evil,d,1,1385,run46
3,nasty,d,1,1335,run46
3,white3,a,1,1435,run46
3,black1,d,1,1385,run46
3,black3,d,1,1335,run46
3,agony,d,1,1385,run46
3,white2,a,1,1435,run46
3,joy,a,1,1335,run46
3,white4,a,1,1385,run46
3,black5,d,1,1435,run46
4,block4,w,0,625,run46
5,white5,a,0,1445,run46
5,black2,d,0,1345,run46
5,black3,a,1,1385,run46
5,white3,d,1,1385,run46
5,white1,d,1,1335,run46
5,white4,d,1,1385,run46
5,black5,a,1,1435,run46
5,white2,d,1,1385,run46
5,black4,a,1,1385,run46
5,black1,a,1,1335,run46
6,white5,d,1,1435,run46
6,agony,d,1,1335,run46
6,black2,a,1,1435,run46
6,hurt,d,1,1385,run46
6,white3,d,1,1335,run46
6,pleasure,a,1,1435,run46
6,good,a,1,1335,run46
6,white1,d,1,1435,run46
6,joy,a,1,1385,run46
6,evil,d,1,1385,run46
6,white2,d,1,1335,run46
6,love,a,1,1435,run46
6,white4,d,1,1385,run46
6,black1,a,1,1385,run46
6,black5,a,1,1335,run46
6,black4,a,1,1385,run46
6,happy,a,1,1385,run46
6,black3,a,1,1385,run46
6,nasty,d,1,1435,run46
6,bad,d,1,1335,run46
1,hurt,a,0,1545,run47
1,love,d,0,1345,run47
1,joy,a,1,1385,run47
1,nasty,d,1,1385,run47
1,good,a,1,1385,run47
1,bad,d,1,1385,run47
1,pleasure,a,1,1385,run47
1,happy,a,1,1335,run47
1,evil,d,1,1435,run47
1,agony,d,1,1335,run47
2,white4,d,0,1385,run47
2,white5,a,1,1435,run47
2,black4,a,0,1335,run47
2,white3,a,1,1385,run47
2,white2,a,1,1385,run47
2,black5,d,1,1435,run47
2,black3,d,1,1335,run47
2,white1,a,1,1435,run47
2,black1,d,1,1385,run47
2,black2,d,1,1335,run47
3,nasty,d,1,1385,run47
3,black1,d,1,1385,run47
3,happy,a,1,1435,run47
3,agony,d,1,1385,run47
3,evil,d,1,1335,run47
3,white2,a,1,1435,run47
3,black2,d,1,1385,run47
3,hurt,d,1,1335,run47
3,black5,d,1,1385,run47
3,black4,d,1,1385,run47
3,white5,a,1,1435,run47
3,white3,a,1,1335,run47
3,good,a,1,1385,run47
3,white4,a,1,1385,run47
3,white1,a,1,1385,run47
3,bad,d,1,1435,run47
3,love,a,1,1385,run47
3,black3,d,1,1385,run47
3,pleasure,a,1,1385,run47
3,joy,a,1,1335,run47
4,block4,w,0,675,run47
5,white5,a,0,1445,run47
5,black5,d,0,1345,run47
5,white4,d,1,1335,run47
5,black3,a,1,1435,run47
5,white3,d,1,1385,run47
5,black2,a,1,1385,run47
5,black1,a,1,1335,run47
5,white1,d,1,1435,run47
5,white2,d,1,1335,run47
5,black4,a,1,1435,run47
6,black5,a,1,1335,run47
6,white1,d,1,1435,run47
6,white2,d,1,1335,run47
6,good,a,1,1435,run47
6,black2,a,1,1335,run47
6,happy,a,1,1385,run47
6,white4,d,1,1435,run47
6,pleasure,a,1,1385,run47
6,joy,a,1,1335,run47
6,black1,a,1,1385,run47
6,nasty,d,1,1435,run47
6,white5,d,1,1335,run47
6,love,a,1,1435,run47
6,agony,d,1,1385,run47
6,bad,d,1,1335,run47
6,black3,a,1,1435,run47
6,evil,d,1,1385,run47
6,hurt,d,1,1335,run47
6,black4,a,1,1435,run47
6,white3,d,1,1385,run47
1,love,d,0,1545,run48
1,evil,a,0,1345,run48
1,bad,d,1,1385,run48
1,happy,a,1,1385,run48
1,hurt,d,1,1385,run48
1,agony,d,1,1335,run48
1,nasty,d,1,1385,run48
1,pleasure,a,1,1435,run48
1,good,a,1,1335,run48
1,joy,a,1,1385,run48
2,white3,d,0,1435,run48
2,black3,a,0,1385,run48
2,white2,a,1,1335,run48
2,black5,d,1,1435,run48
2,black4,d,1,1335,run48
2,white5,a,1,1435,run48
2,black1,d,1,1385,run48
2,white1,a,1,1385,run48
2,black2,d,1,1385,run48
2,white4,a,1,1385,run48
3,white4,,0,0,run48
3,joy,a,1,1295,run48
3,black5,d,1,1435,run48
3,black2,d,1,1335,run48
3,bad,d,1,1385,run48
3,pleasure,a,1,1435,run48
3,black4,d,1,1385,run48
3,black1,d,1,1335,run48
3,white1,a,1,1435,run48
3,evil,d,1,1385,run48
3,agony,d,1,1335,run48
3,hurt,d,1,1385,run48
3,white2,a,1,1435,run48
3,nasty,d,1,1385,run48
3,happy,a,1,1385,run48
3,black3,d,1,1385,run48
3,good,a,1,1385,run48
3,white3,a,1,1335,run48
3,love,a,1,1385,run48
3,white5,a,1,1385,run48
4,block4,w,0,675,run48
5,black4,d,0,1445,run48
5,black3,a,1,1345,run48
5,white2,a,0,1335,run48
5,white3,d,1,1435,run48
5,black2,a,1,1385,run48
5,white4,d,1,1385,run48
5,white1,d,1,1335,run48
5,white5,d,1,1385,run48
5,black5,a,1,1435,run48
5,black1,a,1,1335,run48
6,bad,d,1,1435,run48
6,white2,d,1,1335,run48
6,good,a,1,1435,run48
6,joy,a,1,1335,run48
6,evil,d,1,1435,run48
6,white1,d,1,1335,run48
6,love,a,1,1435,run48
6,white4,d,1,1385,run48
6,nasty,d,1,1335,run48
6,happy,a,1,1435,run48
6,white3,d,1,1385,run48
6,hurt,d,1,1335,run48
6,black4,a,1,1435,run48
6,black5,a,1,1335,run48
6,agony,d,1,1435,run48
6,black2,a,1,1385,run48
6,white5,d,1,1385,run48
6,pleasure,a,1,1385,run48
6,black1,a,1,1335,run48
6,black3,a,1,1385,run48
1,pleasure,d,0,1545,run49
1,evil,a,0,1345,run49
1,love,a,1,1335,run49
1,joy,a,1,1385,run49
1,good,a,1,1385,run49
1,happy,a,1,1385,run49
1,hurt,d,1,1435,run49
1,agony,d,1,1335,run49
1,nasty,d,1,1385,run49
1,bad,d,1,1385,run49
2,black5,a,0,1435,run49
2,black4,d,1,1385,run49
2,black2,d,1,1335,run49
2,white4,d,0,1385,run49
2,white2,a,1,1435,run49
2,white1,a,1,1335,run49
2,black3,d,1,1435,run49
2,white3,a,1,1385,run49
2,white5,a,1,1335,run49
2,black1,d,1,1435,run49
3,white1,a,1,1385,run49
3,black2,d,1,1385,run49
3,bad,d,1,1335,run49
3,white4,a,1,1435,run49
3,joy,a,1,1335,run49
3,nasty,d,1,1435,run49
3,white5,a,1,1385,run49
3,black5,d,1,1385,run49
3,white2,a,1,1385,run49
3,agony,d,1,1385,run49
3,evil,d,1,1335,run49
3,white3,a,1,1435,run49
3,hurt,d,1,1385,run49
3,good,a,1,1385,run49
3,pleasure,a,1,1335,run49
3,happy,a,1,1385,run49
3,black3,d,1,1435,run49
3,black1,d,1,1335,run49
3,black4,d,1,1385,run49
3,love,a,1,1435,run49
4,block4,w,0,625,run49
5,white1,a,0,1445,run49
5,black4,d,0,1345,run49
5,white2,d,1,1335,run49
5,white3,d,1,1385,run49
5,black2,a,1,1435,run49
5,black3,a,1,1335,run49
5,black1,a,1,1385,run49
5,white4,d,1,1435,run49
5,white5,d,1,1335,run49
5,black5,a,1,1435,run49
6,white2,d,1,1385,run49
6,white4,d,1,1335,run49
6,love,a,1,1435,run49
6,pleasure,a,1,1335,run49
6,good,a,1,1385,run49
6,white5,d,1,1435,run49
6,white1,d,1,1335,run49
6,bad,d,1,1385,run49
6,evil,d,1,1385,run49
6,nasty,d,1,1385,run49
6,black1,a,1,1435,run49
6,joy,a,1,1335,run49
6,black4,a,1,1385,run49
6,black2,a,1,1385,run49
6,agony,d,1,1435,run49
6,hurt,d,1,1335,run49
6,black3,a,1,1435,run49
6,happy,a,1,1335,run49
6,black5,a,1,1385,run49
6,white3,d,1,1435,run49
1,joy,d,0,1545,run50
1,good,a,1,1345,run50
1,nasty,a,0,1335,run50
1,happy,a,1,1385,run50
1,pleasure,a,1,1385,run50
1,evil,d,1,1435,run50
1,agony,d,1,1335,run50
1,love,a,1,1435,run50
1,bad,d,1,1385,run50
1,hurt,d,1,1335,run50
2,white1,d,0,1385,run50
2,black2,a,0,1435,run50
2,black3,d,1,1385,run50
2,white3,a,1,1385,run50
2,black4,d,1,1385,run50
2,white2,a,1,1385,run50
2,black5,d,1,1385,run50
2,white4,a,1,1385,run50
2,white5,a,1,1335,run50
2,black1,d,1,1435,run50
3,hurt,d,1,1335,run50
3,black3,d,1,1385,run50
3,white3,a,1,1435,run50
3,agony,d,1,1385,run50
3,black4,d,1,1335,run50
3,nasty,d,1,1385,run50
3,white4,a,1,1435,run50
3,white5,a,1,1335,run50
3,evil,d,1,1435,run50
3,black2,d,1,1335,run50
3,good,a,1,1435,run50
3,pleasure,a,1,1335,run50
3,love,a,1,1385,run50
3,white2,a,1,1385,run50
3,black1,d,1,1435,run50
3,bad,d,1,1335,run50
3,white1,a,1,1435,run50
3,black5,d,1,1385,run50
3,happy,a,1,1385,run50
3,joy,a,1,1335,run50
4,block4,w,0,675,run50
5,white1,a,0,1445,run50
5,white5,d,1,1345,run50
5,black1,d,0,1335,run50
5,white2,d,1,1385,run50
5,white4,d,1,1385,run50
5,black4,a,1,1435,run50
5,black3,a,1,1335,run50
5,white3,d,1,1435,run50
5,black5,a,1,1385,run50
5,black2,a,1,1335,run50
6,happy,a,1,1385,run50
6,white1,d,1,1435,run50
6,agony,d,1,1335,run50
6,black4,a,1,1435,run50
6,joy,a,1,1335,run50
6,pleasure,a,1,1385,run50
6,black3,a,1,1385,run50
6,black1,a,1,1385,run50
6,good,a,1,1385,run50
6,white3,d,1,1435,run50
6,love,a,1,1385,run50
6,nasty,d,1,1385,run50
6,white4,d,1,1335,run50
6,black5,a,1,1435,run50
6,white5,d,1,1385,run50
6,evil,d,1,1335,run50
6,bad,d,1,1385,run50
6,white2,d,1,1385,run50
6,black2,a,1,1435,run50
6,hurt,d,1,1385,run50
1,nasty,a,0,1545,run51
1,love,d,0,1345,run51
1,bad,d,1,1335,run51
1,happy,a,1,1435,run51
1,good,a,1,1335,run51
1,pleasure,a,1,1385,run51
1,hurt,d,1,1435,run51
1,agony,d,1,1335,run51
1,evil,d,1,1385,run51
1,joy,a,1,1435,run51
2,black5,a,0,1335,run51
2,black2,d,1,1435,run51
2,black1,d,1,1335,run51
2,white5,d,0,1385,run51
2,black4,d,1,1385,run51
2,white4,a,1,1435,run51
2,black3,d,1,1385,run51
2,white3,a,1,1385,run51
2,white1,a,1,1335,run51
2,white2,a,1,1385,run51
3,black5,d,1,1435,run51
3,black2,d,1,1335,run51
3,white2,a,1,1435,run51
3,black3,d,1,1385,run51
3,evil,d,1,1335,run51
3,happy,a,1,1435,run51
3,bad,d,1,1385,run51
3,white5,a,1,1385,run51
3,agony,d,1,1385,run51
3,joy,a,1,1385,run51
3,pleasure,a,1,1335,run51
3,white1,a,1,1385,run51
3,white3,a,1,1385,run51
3,good,a,1,1385,run51
3,hurt,d,1,1435,run51
3,nasty,d,1,1335,run51
3,love,a,1,1435,run51
3,black4,d,1,1385,run51
3,black1,d,1,1335,run51
3,white4,a,1,1435,run51
4,block4,w,0,625,run51
5,white3,a,0,1445,run51
5,black2,d,0,1345,run51
5,black5,a,1,1385,run51
5,white2,d,1,1385,run51
5,white4,d,1,1335,run51
5,black3,a,1,1435,run51
5,white1,d,1,1385,run51
5,white5,d,1,1335,run51
5,black4,a,1,1435,run51
5,black1,a,1,1335,run51
6,black4,a,1,1385,run51
6,black5,a,1,1385,run51
6,pleasure,a,1,1385,run51
6,white1,d,1,1435,run51
6,black2,a,1,1385,run51
6,joy,a,1,1335,run51
6,love,a,1,1385,run51
6,white3,d,1,1435,run51
6,good,a,1,1385,run51
6,evil,d,1,1385,run51
6,happy,a,1,1385,run51
6,agony,d,1,1385,run51
6,black3,a,1,1385,run51
6,black1,a,1,1335,run51
6,white2,d,1,1435,run51
6,hurt,d,1,1335,run51
6,nasty,d,1,1385,run51
6,white4,d,1,1385,run51
6,bad,d,1,1385,run51
6,white5,d,1,1385,run51
1,pleasure,d,0,1545,run52
1,love,a,1,1345,run52
1,agony,a,0,1335,run52
1,happy,a,1,1385,run52
1,bad,d,1,1435,run52
1,hurt,d,1,1335,run52
1,joy,a,1,1435,run52
1,nasty,d,1,1385,run52
1,good,a,1,1385,run52
1,evil,d,1,1385,run52
2,black3,a,0,1385,run52
2,white3,d,0,1385,run52
2,white4,a,1,1385,run52
2,white1,a,1,1335,run52
2,black5,d,1,1435,run52
2,white5,a,1,1385,run52
2,white2,a,1,1335,run52
2,black1,d,1,1435,run52
2,black2,d,1,1335,run52
2,black4,d,1,1385,run52
3,white1,a,1,1435,run52
3,black1,d,1,1385,run52
3,pleasure,a,1,1385,run52
3,hurt,d,1,1385,run52
3,black4,d,1,1335,run52
3,love,a,1,1435,run52
3,bad,d,1,1385,run52
3,black3,d,1,1335,run52
3,black5,d,1,1385,run52
3,white4,a,1,1435,run52
3,happy,a,1,1335,run52
3,white3,a,1,1385,run52
3,evil,d,1,1435,run52
3,agony,d,1,1335,run52
3,white2,a,1,1435,run52
3,good,a,1,1335,run52
3,joy,a,1,1385,run52
3,nasty,d,1,1435,run52
3,black2,d,1,1335,run52
3,white5,a,1,1435,run52
4,block4,w,0,625,run52
5,black2,d,0,1445,run52
5,white1,a,0,1345,run52
5,black1,a,1,1335,run52
5,black4,a,1,1385,run52
5,black3,a,1,1385,run52
5,white2,d,1,1435,run52
5,white3,d,1,1335,run52
5,white4,d,1,1385,run52
5,black5,a,1,1435,run52
5,white5,d,1,1385,run52
6,happy,a,1,1385,run52
6,evil,d,1,1385,run52
6,white2,d,1,1335,run52
6,white4,d,1,1385,run52
6,agony,d,1,1385,run52
6,black5,a,1,1435,run52
6,black3,a,1,1335,run52
6,joy,a,1,1385,run52
6,black2,a,1,1385,run52
6,bad,d,1,1435,run52
6,love,a,1,1385,run52
6,white1,d,1,1385,run52
6,white3,d,1,1335,run52
6,good,a,1,1435,run52
6,pleasure,a,1,1335,run52
6,nasty,d,1,1435,run52
6,black1,a,1,1385,run52
6,hurt,d,1,1385,run52
6,white5,d,1,1335,run52
6,black4,a,1,1435,run52
1,evil,a,0,1545,run53
1,hurt,d,1,1345,run53
1,pleasure,d,0,1335,run53
1,good,a,1,1435,run53
1,bad,d,1,1385,run53
1,agony,d,1,1335,run53
1,happy,a,1,1435,run53
1,nasty,d,1,1385,run53
1,love,a,1,1385,run53
1,joy,a,1,1335,run53
2,white2,d,0,1435,run53
2,black5,a,0,1385,run53
2,black2,d,1,1385,run53
2,white1,a,1,1385,run53
2,white5,a,1,1335,run53
2,white4,a,1,1385,run53
2,black4,d,1,1435,run53
2,white3,a,1,1385,run53
2,black3,d,1,1385,run53
2,black1,d,1,1335,run53
3,evil,d,1,1385,run53
3,joy,a,1,1435,run53
3,white3,a,1,1335,run53
3,nasty,d,1,1435,run53
3,happy,a,1,1385,run53
3,hurt,d,1,1385,run53
3,black4,d,1,1335,run53
3,black3,d,1,1385,run53
3,good,a,1,1435,run53
3,white5,a,1,1335,run53
3,agony,d,1,1435,run53
3,bad,d,1,1335,run53
3,white2,a,1,1435,run53
3,black2,d,1,1385,run53
3,pleasure,a,1,1385,run53
3,white4,a,1,1335,run53
3,white1,a,1,1385,run53
3,black1,d,1,1435,run53
3,black5,d,1,1335,run53
3,love,a,1,1435,run53
4,block4,w,0,625,run53
5,white5,a,0,1445,run53
5,black4,d,0,1345,run53
5,black3,a,1,1385,run53
5,white2,d,1,1385,run53
5,black5,a,1,1385,run53
5,white1,d,1,1385,run53
5,black1,a,1,1385,run53
5,black2,a,1,1335,run53
5,white4,d,1,1435,run53
5,white3,d,1,1335,run53
6,love,a,1,1435,run53
6,black3,a,1,1335,run53
6,nasty,d,1,1435,run53
6,joy,a,1,1385,run53
6,bad,d,1,1385,run53
6,happy,a,1,1385,run53
6,black1,a,1,1335,run53
6,good,a,1,1385,run53
6,hurt,d,1,1435,run53
6,evil,d,1,1335,run53
6,white4,d,1,1385,run53
6,pleasure,a,1,1435,run53
6,black5,a,1,1335,run53
6,black2,a,1,1385,run53
6,white5,d,1,1435,run53
6,agony,d,1,1335,run53
6,white2,d,1,1385,run53
6,black4,a,1,1435,run53
6,white1,d,1,1385,run53
6,white3,d,1,1335,run53
1,happy,d,0,1545,run54
1,pleasure,a,1,1345,run54
1,love,a,1,1335,run54
1,bad,a,0,1385,run54
1,good,a,1,1385,run54
1,evil,d,1,1435,run54
1,nasty,d,1,1335,run54
1,joy,a,1,1435,run54
1,hurt,d,1,1385,run54
1,agony,d,1,1335,run54
2,white4,d,0,1385,run54
2,black1,a,0,1435,run54
2,black3,d,1,1385,run54
2,black2,d,1,1335,run54
2,white3,a,1,1435,run54
2,white2,a,1,1335,run54
2,black4,d,1,1435,run54
2,black5,d,1,1335,run54
2,white1,a,1,1435,run54
2,white5,a,1,1335,run54
3,black5,d,1,1435,run54
3,black3,d,1,1335,run54
3,white1,a,1,1435,run54
3,evil,d,1,1385,run54
3,love,a,1,1385,run54
3,joy,a,1,1335,run54
3,black2,d,1,1435,run54
3,black1,d,1,1335,run54
3,black4,d,1,1385,run54
3,nasty,d,1,1385,run54
3,good,a,1,1435,run54
3,white5,a,1,1335,run54
3,hurt,d,1,1435,run54
3,white2,a,1,1385,run54
3,bad,d,1,1385,run54
3,agony,d,1,1335,run54
3,happy,a,1,1435,run54
3,pleasure,a,1,1335,run54
3,white4,a,1,1385,run54
3,white3,a,1,1385,run54
4,block4,w,0,675,run54
5,white2,a,0,1445,run54
5,white4,d,1,1345,run54
5,white1,d,1,1335,run54
5,black1,d,0,1385,run54
5,black5,a,1,1435,run54
5,white3,d,1,1385,run54
5,black3,a,1,1385,run54
5,white5,d,1,1385,run54
5,black4,a,1,1385,run54
5,black2,a,1,1335,run54
6,happy,a,1,1385,run54
6,agony,d,1,1435,run54
6,joy,a,1,1385,run54
6,white5,d,1,1385,run54
6,bad,d,1,1335,run54
6,black1,a,1,1435,run54
6,good,a,1,1335,run54
6,nasty,d,1,1435,run54
6,black2,a,1,1385,run54
6,hurt,d,1,1385,run54
6,pleasure,a,1,1385,run54
6,evil,d,1,1385,run54
6,black3,a,1,1385,run54
6,love,a,1,1335,run54
6,black5,a,1,1385,run54
6,white3,d,1,1435,run54
6,white4,d,1,1335,run54
6,white1,d,1,1385,run54
6,black4,a,1,1435,run54
6,white2,d,1,1385,run54
1,pleasure,d,0,1545,run55
1,hurt,a,0,1345,run55
1,agony,d,1,1385,run55
1,good,a,1,1385,run55
1,love,a,1,1335,run55
1,happy,a,1,1385,run55
1,bad,d,1,1435,run55
1,evil,d,1,1335,run55
1,joy,a,1,1435,run55
1,nasty,d,1,1385,run55
2,white1,d,0,1335,run55
2,black3,a,0,1435,run55
2,black1,d,1,1385,run55
2,white4,a,1,1385,run55
2,black2,d,1,1385,run55
2,black5,d,1,1335,run55
2,white5,a,1,1435,run55
2,white2,a,1,1335,run55
2,black4,d,1,1435,run55
2,white3,a,1,1385,run55
3,black4,d,1,1385,run55
3,evil,d,1,1335,run55
3,white5,a,1,1435,run55
3,joy,a,1,1335,run55
3,white3,a,1,1385,run55
3,black1,d,1,1435,run55
3,hurt,d,1,1335,run55
3,white1,a,1,1435,run55
3,good,a,1,1335,run55
3,nasty,d,1,1435,run55
3,love,a,1,1385,run55
3,white2,a,1,1335,run55
3,black5,d,1,1435,run55
3,white4,a,1,1385,run55
3,bad,d,1,1385,run55
3,happy,a,1,1385,run55
3,black2,d,1,1385,run55
3,pleasure,a,1,1385,run55
3,agony,d,1,1385,run55
3,black3,d,1,1335,run55
4,block4,w,0,675,run55
5,black1,d,0,1445,run55
5,white2,a,0,1345,run55
5,white4,d,1,1385,run55
5,white3,d,1,1335,run55
5,black3,a,1,1435,run55
5,white1,d,1,1385,run55
5,black4,a,1,1385,run55
5,white5,d,1,1385,run55
5,black2,a,1,1385,run55
5,black5,a,1,1335,run55
6,black1,a,1,1385,run55
6,white2,d,1,1435,run55
6,black3,a,1,1385,run55
6,love,a,1,1335,run55
6,white4,d,1,1435,run55
6,good,a,1,1385,run55
6,agony,d,1,1385,run55
6,hurt,d,1,1335,run55
6,happy,a,1,1435,run55
6,joy,a,1,1335,run55
6,white3,d,1,1435,run55
6,black4,a,1,1385,run55
6,bad,d,1,1385,run55
6,nasty,d,1,1335,run55
6,evil,d,1,1385,run55
6,white1,d,1,1385,run55
6,black2,a,1,1435,run55
6,white5,d,1,1385,run55
6,pleasure,a,1,1385,run55
6,black5,a,1,1335,run55
1,evil,a,0,1545,run56
1,nasty,d,1,1345,run56
1,good,d,0,1335,run56
1,love,a,1,1435,run56
1,hurt,d,1,1385,run56
1,bad,d,1,1335,run56
1,joy,a,1,1435,run56
1,happy,a,1,1335,run56
1,agony,d,1,1435,run56
1,pleasure,a,1,1385,run56
2,black5,a,0,1335,run56
2,black3,d,1,1435,run56
2,black1,d,1,1335,run56
2,white3,d,0,1385,run56
2,white2,a,1,1435,run56
2,white5,a,1,1335,run56
2,white1,a,1,1385,run56
2,white4,a,1,1385,run56
2,black4,d,1,1435,run56
2,black2,d,1,1335,run56
3,white2,a,1,1435,run56
3,happy,a,1,1335,run56
3,bad,d,1,1435,run56
3,black1,d,1,1335,run56
3,black3,d,1,1385,run56
3,white4,a,1,1435,run56
3,pleasure,a,1,1335,run56
3,white1,a,1,1385,run56
3,good,a,1,1385,run56
3,white3,a,1,1385,run56
3,love,a,1,1385,run56
3,black5,d,1,1435,run56
3,white5,a,1,1385,run56
3,evil,d,1,1385,run56
3,black4,d,1,1335,run56
3,agony,d,1,1385,run56
3,nasty,d,1,1385,run56
3,black2,d,1,1385,run56
3,joy,a,1,1435,run56
3,hurt,d,1,1385,run56
4,block4,w,0,625,run56
5,white4,a,0,1445,run56
5,black2,d,0,1345,run56
5,black4,a,1,1385,run56
5,black3,a,1,1335,run56
5,white3,d,1,1435,run56
5,white2,d,1,1335,run56
5,black1,a,1,1435,run56
5,white1,d,1,1385,run56
5,white5,d,1,1335,run56
5,black5,a,1,1435,run56
6,black1,a,1,1335,run56
6,black2,a,1,1385,run56
6,happy,a,1,1385,run56
6,joy,a,1,1385,run56
6,evil,d,1,1435,run56
6,black4,a,1,1385,run56
6,pleasure,a,1,1335,run56
6,love,a,1,1385,run56
6,black5,a,1,1385,run56
6,white1,d,1,1435,run56
6,hurt,d,1,1335,run56
6,black3,a,1,1435,run56
6,white3,d,1,1385,run56
6,bad,d,1,1335,run56
6,good,a,1,1435,run56
6,agony,d,1,1385,run56
6,white2,d,1,1335,run56
6,white4,d,1,1385,run56
6,white5,d,1,1385,run56
6,nasty,d,1,1385,run56
1,hurt,a,0,1545,run57
1,pleasure,d,0,1345,run57
1,joy,a,1,1385,run57
1,evil,d,1,1385,run57
1,love,a,1,1385,run57
1,good,a,1,1335,run57
1,agony,d,1,1435,run57
1,happy,a,1,1385,run57
1,nasty,d,1,1385,run57
1,bad,d,1,1335,run57
2,white1,d,0,1385,run57
2,white2,a,1,1435,run57
2,white5,a,1,1335,run57
2,white4,a,1,1385,run57
2,black3,a,0,1385,run57
2,black2,d,1,1435,run57
2,black4,d,1,1335,run57
2,black5,d,1,1385,run57
2,black1,d,1,1385,run57
2,white3,a,1,1435,run57
3,black3,d,1,1385,run57
3,agony,d,1,1335,run57
3,love,a,1,1435,run57
3,pleasure,a,1,1335,run57
3,nasty,d,1,1435,run57
3,good,a,1,1385,run57
3,joy,a,1,1335,run57
3,black4,d,1,1435,run57
3,bad,d,1,1335,run57
3,black1,d,1,1385,run57
3,white2,a,1,1435,run57
3,evil,d,1,1385,run57
3,happy,a,1,1385,run57
3,white4,a,1,1335,run57
3,white3,a,1,1385,run57
3,hurt,d,1,1435,run57
3,black5,d,1,1335,run57
3,black2,d,1,1385,run57
3,white5,a,1,1435,run57
3,white1,a,1,1335,run57
4,block4,w,0,675,run57
5,black1,d,0,1445,run57
5,black2,a,1,1345,run57
5,white3,a,0,1335,run57
5,white2,d,1,1435,run57
5,white1,d,1,1335,run57
5,black3,a,1,1435,run57
5,black5,a,1,1335,run57
5,black4,a,1,1385,run57
5,white4,d,1,1435,run57
5,white5,d,1,1335,run57
6,hurt,d,1,1385,run57
6,white1,d,1,1385,run57
6,joy,a,1,1435,run57
6,black1,a,1,1335,run57
6,white5,d,1,1435,run57
6,happy,a,1,1385,run57
6,white4,d,1,1385,run57
6,black5,a,1,1385,run57
6,love,a,1,1335,run57
6,pleasure,a,1,1385,run57
6,good,a,1,1385,run57
6,nasty,d,1,1435,run57
6,black3,a,1,1385,run57
6,bad,d,1,1385,run57
6,agony,d,1,1335,run57
6,black2,a,1,1435,run57
6,black4,a,1,1335,run57
6,white2,d,1,1435,run57
6,white3,d,1,1335,run57
6,evil,d,1,1385,run57
1,happy,d,0,1545,run58
1,joy,a,1,1345,run58
1,nasty,a,0,1335,run58
1,love,a,1,1385,run58
1,bad,d,1,1435,run58
1,pleasure,a,1,1385,run58
1,hurt,d,1,1385,run58
1,good,a,1,1385,run58
1,agony,d,1,1385,run58
1,evil,d,1,1335,run58
2,black4,a,0,1435,run58
2,black3,d,1,1385,run58
2,white3,d,0,1335,run58
2,white1,a,1,1435,run58
2,black5,d,1,1385,run58
2,white4,a,1,1385,run58
2,white5,a,1,1335,run58
2,black1,d,1,1435,run58
2,white2,a,1,1385,run58
2,black2,d,1,1385,run58
3,black2,,0,0,run58
3,nasty,d,1,1295,run58
3,black1,d,1,1385,run58
3,white5,a,1,1435,run58
3,joy,a,1,1335,run58
3,bad,d,1,1435,run58
3,good,a,1,1385,run58
3,love,a,1,1335,run58
3,white3,a,1,1385,run58
3,white4,a,1,1385,run58
3,pleasure,a,1,1385,run58
3,hurt,d,1,1435,run58
3,evil,d,1,1335,run58
3,happy,a,1,1435,run58
3,black4,d,1,1385,run58
3,black3,d,1,1335,run58
3,white2,a,1,1435,run58
3,black5,d,1,1385,run58
3,agony,d,1,1335,run58
3,white1,a,1,1435,run58
4,block4,w,0,625,run58
5,white5,a,0,1445,run58
5,black2,d,0,1345,run58
5,black4,a,1,1385,run58
5,white1,d,1,1385,run58
5,black5,a,1,1385,run58
5,black1,a,1,1335,run58
5,white2,d,1,1435,run58
5,white3,d,1,1335,run58
5,white4,d,1,1385,run58
5,black3,a,1,1435,run58
6,white5,d,1,1385,run58
6,white4,d,1,1335,run58
6,love,a,1,1435,run58
6,bad,d,1,1385,run58
6,white3,d,1,1335,run58
6,black2,a,1,1435,run58
6,good,a,1,1335,run58
6,hurt,d,1,1435,run58
6,black5,a,1,1385,run58
6,black4,a,1,1335,run58
6,evil,d,1,1435,run58
6,white2,d,1,1335,run58
6,joy,a,1,1435,run58
6,pleasure,a,1,1335,run58
6,white1,d,1,1435,run58
6,happy,a,1,1385,run58
6,black1,a,1,1335,run58
6,black3,a,1,1385,run58
6,nasty,d,1,1435,run58
6,agony,d,1,1335,run58
1,pleasure,d,0,1545,run59
1,love,a,1,1345,run59
1,agony,a,0,1335,run59
1,bad,d,1,1435,run59
1,hurt,d,1,1335,run59
1,good,a,1,1435,run59
1,happy,a,1,1335,run59
1,nasty,d,1,1435,run59
1,evil,d,1,1335,run59
1,joy,a,1,1435,run59
2,white3,d,0,1385,run59
2,white1,a,1,1385,run59
2,black4,a,0,1335,run59
2,white2,a,1,1385,run59
2,white4,a,1,1385,run59
2,white5,a,1,1385,run59
2,black5,d,1,1435,run59
2,black3,d,1,1335,run59
2,black1,d,1,1385,run59
2,black2,d,1,1385,run59
3,agony,d,1,1385,run59
3,pleasure,a,1,1435,run59
3,white5,a,1,1335,run59
3,black2,d,1,1435,run59
3,bad,d,1,1335,run59
3,black1,d,1,1385,run59
3,joy,a,1,1435,run59
3,black4,d,1,1385,run59
3,white4,a,1,1385,run59
3,evil,d,1,1385,run59
3,black3,d,1,1335,run59
3,nasty,d,1,1385,run59
3,white1,a,1,1435,run59
3,love,a,1,1335,run59
3,hurt,d,1,1435,run59
3,happy,a,1,1385,run59
3,black5,d,1,1385,run59
3,good,a,1,1385,run59
3,white2,a,1,1335,run59
3,white3,a,1,1385,run59
4,block4,w,0,675,run59
5,white5,a,0,1445,run59
5,white1,d,1,1345,run59
5,black4,d,0,1335,run59
5,black2,a,1,1435,run59
5,white2,d,1,1385,run59
5,white3,d,1,1335,run59
5,black5,a,1,1435,run59
5,black1,a,1,1335,run59
5,black3,a,1,1385,run59
5,white4,d,1,1435,run59
6,joy,a,1,1385,run59
6,love,a,1,1335,run59
6,white1,d,1,1435,run59
6,white3,d,1,1335,run59
6,black5,a,1,1435,run59
6,white2,d,1,1385,run59
6,black3,a,1,1385,run59
6,agony,d,1,1385,run59
6,bad,d,1,1335,run59
6,hurt,d,1,1385,run59
6,good,a,1,1435,run59
6,black2,a,1,1335,run59
6,black4,a,1,1385,run59
6,evil,d,1,1435,run59
6,happy,a,1,1385,run59
6,white4,d,1,1385,run59
6,pleasure,a,1,1385,run59
6,black1,a,1,1335,run59
6,white5,d,1,1435,run59
6,nasty,d,1,1335,run59
1,hurt,a,0,1545,run60
1,bad,d,1,1345,run60
1,nasty,d,1,1335,run60
1,joy,d,0,1385,run60
1,pleasure,a,1,1435,run60
1,agony,d,1,1385,run60
1,evil,d,1,1335,run60
1,love,a,1,1435,run60
1,happy,a,1,1335,run60
1,good,a,1,1385,run60
2,black3,a,0,1385,run60
2,white1,d,0,1435,run60
2,black1,d,1,1335,run60
2,white2,a,1,1435,run60
2,black5,d,1,1385,run60
2,white5,a,1,1385,run60
2,white4,a,1,1335,run60
2,white3,a,1,1385,run60
2,black2,d,1,1435,run60
2,black4,d,1,1335,run60
3,happy,a,1,1435,run60
3,black4,d,1,1385,run60
3,good,a,1,1385,run60
3,white4,a,1,1335,run60
3,love,a,1,1385,run60
3,bad,d,1,1435,run60
3,agony,d,1,1335,run60
3,white2,a,1,1435,run60
3,white3,a,1,1335,run60
3,black1,d,1,1435,run60
3,white5,a,1,1385,run60
3,evil,d,1,1385,run60
3,pleasure,a,1,1385,run60
3,joy,a,1,1335,run60
3,hurt,d,1,1435,run60
3,black3,d,1,1335,run60
3,black2,d,1,1385,run60
3,black5,d,1,1385,run60
3,white1,a,1,1435,run60
3,nasty,d,1,1385,run60
4,block4,w,0,625,run60
5,white4,a,0,1445,run60
5,white5,d,1,1345,run60
5,white3,d,1,1335,run60
5,black4,d,0,1385,run60
5,black3,a,1,1435,run60
5,black2,a,1,1335,run60
5,black1,a,1,1385,run60
5,black5,a,1,1385,run60
5,white1,d,1,1435,run60
5,white2,d,1,1335,run60
6,white5,d,1,1385,run60
6,agony,d,1,1385,run60
6,black2,a,1,1435,run60
6,black1,a,1,1335,run60
6,hurt,d,1,1435,run60
6,evil,d,1,1335,run60
6,white2,d,1,1385,run60
6,pleasure,a,1,1435,run60
6,black3,a,1,1335,run60
6,black4,a,1,1385,run60
6,bad,d,1,1435,run60
6,white1,d,1,1335,run60
6,nasty,d,1,1385,run60
6,black5,a,1,1435,run60
6,love,a,1,1335,run60
6,white4,d,1,1435,run60
6,good,a,1,1385,run60
6,joy,a,1,1335,run60
6,white3,d,1,1435,run60
6,happy,a,1,1385,run60
1,agony,a,0,1545,run61
1,love,d,0,1345,run61
1,joy,a,1,1385,run61
1,happy,a,1,1335,run61
1,nasty,d,1,1435,run61
1,bad,d,1,1335,run61
1,pleasure,a,1,1435,run61
1,good,a,1,1335,run61
1,hurt,d,1,1435,run61
1,evil,d,1,1335,run61
2,black1,a,0,1435,run61
2,white5,d,0,1385,run61
2,black4,d,1,1335,run61
2,white1,a,1,1435,run61
2,black5,d,1,1385,run61
2,white3,a,1,1385,run61
2,white2,a,1,1335,run61
2,black3,d,1,1435,run61
2,white4,a,1,1385,run61
2,black2,d,1,1385,run61
3,evil,d,1,1335,run61
3,nasty,d,1,1385,run61
3,black1,d,1,1385,run61
3,black5,d,1,1385,run61
3,hurt,d,1,1385,run61
3,bad,d,1,1385,run61
3,agony,d,1,1385,run61
3,white5,a,1,1435,run61
3,white3,a,1,1335,run61
3,white2,a,1,1385,run61
3,love,a,1,1385,run61
3,black3,d,1,1435,run61
3,white1,a,1,1385,run61
3,black2,d,1,1385,run61
3,black4,d,1,1335,run61
3,joy,a,1,1435,run61
3,good,a,1,1335,run61
3,pleasure,a,1,1385,run61
3,white4,a,1,1385,run61
3,happy,a,1,1385,run61
4,block4,w,0,675,run61
5,black2,d,0,1445,run61
5,white1,a,0,1345,run61
5,black3,a,1,1335,run61
5,white3,d,1,1435,run61
5,black4,a,1,1385,run61
5,white4,d,1,1385,run61
5,white5,d,1,1335,run61
5,black1,a,1,1435,run61
5,white2,d,1,1385,run61
5,black5,a,1,1385,run61
6,black5,,0,0,run61
6,white1,d,1,1345,run61
6,good,a,1,1385,run61
6,agony,d,1,1385,run61
6,bad,d,1,1335,run61
6,white4,d,1,1385,run61
6,pleasure,a,1,1435,run61
6,happy,a,1,1335,run61
6,black3,a,1,1385,run61
6,black2,a,1,1385,run61
6,joy,a,1,1385,run61
6,white3,d,1,1435,run61
6,hurt,d,1,1335,run61
6,white5,d,1,1385,run61
6,white2,d,1,1385,run61
6,black4,a,1,1435,run61
6,nasty,d,1,1385,run61
6,love,a,1,1385,run61
6,black1,a,1,1335,run61
6,evil,d,1,1435,run61
1,joy,d,0,1545,run62
1,love,a,1,1345,run62
1,bad,a,0,1335,run62
1,good,a,1,1385,run62
1,nasty,d,1,1435,run62
1,hurt,d,1,1335,run62
1,pleasure,a,1,1435,run62
1,evil,d,1,1385,run62
1,agony,d,1,1335,run62
1,happy,a,1,1435,run62
2,black5,a,0,1335,run62
2,black3,d,1,1435,run62
2,white5,d,0,1335,run62
2,white4,a,1,1435,run62
2,white3,a,1,1335,run62
2,black2,d,1,1435,run62
2,white2,a,1,1385,run62
2,white1,a,1,1335,run62
2,black4,d,1,1435,run62
2,black1,d,1,1335,run62
3,bad,d,1,1385,run62
3,black1,d,1,1385,run62
3,black3,d,1,1385,run62
3,black2,d,1,1385,run62
3,agony,d,1,1385,run62
3,happy,a,1,1435,run62
3,joy,a,1,1335,run62
3,pleasure,a,1,1385,run62
3,white1,a,1,1385,run62
3,hurt,d,1,1435,run62
3,black4,d,1,1335,run62
3,white5,a,1,1435,run62
3,white4,a,1,1335,run62
3,black5,d,1,1435,run62
3,white2,a,1,1385,run62
3,love,a,1,1335,run62
3,evil,d,1,1435,run62
3,white3,a,1,1385,run62
3,nasty,d,1,1385,run62
3,good,a,1,1385,run62
4,block4,w,0,625,run62
5,black4,d,0,1445,run62
5,black5,a,1,1345,run62
5,black2,a,1,1335,run62
5,black1,a,1,1385,run62
5,white1,a,0,1385,run62
5,black3,a,1,1385,run62
5,white5,d,1,1435,run62
5,white2,d,1,1335,run62
5,white4,d,1,1385,run62
5,white3,d,1,1385,run62
6,white5,d,1,1385,run62
6,love,a,1,1435,run62
6,black2,a,1,1335,run62
6,happy,a,1,1385,run62
6,white1,d,1,1435,run62
6,good,a,1,1385,run62
6,evil,d,1,1385,run62
6,agony,d,1,1335,run62
6,joy,a,1,1435,run62
6,pleasure,a,1,1335,run62
6,white4,d,1,1435,run62
6,hurt,d,1,1335,run62
6,black3,a,1,1435,run62
6,black5,a,1,1335,run62
6,black4,a,1,1385,run62
6,black1,a,1,1385,run62
6,white3,d,1,1435,run62
6,nasty,d,1,1335,run62
6,bad,d,1,1385,run62
6,white2,d,1,1385,run62
1,evil,a,0,1545,run63
1,pleasure,d,0,1345,run63
1,happy,a,1,1385,run63
1,hurt,d,1,1385,run63
1,agony,d,1,1335,run63
1,love,a,1,1435,run63
1,bad,d,1,1385,run63
1,joy,a,1,1385,run63
1,nasty,d,1,1385,run63
1,good,a,1,1385,run63
2,black5,a,0,1335,run63
2,white2,d,0,1435,run63
2,black2,d,1,1335,run63
2,white3,a,1,1435,run63
2,black3,d,1,1385,run63
2,black4,d,1,1335,run63
2,white5,a,1,1435,run63
2,white1,a,1,1335,run63
2,black1,d,1,1435,run63
2,white4,a,1,1385,run63
3,joy,a,1,1335,run63
3,black1,d,1,1435,run63
3,white2,a,1,1385,run63
3,love,a,1,1335,run63
3,white4,a,1,1385,run63
3,bad,d,1,1435,run63
3,evil,d,1,1335,run63
3,white5,a,1,1435,run63
3,pleasure,a,1,1335,run63
3,black2,d,1,1435,run63
3,hurt,d,1,1335,run63
3,agony,d,1,1385,run63
3,black3,d,1,1385,run63
3,white3,a,1,1435,run63
3,nasty,d,1,1385,run63
3,black5,d,1,1335,run63
3,good,a,1,1435,run63
3,black4,d,1,1385,run63
3,happy,a,1,1385,run63
3,white1,a,1,1335,run63
4,block4,w,0,675,run63
5,white3,a,0,1445,run63
5,white5,d,1,1345,run63
5,white2,d,1,1335,run63
5,black2,d,0,1385,run63
5,white1,d,1,1385,run63
5,black4,a,1,1435,run63
5,white4,d,1,1385,run63
5,black3,a,1,1385,run63
5,black5,a,1,1335,run63
5,black1,a,1,1385,run63
6,bad,d,1,1435,run63
6,black3,a,1,1385,run63
6,black5,a,1,1335,run63
6,black4,a,1,1385,run63
6,evil,d,1,1435,run63
6,white2,d,1,1335,run63
6,white1,d,1,1385,run63
6,white5,d,1,1385,run63
6,love,a,1,1435,run63
6,white4,d,1,1385,run63
6,good,a,1,1385,run63
6,pleasure,a,1,1335,run63
6,agony,d,1,1435,run63
6,happy,a,1,1385,run63
6,nasty,d,1,1385,run63
6,hurt,d,1,1335,run63
6,black1,a,1,1435,run63
6,white3,d,1,1385,run63
6,joy,a,1,1385,run63
6,black2,a,1,1335,run63
1,nasty,a,0,1545,run64
1,pleasure,d,0,1345,run64
1,evil,d,1,1335,run64
1,hurt,d,1,1385,run64
1,happy,a,1,1435,run64
1,joy,a,1,1335,run64
1,agony,d,1,1435,run64
1,good,a,1,1385,run64
1,bad,d,1,1385,run64
1,love,a,1,1385,run64
2,white2,d,0,1385,run64
2,white5,a,1,1385,run64
2,black1,a,0,1335,run64
2,black2,d,1,1435,run64
2,white1,a,1,1385,run64
2,white3,a,1,1335,run64
2,black3,d,1,1435,run64
2,black5,d,1,1335,run64
2,black4,d,1,1385,run64
2,white4,a,1,1435,run64
3,black5,d,1,1385,run64
3,white3,a,1,1385,run64
3,hurt,d,1,1385,run64
3,white1,a,1,1385,run64
3,good,a,1,1335,run64
3,black1,d,1,1435,run64
3,agony,d,1,1335,run64
3,black4,d,1,1385,run64
3,evil,d,1,1385,run64
3,joy,a,1,1435,run64
3,happy,a,1,1335,run64
3,black3,d,1,1435,run64
3,black2,d,1,1335,run64
3,nasty,d,1,1385,run64
3,white4,a,1,1435,run64
3,pleasure,a,1,1335,run64
3,love,a,1,1385,run64
3,bad,d,1,1435,run64
3,white2,a,1,1385,run64
3,white5,a,1,1335,run64
4,block4,w,0,675,run64
5,white1,a,0,1445,run64
5,white5,d,1,1345,run64
5,black2,d,0,1335,run64
5,black5,a,1,1435,run64
5,white2,d,1,1385,run64
5,white3,d,1,1335,run64
5,black3,a,1,1435,run64
5,black4,a,1,1335,run64
5,black1,a,1,1385,run64
5,white4,d,1,1435,run64
6,black1,a,1,1385,run64
6,evil,d,1,1385,run64
6,love,a,1,1385,run64
6,good,a,1,1335,run64
6,nasty,d,1,1435,run64
6,white5,d,1,1335,run64
6,white1,d,1,1385,run64
6,white4,d,1,1385,run64
6,black2,a,1,1435,run64
6,happy,a,1,1335,run64
6,pleasure,a,1,1385,run64
6,white2,d,1,1435,run64
6,hurt,d,1,1335,run64
6,agony,d,1,1385,run64
6,bad,d,1,1385,run64
6,black5,a,1,1435,run64
6,joy,a,1,1335,run64
6,black4,a,1,1385,run64
6,black3,a,1,1385,run64
6,white3,d,1,1435,run64
1,evil,a,0,1545,run65
1,pleasure,d,0,1345,run65
1,hurt,d,1,1335,run65
1,happy,a,1,1435,run65
1,joy,a,1,1335,run65
1,nasty,d,1,1435,run65
1,agony,d,1,1335,run65
1,good,a,1,1435,run65
1,love,a,1,1335,run65
1,bad,d,1,1435,run65
2,white4,d,0,1335,run65
2,white5,a,1,1435,run65
2,white1,a,1,1335,run65
2,black4,a,0,1385,run65
2,white3,a,1,1385,run65
2,black1,d,1,1435,run65
2,black2,d,1,1335,run65
2,white2,a,1,1435,run65
2,black5,d,1,1385,run65
2,black3,d,1,1335,run65
3,white2,a,1,1435,run65
3,white5,a,1,1335,run65
3,bad,d,1,1435,run65
3,joy,a,1,1385,run65
3,hurt,d,1,1385,run65
3,black1,d,1,1335,run65
3,agony,d,1,1385,run65
3,pleasure,a,1,1435,run65
3,white4,a,1,1335,run65
3,black2,d,1,1435,run65
3,happy,a,1,1385,run65
3,black3,d,1,1385,run65
3,good,a,1,1385,run65
3,love,a,1,1335,run65
3,white1,a,1,1385,run65
3,black4,d,1,1435,run65
3,white3,a,1,1385,run65
3,nasty,d,1,1385,run65
3,black5,d,1,1335,run65
3,evil,d,1,1385,run65
4,block4,w,0,675,run65
5,black3,d,0,1445,run65
5,black1,a,1,1345,run65
5,black5,a,1,1335,run65
5,white4,a,0,1385,run65
5,white3,d,1,1435,run65
5,white2,d,1,1335,run65
5,white5,d,1,1385,run65
5,black4,a,1,1435,run65
5,white1,d,1,1385,run65
5,black2,a,1,1385,run65
6,black3,a,1,1335,run65
6,pleasure,a,1,1385,run65
6,black5,a,1,1385,run65
6,hurt,d,1,1435,run65
6,evil,d,1,1335,run65
6,black2,a,1,1435,run65
6,black1,a,1,1335,run65
6,good,a,1,1385,run65
6,nasty,d,1,1435,run65
6,agony,d,1,1335,run65
6,bad,d,1,1385,run65
6,white1,d,1,1385,run65
6,love,a,1,1435,run65
6,white4,d,1,1385,run65
6,white3,d,1,1335,run65
6,happy,a,1,1435,run65
6,black4,a,1,1335,run65
6,white2,d,1,1435,run65
6,joy,a,1,1385,run65
6,white5,d,1,1385,run65
1,happy,d,0,1545,run66
1,pleasure,a,1,1345,run66
1,agony,a,0,1335,run66
1,hurt,d,1,1435,run66
1,nasty,d,1,1335,run66
1,evil,d,1,1385,run66
1,bad,d,1,1385,run66
1,love,a,1,1435,run66
1,good,a,1,1335,run66
1,joy,a,1,1385,run66
2,black4,a,0,1385,run66
2,white4,d,0,1435,run66
2,black2,d,1,1335,run66
2,white5,a,1,1435,run66
2,white2,a,1,1335,run66
2,white1,a,1,1385,run66
2,white3,a,1,1385,run66
2,black3,d,1,1435,run66
2,black1,d,1,1335,run66
2,black5,d,1,1385,run66
3,evil,d,1,1385,run66
3,pleasure,a,1,1435,run66
3,bad,d,1,1385,run66
3,nasty,d,1,1335,run66
3,love,a,1,1435,run66
3,happy,a,1,1335,run66
3,white1,a,1,1385,run66
3,white4,a,1,1385,run66
3,agony,d,1,1435,run66
3,joy,a,1,1385,run66
3,white5,a,1,1335,run66
3,black1,d,1,1435,run66
3,black3,d,1,1335,run66
3,black2,d,1,1385,run66
3,good,a,1,1435,run66
3,black5,d,1,1385,run66
3,white3,a,1,1385,run66
3,black4,d,1,1385,run66
3,hurt,d,1,1335,run66
3,white2,a,1,1435,run66
4,block4,w,0,625,run66
5,white4,a,0,1445,run66
5,white1,d,1,1345,run66
5,white5,d,1,1335,run66
5,black4,d,0,1385,run66
5,black3,a,1,1435,run66
5,white2,d,1,1385,run66
5,black5,a,1,1385,run66
5,white3,d,1,1385,run66
5,black2,a,1,1385,run66
5,black1,a,1,1335,run66
6,white4,d,1,1435,run66
6,white1,d,1,1335,run66
6,joy,a,1,1435,run66
6,nasty,d,1,1385,run66
6,black1,a,1,1385,run66
6,black3,a,1,1335,run66
6,agony,d,1,1435,run66
6,black5,a,1,1385,run66
6,black4,a,1,1335,run66
6,bad,d,1,1435,run66
6,pleasure,a,1,1385,run66
6,white3,d,1,1385,run66
6,good,a,1,1385,run66
6,happy,a,1,1335,run66
6,evil,d,1,1435,run66
6,love,a,1,1385,run66
6,white5,d,1,1385,run66
6,black2,a,1,1385,run66
6,white2,d,1,1385,run66
6,hurt,d,1,1335,run66
1,hurt,a,0,1545,run67
1,love,d,0,1345,run67
1,nasty,d,1,1335,run67
1,pleasure,a,1,1435,run67
1,joy,a,1,1335,run67
1,evil,d,1,1435,run67
1,bad,d,1,1335,run67
1,good,a,1,1435,run67
1,happy,a,1,1335,run67
1,agony,d,1,1435,run67
2,black3,a,0,1385,run67
2,white1,d,0,1385,run67
2,black2,d,1,1335,run67
2,white5,a,1,1435,run67
2,white2,a,1,1335,run67
2,black4,d,1,1435,run67
2,white3,a,1,1385,run67
2,white4,a,1,1335,run67
2,black5,d,1,1435,run67
2,black1,d,1,1335,run67
3,love,a,1,1435,run67
3,white4,a,1,1335,run67
3,white2,a,1,1385,run67
3,black4,d,1,1435,run67
3,happy,a,1,1385,run67
3,white5,a,1,1335,run67
3,black2,d,1,1435,run67
3,evil,d,1,1335,run67
3,black5,d,1,1385,run67
3,white3,a,1,1435,run67
3,bad,d,1,1385,run67
3,hurt,d,1,1335,run67
3,joy,a,1,1435,run67
3,pleasure,a,1,1335,run67
3,black3,d,1,1435,run67
3,black1,d,1,1335,run67
3,nasty,d,1,1385,run67
3,agony,d,1,1385,run67
3,white1,a,1,1435,run67
3,good,a,1,1335,run67
4,block4,w,0,675,run67
5,white4,a,0,1445,run67
5,white3,d,1,1345,run67
5,black2,d,0,1335,run67
5,white1,d,1,1385,run67
5,white5,d,1,1385,run67
5,black1,a,1,1435,run67
5,black4,a,1,1335,run67
5,black3,a,1,1385,run67
5,white2,d,1,1435,run67
5,black5,a,1,1385,run67
6,black5,,0,0,run67
6,pleasure,a,1,1295,run67
6,good,a,1,1385,run67
6,white5,d,1,1435,run67
6,agony,d,1,1335,run67
6,black2,a,1,1435,run67
6,white4,d,1,1385,run67
6,white3,d,1,1335,run67
6,nasty,d,1,1385,run67
6,hurt,d,1,1385,run67
6,white1,d,1,1385,run67
6,happy,a,1,1435,run67
6,white2,d,1,1385,run67
6,black1,a,1,1385,run67
6,bad,d,1,1385,run67
6,evil,d,1,1335,run67
6,joy,a,1,1435,run67
6,black3,a,1,1335,run67
6,black4,a,1,1385,run67
6,love,a,1,1385,run67
1,hurt,a,0,1545,run68
1,bad,d,1,1345,run68
1,good,d,0,1335,run68
1,love,a,1,1435,run68
1,nasty,d,1,1385,run68
1,happy,a,1,1385,run68
1,evil,d,1,1385,run68
1,joy,a,1,1385,run68
1,pleasure,a,1,1335,run68
1,agony,d,1,1435,run68
2,white3,d,0,1335,run68
2,black2,a,0,1435,run68
2,white1,a,1,1335,run68
2,white2,a,1,1385,run68
2,black5,d,1,1435,run68
2,black4,d,1,1335,run68
2,black3,d,1,1385,run68
2,white4,a,1,1435,run68
2,black1,d,1,1385,run68
2,white5,a,1,1385,run68
3,nasty,d,1,1385,run68
3,black2,d,1,1335,run68
3,white4,a,1,1435,run68
3,black1,d,1,1385,run68
3,hurt,d,1,1335,run68
3,black4,d,1,1385,run68
3,agony,d,1,1385,run68
3,happy,a,1,1435,run68
3,white1,a,1,1335,run68
3,pleasure,a,1,1385,run68
3,love,a,1,1385,run68
3,evil,d,1,1435,run68
3,black5,d,1,1335,run68
3,bad,d,1,1385,run68
3,good,a,1,1435,run68
3,white5,a,1,1335,run68
3,white3,a,1,1385,run68
3,black3,d,1,1435,run68
3,white2,a,1,1385,run68
3,joy,a,1,1335,run68
4,block4,w,0,675,run68
5,black4,d,0,1445,run68
5,white4,a,0,1345,run68
5,black5,a,1,1335,run68
5,black3,a,1,1385,run68
5,white2,d,1,1435,run68
5,black1,a,1,1385,run68
5,white1,d,1,1385,run68
5,white5,d,1,1335,run68
5,white3,d,1,1385,run68
5,black2,a,1,1435,run68
6,nasty,d,1,1385,run68
6,white2,d,1,1335,run68
6,black2,a,1,1435,run68
6,evil,d,1,1385,run68
6,black3,a,1,1385,run68
6,white5,d,1,1385,run68
6,black5,a,1,1385,run68
6,white4,d,1,1385,run68
6,good,a,1,1385,run68
6,hurt,d,1,1385,run68
6,black4,a,1,1385,run68
6,white3,d,1,1385,run68
6,love,a,1,1385,run68
6,happy,a,1,1335,run68
6,white1,d,1,1435,run68
6,black1,a,1,1385,run68
6,pleasure,a,1,1335,run68
6,agony,d,1,1435,run68
6,joy,a,1,1385,run68
6,bad,d,1,1385,run68
1,hurt,a,0,1545,run69
1,bad,d,1,1345,run69
1,evil,d,1,1335,run69
1,nasty,d,1,1385,run69
1,agony,d,1,1385,run69
1,pleasure,d,0,1385,run69
1,good,a,1,1435,run69
1,joy,a,1,1335,run69
1,love,a,1,1385,run69
1,happy,a,1,1385,run69
2,white3,d,0,1435,run69
2,black3,a,0,1385,run69
2,black2,d,1,1385,run69
2,white1,a,1,1385,run69
2,black4,d,1,1385,run69
2,black5,d,1,1335,run69
2,black1,d,1,1385,run69
2,white4,a,1,1435,run69
2,white5,a,1,1335,run69
2,white2,a,1,1385,run69
3,black3,d,1,1435,run69
3,nasty,d,1,1335,run69
3,black4,d,1,1385,run69
3,black5,d,1,1385,run69
3,white3,a,1,1435,run69
3,joy,a,1,1335,run69
3,happy,a,1,1385,run69
3,white1,a,1,1385,run69
3,black1,d,1,1435,run69
3,hurt,d,1,1335,run69
3,white5,a,1,1435,run69
3,good,a,1,1335,run69
3,agony,d,1,1435,run69
3,bad,d,1,1335,run69
3,white2,a,1,1435,run69
3,love,a,1,1335,run69
3,pleasure,a,1,1385,run69
3,black2,d,1,1435,run69
3,white4,a,1,1385,run69
3,evil,d,1,1385,run69
4,block4,w,0,625,run69
5,black5,d,0,1445,run69
5,white4,a,0,1345,run69
5,white5,d,1,1385,run69
5,white2,d,1,1335,run69
5,black1,a,1,1435,run69
5,white1,d,1,1385,run69
5,white3,d,1,1335,run69
5,black3,a,1,1435,run69
5,black4,a,1,1335,run69
5,black2,a,1,1385,run69
6,white3,d,1,1435,run69
6,love,a,1,1385,run69
6,white1,d,1,1385,run69
6,black1,a,1,1385,run69
6,nasty,d,1,1385,run69
6,good,a,1,1385,run69
6,black3,a,1,1335,run69
6,black4,a,1,1385,run69
6,hurt,d,1,1435,run69
6,happy,a,1,1385,run69
6,white2,d,1,1385,run69
6,agony,d,1,1335,run69
6,black2,a,1,1435,run69
6,pleasure,a,1,1335,run69
6,white4,d,1,1435,run69
6,black5,a,1,1385,run69
6,evil,d,1,1385,run69
6,bad,d,1,1335,run69
6,white5,d,1,1385,run69
6,joy,a,1,1435,run69
1,evil,a,0,1545,run70
1,nasty,d,1,1345,run70
1,bad,d,1,1335,run70
1,happy,d,0,1385,run70
1,good,a,1,1435,run70
1,agony,d,1,1385,run70
1,love,a,1,1385,run70
1,joy,a,1,1335,run70
1,pleasure,a,1,1385,run70
1,hurt,d,1,1435,run70
2,white1,d,0,1335,run70
2,black3,a,0,1435,run70
2,black4,d,1,1385,run70
2,black1,d,1,1335,run70
2,black2,d,1,1385,run70
2,white3,a,1,1435,run70
2,white5,a,1,1335,run70
2,black5,d,1,1435,run70
2,white4,a,1,1385,run70
2,white2,a,1,1335,run70
3,evil,d,1,1435,run70
3,black5,d,1,1335,run70
3,good,a,1,1435,run70
3,hurt,d,1,1385,run70
3,white1,a,1,1385,run70
3,white4,a,1,1335,run70
3,black3,d,1,1435,run70
3,joy,a,1,1385,run70
3,nasty,d,1,1385,run70
3,bad,d,1,1335,run70
3,white2,a,1,1435,run70
3,pleasure,a,1,1335,run70
3,black2,d,1,1435,run70
3,black1,d,1,1335,run70
3,happy,a,1,1435,run70
3,white5,a,1,1335,run70
3,love,a,1,1385,run70
3,black4,d,1,1435,run70
3,agony,d,1,1335,run70
3,white3,a,1,1435,run70
4,block4,w,0,625,run70
5,black2,d,0,1445,run70
5,black5,a,1,1345,run70
5,black1,a,1,1335,run70
5,white2,a,0,1385,run70
5,white3,d,1,1435,run70
5,black3,a,1,1385,run70
5,white4,d,1,1385,run70
5,white5,d,1,1335,run70
5,black4,a,1,1435,run70
5,white1,d,1,1385,run70
6,white3,d,1,1335,run70
6,white2,d,1,1385,run70
6,black4,a,1,1435,run70
6,joy,a,1,1335,run70
6,hurt,d,1,1435,run70
6,agony,d,1,1335,run70
6,love,a,1,1435,run70
6,white4,d,1,1385,run70
6,white5,d,1,1335,run70
6,happy,a,1,1435,run70
6,nasty,d,1,1385,run70
6,black5,a,1,1385,run70
6,black2,a,1,1335,run70
6,good,a,1,1385,run70
6,bad,d,1,1435,run70
6,white1,d,1,1335,run70
6,black1,a,1,1435,run70
6,black3,a,1,1335,run70
6,pleasure,a,1,1385,run70
6,evil,d,1,1435,run70
1,bad,a,0,1545,run71
1,hurt,d,1,1345,run71
1,agony,d,1,1335,run71
1,happy,d,0,1385,run71
1,good,a,1,1435,run71
1,love,a,1,1335,run71
1,pleasure,a,1,1385,run71
1,nasty,d,1,1435,run71
1,joy,a,1,1385,run71
1,evil,d,1,1385,run71
2,black1,a,0,1385,run71
2,black3,d,1,1385,run71
2,white3,d,0,1335,run71
2,white1,a,1,1435,run71
2,black4,d,1,1385,run71
2,black2,d,1,1335,run71
2,black5,d,1,1385,run71
2,white2,a,1,1435,run71
2,white4,a,1,1335,run71
2,white5,a,1,1385,run71
3,love,a,1,1385,run71
3,black5,d,1,1435,run71
3,bad,d,1,1335,run71
3,joy,a,1,1435,run71
3,black4,d,1,1385,run71
3,white3,a,1,1385,run71
3,white4,a,1,1335,run71
3,white2,a,1,1385,run71
3,black1,d,1,1435,run71
3,nasty,d,1,1335,run71
3,agony,d,1,1385,run71
3,pleasure,a,1,1435,run71
3,white5,a,1,1335,run71
3,black3,d,1,1435,run71
3,hurt,d,1,1335,run71
3,good,a,1,1435,run71
3,white1,a,1,1335,run71
3,evil,d,1,1435,run71
3,black2,d,1,1335,run71
3,happy,a,1,1435,run71
4,block4,w,0,625,run71
5,white4,a,0,1445,run71
5,black2,d,0,1345,run71
5,black1,a,1,1385,run71
5,black3,a,1,1335,run71
5,white1,d,1,1435,run71
5,white5,d,1,1335,run71
5,white3,d,1,1385,run71
5,black5,a,1,1435,run71
5,black4,a,1,1335,run71
5,white2,d,1,1435,run71
6,white5,d,1,1335,run71
6,agony,d,1,1385,run71
6,pleasure,a,1,1435,run71
6,white4,d,1,1385,run71
6,black5,a,1,1385,run71
6,joy,a,1,1335,run71
6,good,a,1,1385,run71
6,bad,d,1,1435,run71
6,hurt,d,1,1335,run71
6,nasty,d,1,1385,run71
6,happy,a,1,1435,run71
6,love,a,1,1335,run71
6,white2,d,1,1435,run71
6,black2,a,1,1385,run71
6,black3,a,1,1335,run71
6,white1,d,1,1435,run71
6,evil,d,1,1335,run71
6,black1,a,1,1435,run71
6,white3,d,1,1385,run71
6,black4,a,1,1385,run71
1,good,d,0,1545,run72
1,hurt,a,0,1345,run72
1,evil,d,1,1385,run72
1,happy,a,1,1385,run72
1,joy,a,1,1335,run72
1,pleasure,a,1,1385,run72
1,nasty,d,1,1435,run72
1,bad,d,1,1335,run72
1,agony,d,1,1385,run72
1,love,a,1,1435,run72
2,black2,a,0,1335,run72
2,black4,d,1,1435,run72
2,black3,d,1,1335,run72
2,black5,d,1,1385,run72
2,black1,d,1,1385,run72
2,white1,d,0,1385,run72
2,white4,a,1,1435,run72
2,white3,a,1,1335,run72
2,white5,a,1,1385,run72
2,white2,a,1,1385,run72
3,bad,d,1,1435,run72
3,white1,a,1,1385,run72
3,white4,a,1,1335,run72
3,happy,a,1,1385,run72
3,agony,d,1,1435,run72
3,pleasure,a,1,1385,run72
3,evil,d,1,1385,run72
3,joy,a,1,1385,run72
3,white2,a,1,1335,run72
3,good,a,1,1385,run72
3,white3,a,1,1385,run72
3,white5,a,1,1385,run72
3,hurt,d,1,1435,run72
3,black2,d,1,1335,run72
3,black1,d,1,1385,run72
3,black5,d,1,1385,run72
3,nasty,d,1,1385,run72
3,love,a,1,1435,run72
3,black4,d,1,1385,run72
3,black3,d,1,1335,run72
4,block4,w,0,675,run72
5,black4,d,0,1445,run72
5,white3,a,0,1345,run72
5,white1,d,1,1385,run72
5,black2,a,1,1385,run72
5,black3,a,1,1335,run72
5,white2,d,1,1435,run72
5,white4,d,1,1335,run72
5,black5,a,1,1435,run72
5,white5,d,1,1385,run72
5,black1,a,1,1385,run72
6,evil,d,1,1385,run72
6,white4,d,1,1335,run72
6,agony,d,1,1385,run72
6,good,a,1,1435,run72
6,nasty,d,1,1385,run72
6,love,a,1,1385,run72
6,black4,a,1,1335,run72
6,black5,a,1,1385,run72
6,black1,a,1,1385,run72
6,hurt,d,1,1435,run72
6,white1,d,1,1335,run72
6,black2,a,1,1435,run72
6,pleasure,a,1,1335,run72
6,happy,a,1,1385,run72
6,joy,a,1,1385,run72
6,white3,d,1,1435,run72
6,black3,a,1,1385,run72
6,white2,d,1,1385,run72
6,bad,d,1,1335,run72
6,white5,d,1,1385,run72
1,nasty,a,0,1545,run73
1,love,d,0,1345,run73
1,agony,d,1,1335,run73
1,pleasure,a,1,1435,run73
1,evil,d,1,1385,run73
1,bad,d,1,1335,run73
1,happy,a,1,1435,run73
1,hurt,d,1,1385,run73
1,good,a,1,1385,run73
1,joy,a,1,1335,run73
2,white1,d,0,1435,run73
2,black2,a,0,1385,run73
2,black4,d,1,1385,run73
2,black5,d,1,1335,run73
2,white3,a,1,1435,run73
2,black1,d,1,1385,run73
2,white4,a,1,1385,run73
2,white5,a,1,1335,run73
2,white2,a,1,1385,run73
2,black3,d,1,1435,run73
3,good,a,1,1385,run73
3,white2,a,1,1335,run73
3,pleasure,a,1,1385,run73
3,black5,d,1,1435,run73
3,nasty,d,1,1335,run73
3,evil,d,1,1385,run73
3,black4,d,1,1385,run73
3,happy,a,1,1435,run73
3,black1,d,1,1385,run73
3,black3,d,1,1335,run73
3,love,a,1,1435,run73
3,joy,a,1,1335,run73
3,white1,a,1,1385,run73
3,white4,a,1,1385,run73
3,white5,a,1,1385,run73
3,bad,d,1,1435,run73
3,black2,d,1,1335,run73
3,white3,a,1,1435,run73
3,hurt,d,1,1385,run73
3,agony,d,1,1335,run73
4,block4,w,0,675,run73
5,white5,a,0,1445,run73
5,white3,d,1,1345,run73
5,black4,d,0,1335,run73
5,white2,d,1,1385,run73
5,white4,d,1,1385,run73
5,black1,a,1,1435,run73
5,white1,d,1,1385,run73
5,black5,a,1,1385,run73
5,black3,a,1,1335,run73
5,black2,a,1,1385,run73
6,agony,d,1,1435,run73
6,black4,a,1,1385,run73
6,black2,a,1,1335,run73
6,white5,d,1,1435,run73
6,white3,d,1,1335,run73
6,happy,a,1,1435,run73
6,bad,d,1,1385,run73
6,white2,d,1,1335,run73
6,black3,a,1,1435,run73
6,white4,d,1,1385,run73
6,hurt,d,1,1335,run73
6,love,a,1,1435,run73
6,black5,a,1,1335,run73
6,black1,a,1,1385,run73
6,evil,d,1,1435,run73
6,pleasure,a,1,1385,run73
6,good,a,1,1335,run73
6,nasty,d,1,1435,run73
6,joy,a,1,1385,run73
6,white1,d,1,1385,run73
1,joy,d,0,1545,run74
1,happy,a,1,1345,run74
1,agony,a,0,1335,run74
1,hurt,d,1,1435,run74
1,good,a,1,1385,run74
1,nasty,d,1,1385,run74
1,bad,d,1,1335,run74
1,love,a,1,1435,run74
1,pleasure,a,1,1335,run74
1,evil,d,1,1435,run74
2,black5,a,0,1385,run74
2,black1,d,1,1385,run74
2,white5,d,0,1335,run74
2,white3,a,1,1435,run74
2,white4,a,1,1335,run74
2,black2,d,1,1435,run74
2,black3,d,1,1335,run74
2,black4,d,1,1385,run74
2,white2,a,1,1435,run74
2,white1,a,1,1335,run74
3,hurt,d,1,1435,run74
3,happy,a,1,1385,run74
3,pleasure,a,1,1335,run74
3,love,a,1,1385,run74
3,agony,d,1,1435,run74
3,white2,a,1,1385,run74
3,white4,a,1,1335,run74
3,nasty,d,1,1435,run74
3,evil,d,1,1335,run74
3,white3,a,1,1435,run74
3,good,a,1,1335,run74
3,black2,d,1,1435,run74
3,black4,d,1,1335,run74
3,black1,d,1,1385,run74
3,joy,a,1,1435,run74
3,white1,a,1,1335,run74
3,white5,a,1,1385,run74
3,black5,d,1,1435,run74
3,bad,d,1,1335,run74
3,black3,d,1,1385,run74
4,block4,w,0,675,run74
5,white2,a,0,1445,run74
5,black3,d,0,1345,run74
5,black1,a,1,1385,run74
5,black2,a,1,1335,run74
5,black4,a,1,1385,run74
5,white1,d,1,1435,run74
5,white5,d,1,1335,run74
5,white4,d,1,1385,run74
5,white3,d,1,1385,run74
5,black5,a,1,1435,run74
6,happy,a,1,1335,run74
6,black4,a,1,1385,run74
6,white4,d,1,1435,run74
6,nasty,d,1,1335,run74
6,black2,a,1,1435,run74
6,white5,d,1,1385,run74
6,black3,a,1,1385,run74
6,white2,d,1,1385,run74
6,white3,d,1,1335,run74
6,black5,a,1,1435,run74
6,joy,a,1,1335,run74
6,love,a,1,1385,run74
6,black1,a,1,1385,run74
6,white1,d,1,1435,run74
6,evil,d,1,1335,run74
6,hurt,d,1,1385,run74
6,agony,d,1,1385,run74
6,pleasure,a,1,1435,run74
6,good,a,1,1335,run74
6,bad,d,1,1435,run74
1,joy,d,0,1545,run75
1,pleasure,a,1,1345,run75
1,love,a,1,1335,run75
1,bad,a,0,1385,run75
1,evil,d,1,1435,run75
1,nasty,d,1,1335,run75
1,hurt,d,1,1385,run75
1,good,a,1,1435,run75
1,happy,a,1,1335,run75
1,agony,d,1,1435,run75
2,white1,d,0,1335,run75
2,black5,a,0,1435,run75
2,black2,d,1,1385,run75
2,black1,d,1,1335,run75
2,white5,a,1,1435,run75
2,white2,a,1,1335,run75
2,black4,d,1,1435,run75
2,white3,a,1,1385,run75
2,black3,d,1,1385,run75
2,white4,a,1,1385,run75
3,love,a,1,1335,run75
3,happy,a,1,1385,run75
3,good,a,1,1385,run75
3,black3,d,1,1435,run75
3,black5,d,1,1335,run75
3,white4,a,1,1435,run75
3,hurt,d,1,1385,run75
3,white3,a,1,1385,run75
3,black2,d,1,1385,run75
3,agony,d,1,1335,run75
3,nasty,d,1,1385,run75
3,joy,a,1,1435,run75
3,evil,d,1,1385,run75
3,white2,a,1,1385,run75
3,black4,d,1,1385,run75
3,bad,d,1,1335,run75
3,black1,d,1,1385,run75
3,white1,a,1,1435,run75
3,pleasure,a,1,1335,run75
3,white5,a,1,1385,run75
4,block4,w,0,675,run75
5,white4,a,0,1445,run75
5,black4,d,0,1345,run75
5,black2,a,1,1385,run75
5,white3,d,1,1385,run75
5,white5,d,1,1335,run75
5,black3,a,1,1435,run75
5,black1,a,1,1335,run75
5,white2,d,1,1435,run75
5,white1,d,1,1335,run75
5,black5,a,1,1435,run75
6,black1,a,1,1335,run75
6,white4,d,1,1435,run75
6,black2,a,1,1385,run75
6,agony,d,1,1385,run75
6,black4,a,1,1385,run75
6,hurt,d,1,1385,run75
6,white3,d,1,1335,run75
6,white1,d,1,1385,run75
6,joy,a,1,1435,run75
6,love,a,1,1335,run75
6,white5,d,1,1435,run75
6,good,a,1,1385,run75
6,white2,d,1,1385,run75
6,bad,d,1,1335,run75
6,nasty,d,1,1385,run75
6,pleasure,a,1,1435,run75
6,evil,d,1,1385,run75
6,happy,a,1,1385,run75
6,black5,a,1,1335,run75
6,black3,a,1,1385,run75
1,hurt,a,0,1545,run76
1,nasty,d,1,1345,run76
1,joy,d,0,1335,run76
1,evil,d,1,1385,run76
1,bad,d,1,1385,run76
1,good,a,1,1435,run76
1,love,a,1,1335,run76
1,agony,d,1,1435,run76
1,pleasure,a,1,1385,run76
1,happy,a,1,1335,run76
2,black1,a,0,1385,run76
2,white5,d,0,1435,run76
2,black4,d,1,1335,run76
2,white3,a,1,1435,run76
2,white1,a,1,1335,run76
2,white2,a,1,1385,run76
2,black2,d,1,1435,run76
2,black5,d,1,1335,run76
2,white4,a,1,1435,run76
2,black3,d,1,1385,run76
3,good,a,1,1385,run76
3,white2,a,1,1335,run76
3,happy,a,1,1385,run76
3,joy,a,1,1385,run76
3,bad,d,1,1435,run76
3,black4,d,1,1335,run76
3,black3,d,1,1385,run76
3,pleasure,a,1,1435,run76
3,white5,a,1,1335,run76
3,nasty,d,1,1435,run76
3,white4,a,1,1385,run76
3,white3,a,1,1335,run76
3,black2,d,1,1435,run76
3,hurt,d,1,1335,run76
3,black5,d,1,1385,run76
3,agony,d,1,1385,run76
3,black1,d,1,1385,run76
3,love,a,1,1435,run76
3,evil,d,1,1385,run76
3,white1,a,1,1385,run76
4,block4,w,0,625,run76
5,white2,a,0,1445,run76
5,white3,d,1,1345,run76
5,white1,d,1,1335,run76
5,black1,d,0,1385,run76
5,black5,a,1,1435,run76
5,white5,d,1,1385,run76
5,black4,a,1,1385,run76
5,black3,a,1,1335,run76
5,white4,d,1,1435,run76
5,black2,a,1,1385,run76
6,white5,d,1,1385,run76
6,happy,a,1,1385,run76
6,pleasure,a,1,1335,run76
6,black5,a,1,1385,run76
6,black2,a,1,1385,run76
6,white2,d,1,1435,run76
6,hurt,d,1,1335,run76
6,black1,a,1,1435,run76
6,nasty,d,1,1385,run76
6,white4,d,1,1335,run76
6,joy,a,1,1435,run76
6,black3,a,1,1335,run76
6,bad,d,1,1435,run76
6,evil,d,1,1335,run76
6,black4,a,1,1435,run76
6,agony,d,1,1385,run76
6,white3,d,1,1335,run76
6,good,a,1,1435,run76
6,love,a,1,1335,run76
6,white1,d,1,1435,run76
1,evil,a,0,1545,run77
1,bad,d,1,1345,run77
1,hurt,d,1,1335,run77
1,agony,d,1,1385,run77
1,good,d,0,1385,run77
1,nasty,d,1,1385,run77
1,joy,a,1,1435,run77
1,love,a,1,1335,run77
1,pleasure,a,1,1385,run77
1,happy,a,1,1385,run77
2,white2,d,0,1435,run77
2,black1,a,0,1385,run77
2,black2,d,1,1385,run77
2,white4,a,1,1385,run77
2,black5,d,1,1385,run77
2,white3,a,1,1385,run77
2,white1,a,1,1335,run77
2,black4,d,1,1435,run77
2,black3,d,1,1335,run77
2,white5,a,1,1435,run77
3,black3,d,1,1385,run77
3,happy,a,1,1385,run77
3,joy,a,1,1335,run77
3,white5,a,1,1385,run77
3,nasty,d,1,1435,run77
3,white1,a,1,1385,run77
3,hurt,d,1,1385,run77
3,agony,d,1,1335,run77
3,white2,a,1,1435,run77
3,white3,a,1,1335,run77
3,evil,d,1,1435,run77
3,bad,d,1,1335,run77
3,black1,d,1,1385,run77
3,black5,d,1,1385,run77
3,black2,d,1,1385,run77
3,white4,a,1,1435,run77
3,pleasure,a,1,1335,run77
3,black4,d,1,1435,run77
3,good,a,1,1385,run77
3,love,a,1,1335,run77
4,block4,w,0,675,run77
5,black2,d,0,1445,run77
5,white1,a,0,1345,run77
5,white2,d,1,1385,run77
5,white5,d,1,1335,run77
5,white4,d,1,1385,run77
5,black4,a,1,1435,run77
5,black3,a,1,1335,run77
5,black5,a,1,1385,run77
5,black1,a,1,1385,run77
5,white3,d,1,1435,run77
6,white1,d,1,1335,run77
6,white2,d,1,1385,run77
6,black4,a,1,1435,run77
6,agony,d,1,1385,run77
6,evil,d,1,1335,run77
6,black5,a,1,1435,run77
6,good,a,1,1335,run77
6,white5,d,1,1435,run77
6,white4,d,1,1335,run77
6,black3,a,1,1435,run77
6,pleasure,a,1,1335,run77
6,happy,a,1,1385,run77
6,black1,a,1,1385,run77
6,white3,d,1,1435,run77
6,hurt,d,1,1335,run77
6,nasty,d,1,1385,run77
6,love,a,1,1435,run77
6,black2,a,1,1335,run77
6,bad,d,1,1435,run77
6,joy,a,1,1385,run77
1,good,d,0,1545,run78
1,evil,a,0,1345,run78
1,bad,d,1,1385,run78
1,agony,d,1,1335,run78
1,nasty,d,1,1385,run78
1,hurt,d,1,1385,run78
1,love,a,1,1435,run78
1,pleasure,a,1,1335,run78
1,happy,a,1,1385,run78
1,joy,a,1,1385,run78
2,black1,a,0,1385,run78
2,white1,d,0,1435,run78
2,black5,d,1,1335,run78
2,white3,a,1,1435,run78
2,black4,d,1,1385,run78
2,black2,d,1,1335,run78
2,white5,a,1,1435,run78
2,black3,d,1,1385,run78
2,white2,a,1,1385,run78
2,white4,a,1,1335,run78
3,white5,a,1,1385,run78
3,black2,d,1,1435,run78
3,white2,a,1,1385,run78
3,good,a,1,1335,run78
3,bad,d,1,1435,run78
3,hurt,d,1,1335,run78
3,love,a,1,1435,run78
3,black5,d,1,1385,run78
3,joy,a,1,1385,run78
3,pleasure,a,1,1335,run78
3,happy,a,1,1385,run78
3,nasty,d,1,1435,run78
3,evil,d,1,1335,run78
3,black1,d,1,1385,run78
3,agony,d,1,1385,run78
3,white4,a,1,1435,run78
3,black4,d,1,1385,run78
3,black3,d,1,1335,run78
3,white1,a,1,1435,run78
3,white3,a,1,1335,run78
4,block4,w,0,675,run78
5,black3,d,0,1445,run78
5,black2,a,1,1345,run78
5,black4,a,1,1335,run78
5,white3,a,0,1385,run78
5,white2,d,1,1435,run78
5,white4,d,1,1335,run78
5,black1,a,1,1435,run78
5,white1,d,1,1385,run78
5,black5,a,1,1385,run78
5,white5,d,1,1385,run78
6,black1,a,1,1385,run78
6,nasty,d,1,1385,run78
6,agony,d,1,1335,run78
6,black4,a,1,1435,run78
6,pleasure,a,1,1335,run78
6,love,a,1,1385,run78
6,white3,d,1,1435,run78
6,white4,d,1,1335,run78
6,white2,d,1,1385,run78
6,joy,a,1,1435,run78
6,bad,d,1,1385,run78
6,happy,a,1,1385,run78
6,white1,d,1,1385,run78
6,black5,a,1,1385,run78
6,black2,a,1,1335,run78
6,good,a,1,1385,run78
6,white5,d,1,1435,run78
6,black3,a,1,1385,run78
6,evil,d,1,1385,run78
6,hurt,d,1,1335,run78
1,agony,a,0,1545,run79
1,hurt,d,1,1345,run79
1,good,d,0,1335,run79
1,love,a,1,1435,run79
1,joy,a,1,1335,run79
1,bad,d,1,1435,run79
1,nasty,d,1,1335,run79
1,pleasure,a,1,1435,run79
1,evil,d,1,1385,run79
1,happy,a,1,1385,run79
2,white5,d,0,1385,run79
2,black3,a,0,1385,run79
2,black5,d,1,1385,run79
2,white1,a,1,1385,run79
2,black2,d,1,1385,run79
2,black4,d,1,1335,run79
2,black1,d,1,1385,run79
2,white2,a,1,1435,run79
2,white3,a,1,1335,run79
2,white4,a,1,1385,run79
3,black1,d,1,1435,run79
3,white3,a,1,1385,run79
3,evil,d,1,1385,run79
3,joy,a,1,1385,run79
3,white2,a,1,1335,run79
3,love,a,1,1385,run79
3,black5,d,1,1435,run79
3,good,a,1,1385,run79
3,happy,a,1,1335,run79
3,white1,a,1,1385,run79
3,bad,d,1,1435,run79
3,hurt,d,1,1335,run79
3,white5,a,1,1435,run79
3,nasty,d,1,1385,run79
3,black3,d,1,1335,run79
3,black4,d,1,1385,run79
3,agony,d,1,1385,run79
3,pleasure,a,1,1435,run79
3,white4,a,1,1335,run79
3,black2,d,1,1435,run79
4,block4,w,0,625,run79
5,white3,a,0,1445,run79
5,white4,d,1,1345,run79
5,black1,d,0,1335,run79
5,black2,a,1,1435,run79
5,black5,a,1,1335,run79
5,black3,a,1,1385,run79
5,black4,a,1,1385,run79
5,white2,d,1,1435,run79
5,white1,d,1,1335,run79
5,white5,d,1,1385,run79
6,evil,d,1,1385,run79
6,black1,a,1,1435,run79
6,joy,a,1,1335,run79
6,black3,a,1,1385,run79
6,nasty,d,1,1435,run79
6,white5,d,1,1335,run79
6,happy,a,1,1435,run79
6,white2,d,1,1385,run79
6,white1,d,1,1335,run79
6,bad,d,1,1385,run79
6,black5,a,1,1435,run79
6,agony,d,1,1385,run79
6,white3,d,1,1335,run79
6,black4,a,1,1435,run79
6,white4,d,1,1385,run79
6,pleasure,a,1,1385,run79
6,good,a,1,1335,run79
6,love,a,1,1385,run79
6,hurt,d,1,1435,run79
6,black2,a,1,1385,run79
1,joy,d,0,1545,run80
1,nasty,a,0,1345,run80
1,pleasure,a,1,1335,run80
1,bad,d,1,1435,run80
1,evil,d,1,1335,run80
1,happy,a,1,1435,run80
1,good,a,1,1335,run80
1,agony,d,1,1435,run80
1,hurt,d,1,1335,run80
1,love,a,1,1435,run80
2,white4,d,0,1385,run80
2,black1,a,0,1385,run80
2,white3,a,1,1335,run80
2,black4,d,1,1435,run80
2,white2,a,1,1385,run80
2,white5,a,1,1335,run80
2,black5,d,1,1435,run80
2,white1,a,1,1385,run80
2,black3,d,1,1385,run80
2,black2,d,1,1335,run80
3,pleasure,a,1,1435,run80
3,joy,a,1,1335,run80
3,white2,a,1,1385,run80
3,white5,a,1,1385,run80
3,white3,a,1,1385,run80
3,white4,a,1,1385,run80
3,hurt,d,1,1435,run80
3,black3,d,1,1335,run80
3,white1,a,1,1435,run80
3,black5,d,1,1385,run80
3,agony,d,1,1335,run80
3,happy,a,1,1435,run80
3,evil,d,1,1385,run80
3,love,a,1,1385,run80
3,black1,d,1,1385,run80
3,bad,d,1,1335,run80
3,nasty,d,1,1385,run80
3,black2,d,1,1385,run80
3,black4,d,1,1385,run80
3,good,a,1,1435,run80
4,block4,w,0,625,run80
5,white5,a,0,1445,run80
5,white2,d,1,1345,run80
5,black2,d,0,1335,run80
5,black3,a,1,1435,run80
5,white4,d,1,1385,run80
5,black5,a,1,1385,run80
5,white1,d,1,1385,run80
5,black1,a,1,1385,run80
5,white3,d,1,1385,run80
5,black4,a,1,1385,run80
6,nasty,d,1,1385,run80
6,love,a,1,1385,run80
6,agony,d,1,1385,run80
6,black4,a,1,1385,run80
6,black5,a,1,1335,run80
6,good,a,1,1385,run80
6,white2,d,1,1435,run80
6,happy,a,1,1385,run80
6,black1,a,1,1335,run80
6,white4,d,1,1435,run80
6,evil,d,1,1335,run80
6,white1,d,1,1385,run80
6,black3,a,1,1435,run80
6,joy,a,1,1335,run80
6,black2,a,1,1385,run80
6,pleasure,a,1,1385,run80
6,white5,d,1,1435,run80
6,hurt,d,1,1335,run80
6,bad,d,1,1385,run80
6,white3,d,1,1385,run80
1,nasty,a,0,1545,run81
1,agony,d,1,1345,run81
1,happy,d,0,1335,run81
1,hurt,d,1,1385,run81
1,bad,d,1,1385,run81
1,joy,a,1,1435,run81
1,pleasure,a,1,1335,run81
1,love,a,1,1385,run81
1,good,a,1,1385,run81
1,evil,d,1,1435,run81
2,black5,a,0,1385,run81
2,black4,d,1,1385,run81
2,white1,d,0,1335,run81
2,black2,d,1,1385,run81
2,white2,a,1,1435,run81
2,black1,d,1,1385,run81
2,white5,a,1,1385,run81
2,white4,a,1,1335,run81
2,black3,d,1,1435,run81
2,white3,a,1,1385,run81
3,happy,a,1,1335,run81
3,agony,d,1,1435,run81
3,nasty,d,1,1335,run81
3,black4,d,1,1385,run81
3,pleasure,a,1,1435,run81
3,love,a,1,1335,run81
3,black5,d,1,1435,run81
3,white1,a,1,1385,run81
3,evil,d,1,1385,run81
3,hurt,d,1,1335,run81
3,white4,a,1,1435,run81
3,black1,d,1,1385,run81
3,white2,a,1,1385,run81
3,joy,a,1,1335,run81
3,bad,d,1,1435,run81
3,good,a,1,1385,run81
3,white5,a,1,1335,run81
3,white3,a,1,1385,run81
3,black3,d,1,1435,run81
3,black2,d,1,1335,run81
4,block4,w,0,675,run81
5,black1,d,0,1445,run81
5,black3,a,1,1345,run81
5,white2,a,0,1335,run81
5,white3,d,1,1435,run81
5,black5,a,1,1385,run81
5,white4,d,1,1385,run81
5,black4,a,1,1385,run81
5,white5,d,1,1385,run81
5,black2,a,1,1385,run81
5,white1,d,1,1385,run81
6,nasty,d,1,1335,run81
6,happy,a,1,1435,run81
6,pleasure,a,1,1335,run81
6,hurt,d,1,1435,run81
6,white4,d,1,1335,run81
6,black2,a,1,1435,run81
6,black4,a,1,1335,run81
6,good,a,1,1385,run81
6,agony,d,1,1435,run81
6,white1,d,1,1335,run81
6,evil,d,1,1385,run81
6,bad,d,1,1385,run81
6,white2,d,1,1385,run81
6,black3,a,1,1435,run81
6,joy,a,1,1335,run81
6,love,a,1,1385,run81
6,black1,a,1,1385,run81
6,white3,d,1,1435,run81
6,white5,d,1,1335,run81
6,black5,a,1,1435,run81
1,hurt,a,0,1545,run82
1,evil,d,1,1345,run82
1,happy,d,0,1335,run82
1,nasty,d,1,1385,run82
1,love,a,1,1435,run82
1,joy,a,1,1335,run82
1,good,a,1,1385,run82
1,pleasure,a,1,1385,run82
1,bad,d,1,1435,run82
1,agony,d,1,1335,run82
2,white5,d,0,1385,run82
2,white4,a,1,1435,run82
2,black4,a,0,1335,run82
2,white2,a,1,1385,run82
2,black3,d,1,1435,run82
2,black2,d,1,1335,run82
2,black1,d,1,1385,run82
2,black5,d,1,1385,run82
2,white3,a,1,1435,run82
2,white1,a,1,1335,run82
3,black3,d,1,1435,run82
3,black4,d,1,1335,run82
3,white1,a,1,1435,run82
3,love,a,1,1335,run82
3,black5,d,1,1435,run82
3,black2,d,1,1335,run82
3,white3,a,1,1435,run82
3,nasty,d,1,1385,run82
3,black1,d,1,1335,run82
3,bad,d,1,1385,run82
3,white4,a,1,1435,run82
3,happy,a,1,1335,run82
3,pleasure,a,1,1385,run82
3,hurt,d,1,1435,run82
3,white5,a,1,1385,run82
3,white2,a,1,1335,run82
3,good,a,1,1385,run82
3,joy,a,1,1385,run82
3,evil,d,1,1435,run82
3,agony,d,1,1335,run82
4,block4,w,0,675,run82
5,white3,a,0,1445,run82
5,black1,d,0,1345,run82
5,white2,d,1,1335,run82
5,white1,d,1,1385,run82
5,white5,d,1,1385,run82
5,black4,a,1,1435,run82
5,black3,a,1,1335,run82
5,black5,a,1,1385,run82
5,black2,a,1,1385,run82
5,white4,d,1,1435,run82
6,black2,a,1,1385,run82
6,hurt,d,1,1385,run82
6,evil,d,1,1335,run82
6,nasty,d,1,1385,run82
6,black1,a,1,1435,run82
6,white1,d,1,1385,run82
6,white3,d,1,1335,run82
6,joy,a,1,1435,run82
6,black5,a,1,1335,run82
6,white4,d,1,1435,run82
6,white2,d,1,1335,run82
6,white5,d,1,1385,run82
6,good,a,1,1435,run82
6,happy,a,1,1335,run82
6,pleasure,a,1,1385,run82
6,black3,a,1,1385,run82
6,love,a,1,1385,run82
6,agony,d,1,1435,run82
6,black4,a,1,1385,run82
6,bad,d,1,1385,run82
1,nasty,a,0,1545,run83
1,good,d,0,1345,run83
1,happy,a,1,1385,run83
1,bad,d,1,1385,run83
1,pleasure,a,1,1385,run83
1,love,a,1,1335,run83
1,hurt,d,1,1435,run83
1,evil,d,1,1335,run83
1,agony,d,1,1385,run83
1,joy,a,1,1435,run83
2,black4,a,0,1335,run83
2,white5,d,0,1435,run83
2,white1,a,1,1385,run83
2,black1,d,1,1385,run83
2,white2,a,1,1385,run83
2,black5,d,1,1385,run83
2,black2,d,1,1335,run83
2,white3,a,1,1435,run83
2,white4,a,1,1335,run83
2,black3,d,1,1435,run83
3,love,a,1,1385,run83
3,black4,d,1,1385,run83
3,happy,a,1,1385,run83
3,white4,a,1,1335,run83
3,hurt,d,1,1435,run83
3,bad,d,1,1335,run83
3,evil,d,1,1385,run83
3,black2,d,1,1385,run83
3,black1,d,1,1385,run83
3,agony,d,1,1385,run83
3,white2,a,1,1435,run83
3,white3,a,1,1335,run83
3,white1,a,1,1385,run83
3,nasty,d,1,1435,run83
3,joy,a,1,1385,run83
3,black3,d,1,1385,run83
3,black5,d,1,1335,run83
3,good,a,1,1435,run83
3,white5,a,1,1335,run83
3,pleasure,a,1,1385,run83
4,block4,w,0,675,run83
5,white4,a,0,1445,run83
5,black5,d,0,1345,run83
5,black3,a,1,1385,run83
5,white3,d,1,1385,run83
5,black2,a,1,1385,run83
5,white1,d,1,1385,run83
5,black4,a,1,1385,run83
5,black1,a,1,1335,run83
5,white5,d,1,1435,run83
5,white2,d,1,1335,run83
6,black5,a,1,1435,run83
6,white5,d,1,1385,run83
6,white1,d,1,1335,run83
6,happy,a,1,1435,run83
6,black1,a,1,1335,run83
6,joy,a,1,1385,run83
6,white4,d,1,1435,run83
6,good,a,1,1385,run83
6,agony,d,1,1385,run83
6,hurt,d,1,1335,run83
6,white2,d,1,1385,run83
6,evil,d,1,1385,run83
6,nasty,d,1,1385,run83
6,bad,d,1,1385,run83
6,white3,d,1,1385,run83
6,black3,a,1,1435,run83
6,black4,a,1,1335,run83
6,black2,a,1,1385,run83
6,pleasure,a,1,1385,run83
6,love,a,1,1385,run83
1,love,d,0,1545,run84
1,evil,a,0,1345,run84
1,bad,d,1,1385,run84
1,hurt,d,1,1335,run84
1,good,a,1,1435,run84
1,pleasure,a,1,1335,run84
1,happy,a,1,1385,run84
1,agony,d,1,1435,run84
1,nasty,d,1,1335,run84
1,joy,a,1,1435,run84
2,white1,d,0,1385,run84
2,black5,a,0,1385,run84
2,white2,a,1,1335,run84
2,black3,d,1,1435,run84
2,white4,a,1,1385,run84
2,black2,d,1,1385,run84
2,black1,d,1,1335,run84
2,white3,a,1,1435,run84
2,white5,a,1,1335,run84
2,black4,d,1,1435,run84
3,nasty,d,1,1335,run84
3,black4,d,1,1385,run84
3,white5,a,1,1435,run84
3,love,a,1,1335,run84
3,white2,a,1,1385,run84
3,evil,d,1,1435,run84
3,bad,d,1,1335,run84
3,black3,d,1,1385,run84
3,good,a,1,1435,run84
3,white4,a,1,1335,run84
3,agony,d,1,1435,run84
3,black5,d,1,1335,run84
3,happy,a,1,1435,run84
3,black2,d,1,1385,run84
3,black1,d,1,1335,run84
3,white1,a,1,1435,run84
3,white3,a,1,1335,run84
3,hurt,d,1,1435,run84
3,pleasure,a,1,1385,run84
3,joy,a,1,1335,run84
4,block4,w,0,675,run84
5,white5,a,0,1445,run84
5,white1,d,1,1345,run84
5,white3,d,1,1335,run84
5,black4,d,0,1385,run84
5,black3,a,1,1435,run84
5,black2,a,1,1335,run84
5,white2,d,1,1435,run84
5,white4,d,1,1335,run84
5,black5,a,1,1435,run84
5,black1,a,1,1335,run84
6,bad,d,1,1435,run84
6,black2,a,1,1385,run84
6,good,a,1,1335,run84
6,black3,a,1,1385,run84
6,white3,d,1,1435,run84
6,love,a,1,1385,run84
6,black1,a,1,1335,run84
6,white1,d,1,1435,run84
6,white5,d,1,1335,run84
6,white2,d,1,1385,run84
6,agony,d,1,1385,run84
6,black4,a,1,1435,run84
6,nasty,d,1,1385,run84
6,pleasure,a,1,1385,run84
6,joy,a,1,1335,run84
6,happy,a,1,1385,run84
6,black5,a,1,1385,run84
6,hurt,d,1,1435,run84
6,white4,d,1,1335,run84
6,evil,d,1,1385,run84
1,joy,d,0,1545,run85
1,happy,a,1,1345,run85
1,nasty,a,0,1335,run85
1,good,a,1,1385,run85
1,pleasure,a,1,1385,run85
1,evil,d,1,1435,run85
1,bad,d,1,1335,run85
1,love,a,1,1435,run85
1,agony,d,1,1385,run85
1,hurt,d,1,1335,run85
2,white3,d,0,1385,run85
2,black4,a,0,1435,run85
2,black1,d,1,1385,run85
2,white4,a,1,1385,run85
2,black3,d,1,1385,run85
2,black2,d,1,1335,run85
2,black5,d,1,1385,run85
2,white1,a,1,1435,run85
2,white2,a,1,1335,run85
2,white5,a,1,1385,run85
3,evil,d,1,1435,run85
3,joy,a,1,1385,run85
3,black1,d,1,1385,run85
3,good,a,1,1385,run85
3,white5,a,1,1335,run85
3,black2,d,1,1435,run85
3,pleasure,a,1,1385,run85
3,black5,d,1,1385,run85
3,agony,d,1,1335,run85
3,love,a,1,1435,run85
3,hurt,d,1,1385,run85
3,black3,d,1,1335,run85
3,bad,d,1,1385,run85
3,white1,a,1,1435,run85
3,black4,d,1,1385,run85
3,white3,a,1,1385,run85
3,white4,a,1,1335,run85
3,happy,a,1,1385,run85
3,white2,a,1,1385,run85
3,nasty,d,1,1435,run85
4,block4,w,0,625,run85
5,white4,a,0,1445,run85
5,white3,d,1,1345,run85
5,white1,d,1,1335,run85
5,white5,d,1,1385,run85
5,black5,d,0,1385,run85
5,black4,a,1,1435,run85
5,white2,d,1,1385,run85
5,black3,a,1,1385,run85
5,black1,a,1,1335,run85
5,black2,a,1,1385,run85
6,black5,a,1,1385,run85
6,joy,a,1,1385,run85
6,evil,d,1,1435,run85
6,love,a,1,1385,run85
6,bad,d,1,1385,run85
6,black3,a,1,1385,run85
6,nasty,d,1,1385,run85
6,white3,d,1,1335,run85
6,hurt,d,1,1385,run85
6,black4,a,1,1435,run85
6,agony,d,1,1385,run85
6,black1,a,1,1385,run85
6,white5,d,1,1385,run85
6,white4,d,1,1335,run85
6,white2,d,1,1385,run85
6,pleasure,a,1,1435,run85
6,black2,a,1,1335,run85
6,white1,d,1,1435,run85
6,good,a,1,1385,run85
6,happy,a,1,1335,run85
1,love,d,0,1545,run86
1,happy,a,1,1345,run86
1,nasty,a,0,1335,run86
1,pleasure,a,1,1385,run86
1,bad,d,1,1435,run86
1,evil,d,1,1335,run86
1,joy,a,1,1435,run86
1,agony,d,1,1385,run86
1,hurt,d,1,1335,run86
1,good,a,1,1435,run86
2,black1,a,0,1335,run86
2,black3,d,1,1435,run86
2,white1,d,0,1335,run86
2,white2,a,1,1435,run86
2,white3,a,1,1335,run86
2,black5,d,1,1435,run86
2,white4,a,1,1385,run86
2,white5,a,1,1335,run86
2,black4,d,1,1435,run86
2,black2,d,1,1335,run86
3,evil,d,1,1385,run86
3,joy,a,1,1435,run86
3,black5,d,1,1385,run86
3,hurt,d,1,1335,run86
3,agony,d,1,1385,run86
3,nasty,d,1,1385,run86
3,black1,d,1,1385,run86
3,bad,d,1,1385,run86
3,white2,a,1,1435,run86
3,black2,d,1,1385,run86
3,white1,a,1,1385,run86
3,love,a,1,1335,run86
3,happy,a,1,1385,run86
3,white3,a,1,1385,run86
3,white5,a,1,1385,run86
3,black4,d,1,1435,run86
3,good,a,1,1385,run86
3,pleasure,a,1,1335,run86
3,white4,a,1,1385,run86
3,black3,d,1,1435,run86
4,block4,w,0,625,run86
5,white4,a,0,1445,run86
5,black5,d,0,1345,run86
5,black4,a,1,1385,run86
5,white2,d,1,1385,run86
5,white3,d,1,1335,run86
5,black1,a,1,1435,run86
5,black2,a,1,1335,run86
5,white5,d,1,1435,run86
5,white1,d,1,1335,run86
5,black3,a,1,1435,run86
6,white1,d,1,1385,run86
6,black2,a,1,1385,run86
6,black5,a,1,1335,run86
6,love,a,1,1385,run86
6,happy,a,1,1385,run86
6,black1,a,1,1385,run86
6,nasty,d,1,1435,run86
6,white3,d,1,1335,run86
6,agony,d,1,1385,run86
6,joy,a,1,1435,run86
6,white4,d,1,1385,run86
6,evil,d,1,1335,run86
6,bad,d,1,1385,run86
6,hurt,d,1,1385,run86
6,black4,a,1,1435,run86
6,black3,a,1,1335,run86
6,white2,d,1,1435,run86
6,white5,d,1,1335,run86
6,good,a,1,1435,run86
6,pleasure,a,1,1335,run86
1,pleasure,d,0,1545,run87
1,hurt,a,0,1345,run87
1,nasty,d,1,1385,run87
1,happy,a,1,1385,run87
1,love,a,1,1335,run87
1,agony,d,1,1435,run87
1,bad,d,1,1335,run87
1,good,a,1,1435,run87
1,joy,a,1,1335,run87
1,evil,d,1,1435,run87
2,black1,a,0,1385,run87
2,black4,d,1,1385,run87
2,white1,d,0,1335,run87
2,white4,a,1,1435,run87
2,white5,a,1,1335,run87
2,white2,a,1,1385,run87
2,black2,d,1,1435,run87
2,black5,d,1,1335,run87
2,black3,d,1,1385,run87
2,white3,a,1,1435,run87
3,white2,a,1,1335,run87
3,joy,a,1,1385,run87
3,black4,d,1,1435,run87
3,nasty,d,1,1335,run87
3,hurt,d,1,1385,run87
3,white1,a,1,1435,run87
3,evil,d,1,1385,run87
3,agony,d,1,1335,run87
3,happy,a,1,1435,run87
3,white3,a,1,1335,run87
3,black3,d,1,1435,run87
3,pleasure,a,1,1385,run87
3,white4,a,1,1335,run87
3,black5,d,1,1435,run87
3,bad,d,1,1335,run87
3,good,a,1,1435,run87
3,white5,a,1,1335,run87
3,black1,d,1,1435,run87
3,love,a,1,1385,run87
3,black2,d,1,1385,run87
4,block4,w,0,625,run87
5,black1,d,0,1445,run87
5,white2,a,0,1345,run87
5,white3,d,1,1385,run87
5,black4,a,1,1385,run87
5,white1,d,1,1385,run87
5,black3,a,1,1385,run87
5,black2,a,1,1335,run87
5,black5,a,1,1385,run87
5,white5,d,1,1435,run87
5,white4,d,1,1335,run87
6,white4,,0,0,run87
6,good,a,1,1345,run87
6,joy,a,1,1335,run87
6,white5,d,1,1435,run87
6,black3,a,1,1385,run87
6,black1,a,1,1335,run87
6,evil,d,1,1435,run87
6,white2,d,1,1335,run87
6,happy,a,1,1435,run87
6,white1,d,1,1385,run87
6,black4,a,1,1385,run87
6,pleasure,a,1,1335,run87
6,black5,a,1,1385,run87
6,love,a,1,1385,run87
6,white3,d,1,1435,run87
6,agony,d,1,1335,run87
6,hurt,d,1,1385,run87
6,bad,d,1,1385,run87
6,black2,a,1,1435,run87
6,nasty,d,1,1385,run87
1,bad,a,0,1545,run88
1,love,d,0,1345,run88
1,nasty,d,1,1335,run88
1,hurt,d,1,1385,run88
1,evil,d,1,1385,run88
1,pleasure,a,1,1435,run88
1,joy,a,1,1335,run88
1,agony,d,1,1435,run88
1,good,a,1,1385,run88
1,happy,a,1,1335,run88
2,white5,d,0,1435,run88
2,white3,a,1,1385,run88
2,black2,a,0,1335,run88
2,black5,d,1,1435,run88
2,black3,d,1,1335,run88
2,white2,a,1,1435,run88
2,white1,a,1,1335,run88
2,black4,d,1,1435,run88
2,white4,a,1,1385,run88
2,black1,d,1,1385,run88
3,evil,d,1,1335,run88
3,black2,d,1,1385,run88
3,nasty,d,1,1385,run88
3,white2,a,1,1435,run88
3,white5,a,1,1335,run88
3,happy,a,1,1385,run88
3,joy,a,1,1385,run88
3,white4,a,1,1385,run88
3,pleasure,a,1,1385,run88
3,black4,d,1,1435,run88
3,white1,a,1,1385,run88
3,hurt,d,1,1385,run88
3,white3,a,1,1385,run88
3,good,a,1,1335,run88
3,agony,d,1,1435,run88
3,bad,d,1,1335,run88
3,love,a,1,1435,run88
3,black5,d,1,1385,run88
3,black3,d,1,1335,run88
3,black1,d,1,1385,run88
4,block4,w,0,675,run88
5,white2,a,0,1445,run88
5,black4,d,0,1345,run88
5,white4,d,1,1335,run88
5,white5,d,1,1385,run88
5,white3,d,1,1385,run88
5,white1,d,1,1385,run88
5,black1,a,1,1435,run88
5,black3,a,1,1335,run88
5,black5,a,1,1385,run88
5,black2,a,1,1385,run88
6,black4,a,1,1385,run88
6,white3,d,1,1435,run88
6,black2,a,1,1385,run88
6,pleasure,a,1,1335,run88
6,nasty,d,1,1435,run88
6,white2,d,1,1335,run88
6,good,a,1,1435,run88
6,black5,a,1,1335,run88
6,black1,a,1,1385,run88
6,bad,d,1,1435,run88
6,hurt,d,1,1335,run88
6,white1,d,1,1385,run88
6,agony,d,1,1385,run88
6,joy,a,1,1435,run88
6,evil,d,1,1385,run88
6,love,a,1,1385,run88
6,black3,a,1,1335,run88
6,white4,d,1,1435,run88
6,white5,d,1,1335,run88
6,happy,a,1,1435,run88
1,joy,d,0,1545,run89
1,good,a,1,1345,run89
1,pleasure,a,1,1335,run89
1,evil,a,0,1385,run89
1,agony,d,1,1435,run89
1,happy,a,1,1385,run89
1,hurt,d,1,1385,run89
1,nasty,d,1,1335,run89
1,bad,d,1,1385,run89
1,love,a,1,1435,run89
2,black5,a,0,1335,run89
2,white1,d,0,1435,run89
2,white3,a,1,1385,run89
2,white2,a,1,1335,run89
2,black1,d,1,1435,run89
2,white4,a,1,1385,run89
2,black2,d,1,1385,run89
2,white5,a,1,1385,run89
2,black3,d,1,1385,run89
2,black4,d,1,1335,run89
3,white1,a,1,1435,run89
3,white4,a,1,1335,run89
3,nasty,d,1,1435,run89
3,bad,d,1,1335,run89
3,black1,d,1,1385,run89
3,hurt,d,1,1385,run89
3,white2,a,1,1435,run89
3,white3,a,1,1335,run89
3,joy,a,1,1385,run89
3,black4,d,1,1435,run89
3,black3,d,1,1335,run89
3,good,a,1,1435,run89
3,evil,d,1,1385,run89
3,love,a,1,1385,run89
3,agony,d,1,1385,run89
3,white5,a,1,1385,run89
3,black2,d,1,1385,run89
3,happy,a,1,1385,run89
3,pleasure,a,1,1335,run89
3,black5,d,1,1435,run89
4,block4,w,0,625,run89
5,white3,a,0,1445,run89
5,white4,d,1,1345,run89
5,black3,d,0,1335,run89
5,white1,d,1,1385,run89
5,black1,a,1,1435,run89
5,black2,a,1,1335,run89
5,black5,a,1,1385,run89
5,white2,d,1,1435,run89
5,white5,d,1,1335,run89
5,black4,a,1,1435,run89
6,black4,,0,0,run89
6,joy,a,1,1295,run89
6,black1,a,1,1385,run89
6,hurt,d,1,1435,run89
6,white3,d,1,1335,run89
6,white4,d,1,1385,run89
6,pleasure,a,1,1435,run89
6,bad,d,1,1385,run89
6,black5,a,1,1385,run89
6,good,a,1,1335,run89
6,black3,a,1,1385,run89
6,love,a,1,1385,run89
6,white2,d,1,1435,run89
6,nasty,d,1,1335,run89
6,happy,a,1,1435,run89
6,agony,d,1,1385,run89
6,black2,a,1,1385,run89
6,white1,d,1,1385,run89
6,white5,d,1,1335,run89
6,evil,d,1,1385,run89
1,happy,d,0,1545,run90
1,good,a,1,1345,run90
1,evil,a,0,1335,run90
1,joy,a,1,1385,run90
1,agony,d,1,1435,run90
1,nasty,d,1,1335,run90
1,bad,d,1,1385,run90
1,love,a,1,1435,run90
1,hurt,d,1,1385,run90
1,pleasure,a,1,1385,run90
2,black5,a,0,1335,run90
2,black1,d,1,1435,run90
2,black2,d,1,1335,run90
2,black4,d,1,1385,run90
2,white5,d,0,1385,run90
2,white1,a,1,1435,run90
2,white3,a,1,1335,run90
2,white4,a,1,1385,run90
2,white2,a,1,1385,run90
2,black3,d,1,1435,run90
3,bad,d,1,1335,run90
3,joy,a,1,1435,run90
3,nasty,d,1,1385,run90
3,white1,a,1,1385,run90
3,white4,a,1,1335,run90
3,happy,a,1,1385,run90
3,black5,d,1,1435,run90
3,black2,d,1,1335,run90
3,evil,d,1,1385,run90
3,white3,a,1,1435,run90
3,pleasure,a,1,1335,run90
3,hurt,d,1,1435,run90
3,black1,d,1,1335,run90
3,black4,d,1,1385,run90
3,black3,d,1,1385,run90
3,agony,d,1,1385,run90
3,white5,a,1,1435,run90
3,good,a,1,1335,run90
3,white2,a,1,1385,run90
3,love,a,1,1385,run90
4,block4,w,0,675,run90
5,black3,d,0,1445,run90
5,black1,a,1,1345,run90
5,black5,a,1,1335,run90
5,black4,a,1,1385,run90
5,white3,a,0,1385,run90
5,white2,d,1,1435,run90
5,white5,d,1,1335,run90
5,white1,d,1,1385,run90
5,black2,a,1,1435,run90
5,white4,d,1,1385,run90
6,white2,d,1,1335,run90
6,joy,a,1,1435,run90
6,black5,a,1,1335,run90
6,agony,d,1,1435,run90
6,hurt,d,1,1335,run90
6,white5,d,1,1385,run90
6,evil,d,1,1385,run90
6,black4,a,1,1435,run90
6,black1,a,1,1335,run90
6,good,a,1,1385,run90
6,white4,d,1,1435,run90
6,white3,d,1,1335,run90
6,bad,d,1,1385,run90
6,white1,d,1,1385,run90
6,nasty,d,1,1385,run90
6,pleasure,a,1,1435,run90
6,happy,a,1,1335,run90
6,black3,a,1,1385,run90
6,black2,a,1,1385,run90
6,love,a,1,1385,run90
1,love,d,0,1545,run91
1,joy,a,1,1345,run91
1,nasty,a,0,1335,run91
1,evil,d,1,1435,run91
1,bad,d,1,1335,run91
1,happy,a,1,1435,run91
1,good,a,1,1335,run91
1,pleasure,a,1,1385,run91
1,agony,d,1,1435,run91
1,hurt,d,1,1335,run91
2,black4,a,0,1435,run91
2,black5,d,1,1385,run91
2,white5,d,0,1335,run91
2,white3,a,1,1435,run91
2,black2,d,1,1385,run91
2,black1,d,1,1335,run91
2,white4,a,1,1435,run91
2,white2,a,1,1335,run91
2,white1,a,1,1385,run91
2,black3,d,1,1435,run91
3,evil,d,1,1335,run91
3,black1,d,1,1385,run91
3,white3,a,1,1435,run91
3,white2,a,1,1335,run91
3,nasty,d,1,1435,run91
3,white1,a,1,1385,run91
3,pleasure,a,1,1335,run91
3,black3,d,1,1435,run91
3,white5,a,1,1385,run91
3,love,a,1,1335,run91
3,black2,d,1,1435,run91
3,black5,d,1,1335,run91
3,good,a,1,1435,run91
3,happy,a,1,1335,run91
3,white4,a,1,1385,run91
3,black4,d,1,1435,run91
3,hurt,d,1,1335,run91
3,bad,d,1,1385,run91
3,agony,d,1,1385,run91
3,joy,a,1,1435,run91
4,block4,w,0,625,run91
5,black4,d,0,1445,run91
5,black2,a,1,1345,run91
5,white4,a,0,1335,run91
5,black5,a,1,1385,run91
5,black1,a,1,1385,run91
5,black3,a,1,1385,run91
5,white2,d,1,1435,run91
5,white5,d,1,1335,run91
5,white1,d,1,1385,run91
5,white3,d,1,1385,run91
6,pleasure,a,1,1435,run91
6,love,a,1,1335,run91
6,white5,d,1,1435,run91
6,hurt,d,1,1335,run91
6,white3,d,1,1385,run91
6,nasty,d,1,1385,run91
6,bad,d,1,1385,run91
6,white1,d,1,1385,run91
6,black3,a,1,1435,run91
6,evil,d,1,1385,run91
6,white2,d,1,1335,run91
6,happy,a,1,1435,run91
6,good,a,1,1335,run91
6,black4,a,1,1385,run91
6,black1,a,1,1385,run91
6,joy,a,1,1385,run91
6,black5,a,1,1385,run91
6,white4,d,1,1435,run91
6,agony,d,1,1335,run91
6,black2,a,1,1435,run91
1,pleasure,d,0,1545,run92
1,love,a,1,1345,run92
1,happy,a,1,1335,run92
1,bad,a,0,1385,run92
1,evil,d,1,1435,run92
1,nasty,d,1,1335,run92
1,good,a,1,1435,run92
1,joy,a,1,1335,run92
1,agony,d,1,1435,run92
1,hurt,d,1,1335,run92
2,white1,d,0,1385,run92
2,black3,a,0,1435,run92
2,black5,d,1,1385,run92
2,black2,d,1,1335,run92
2,white2,a,1,1435,run92
2,white3,a,1,1335,run92
2,white4,a,1,1385,run92
2,white5,a,1,1385,run92
2,black1,d,1,1435,run92
2,black4,d,1,1335,run92
3,white2,a,1,1435,run92
3,nasty,d,1,1385,run92
3,black5,d,1,1335,run92
3,evil,d,1,1385,run92
3,hurt,d,1,1385,run92
3,white5,a,1,1435,run92
3,agony,d,1,1385,run92
3,love,a,1,1385,run92
3,bad,d,1,1385,run92
3,good,a,1,1385,run92
3,white3,a,1,1335,run92
3,pleasure,a,1,1385,run92
3,black2,d,1,1435,run92
3,black3,d,1,1335,run92
3,white1,a,1,1435,run92
3,black1,d,1,1385,run92
3,white4,a,1,1385,run92
3,joy,a,1,1335,run92
3,black4,d,1,1435,run92
3,happy,a,1,1385,run92
4,block4,w,0,625,run92
5,black1,d,0,1445,run92
5,black5,a,1,1345,run92
5,white4,a,0,1335,run92
5,white5,d,1,1435,run92
5,white3,d,1,1335,run92
5,black2,a,1,1435,run92
5,black3,a,1,1335,run92
5,black4,a,1,1385,run92
5,white1,d,1,1435,run92
5,white2,d,1,1335,run92
6,hurt,d,1,1385,run92
6,white1,d,1,1385,run92
6,good,a,1,1435,run92
6,white4,d,1,1385,run92
6,pleasure,a,1,1385,run92
6,love,a,1,1335,run92
6,white5,d,1,1435,run92
6,black4,a,1,1385,run92
6,white3,d,1,1385,run92
6,happy,a,1,1385,run92
6,black5,a,1,1335,run92
6,bad,d,1,1435,run92
6,black2,a,1,1385,run92
6,black3,a,1,1335,run92
6,white2,d,1,1435,run92
6,nasty,d,1,1335,run92
6,agony,d,1,1385,run92
6,joy,a,1,1435,run92
6,black1,a,1,1335,run92
6,evil,d,1,1435,run92
1,good,d,0,1545,run93
1,joy,a,1,1345,run93
1,hurt,a,0,1335,run93
1,pleasure,a,1,1385,run93
1,nasty,d,1,1435,run93
1,love,a,1,1385,run93
1,evil,d,1,1385,run93
1,agony,d,1,1335,run93
1,happy,a,1,1435,run93
1,bad,d,1,1385,run93
2,white5,d,0,1335,run93
2,white3,a,1,1435,run93
2,black1,a,0,1335,run93
2,black3,d,1,1435,run93
2,black5,d,1,1335,run93
2,white1,a,1,1435,run93
2,white4,a,1,1335,run93
2,black4,d,1,1435,run93
2,white2,a,1,1385,run93
2,black2,d,1,1385,run93
3,white2,a,1,1385,run93
3,black2,d,1,1385,run93
3,black3,d,1,1335,run93
3,nasty,d,1,1385,run93
3,white1,a,1,1435,run93
3,white4,a,1,1335,run93
3,black5,d,1,1435,run93
3,black4,d,1,1335,run93
3,agony,d,1,1385,run93
3,bad,d,1,1385,run93
3,evil,d,1,1385,run93
3,happy,a,1,1435,run93
3,black1,d,1,1385,run93
3,pleasure,a,1,1385,run93
3,joy,a,1,1335,run93
3,hurt,d,1,1435,run93
3,white3,a,1,1385,run93
3,good,a,1,1335,run93
3,love,a,1,1385,run93
3,white5,a,1,1385,run93
4,block4,w,0,675,run93
5,white4,a,0,1445,run93
5,white5,d,1,1345,run93
5,white2,d,1,1335,run93
5,black3,d,0,1385,run93
5,black1,a,1,1435,run93
5,black5,a,1,1335,run93
5,white1,d,1,1435,run93
5,black4,a,1,1385,run93
5,black2,a,1,1335,run93
5,white3,d,1,1435,run93
6,white4,d,1,1335,run93
6,pleasure,a,1,1435,run93
6,joy,a,1,1335,run93
6,white1,d,1,1435,run93
6,hurt,d,1,1335,run93
6,nasty,d,1,1385,run93
6,bad,d,1,1385,run93
6,white5,d,1,1385,run93
6,love,a,1,1435,run93
6,black5,a,1,1335,run93
6,happy,a,1,1385,run93
6,black2,a,1,1385,run93
6,agony,d,1,1435,run93
6,black4,a,1,1385,run93
6,black1,a,1,1335,run93
6,black3,a,1,1385,run93
6,good,a,1,1385,run93
6,white3,d,1,1435,run93
6,evil,d,1,1335,run93
6,white2,d,1,1385,run93
1,happy,d,0,1545,run94
1,nasty,a,0,1345,run94
1,good,a,1,1335,run94
1,joy,a,1,1385,run94
1,agony,d,1,1435,run94
1,pleasure,a,1,1385,run94
1,bad,d,1,1385,run94
1,love,a,1,1385,run94
1,hurt,d,1,1385,run94
1,evil,d,1,1335,run94
2,black4,a,0,1435,run94
2,black3,d,1,1385,run94
2,white3,d,0,1335,run94
2,black1,d,1,1385,run94
2,white2,a,1,1435,run94
2,white5,a,1,1335,run94
2,white4,a,1,1385,run94
2,black2,d,1,1435,run94
2,black5,d,1,1335,run94
2,white1,a,1,1435,run94
3,black5,d,1,1385,run94
3,black1,d,1,1335,run94
3,white5,a,1,1435,run94
3,black2,d,1,1385,run94
3,black3,d,1,1335,run94
3,good,a,1,1435,run94
3,evil,d,1,1385,run94
3,bad,d,1,1335,run94
3,white4,a,1,1435,run94
3,nasty,d,1,1385,run94
3,white2,a,1,1385,run94
3,happy,a,1,1335,run94
3,love,a,1,1385,run94
3,white3,a,1,1385,run94
3,black4,d,1,1435,run94
3,joy,a,1,1385,run94
3,agony,d,1,1385,run94
3,pleasure,a,1,1385,run94
3,hurt,d,1,1385,run94
3,white1,a,1,1385,run94
4,block4,w,0,625,run94
5,black1,d,0,1445,run94
5,black2,a,1,1345,run94
5,white2,a,0,1335,run94
5,white4,d,1,1435,run94
5,black3,a,1,1385,run94
5,white3,d,1,1385,run94
5,white5,d,1,1335,run94
5,white1,d,1,1385,run94
5,black5,a,1,1435,run94
5,black4,a,1,1335,run94
6,white1,d,1,1435,run94
6,white5,d,1,1335,run94
6,love,a,1,1435,run94
6,hurt,d,1,1385,run94
6,bad,d,1,1335,run94
6,black5,a,1,1435,run94
6,white4,d,1,1385,run94
6,joy,a,1,1385,run94
6,white2,d,1,1385,run94
6,black1,a,1,1385,run94
6,black2,a,1,1335,run94
6,evil,d,1,1435,run94
6,agony,d,1,1335,run94
6,black4,a,1,1435,run94
6,good,a,1,1335,run94
6,happy,a,1,1385,run94
6,white3,d,1,1435,run94
6,black3,a,1,1385,run94
6,nasty,d,1,1385,run94
6,pleasure,a,1,1385,run94
1,love,d,0,1545,run95
1,nasty,a,0,1345,run95
1,agony,d,1,1385,run95
1,good,a,1,1385,run95
1,happy,a,1,1335,run95
1,bad,d,1,1435,run95
1,joy,a,1,1385,run95
1,hurt,d,1,1385,run95
1,evil,d,1,1335,run95
1,pleasure,a,1,1435,run95
2,black5,a,0,1335,run95
2,white3,d,0,1435,run95
2,black3,d,1,1335,run95
2,black2,d,1,1385,run95
2,black4,d,1,1385,run95
2,black1,d,1,1385,run95
2,white5,a,1,1435,run95
2,white2,a,1,1335,run95
2,white4,a,1,1385,run95
2,white1,a,1,1385,run95
3,nasty,d,1,1435,run95
3,love,a,1,1385,run95
3,black5,d,1,1385,run95
3,white1,a,1,1385,run95
3,black1,d,1,1385,run95
3,bad,d,1,1335,run95
3,hurt,d,1,1385,run95
3,good,a,1,1435,run95
3,white2,a,1,1335,run95
3,black3,d,1,1435,run95
3,white5,a,1,1385,run95
3,evil,d,1,1385,run95
3,black2,d,1,1335,run95
3,pleasure,a,1,1435,run95
3,agony,d,1,1385,run95
3,white3,a,1,1385,run95
3,white4,a,1,1335,run95
3,happy,a,1,1385,run95
3,black4,d,1,1435,run95
3,joy,a,1,1385,run95
4,block4,w,0,625,run95
5,white4,a,0,1445,run95
5,black2,d,0,1345,run95
5,white1,d,1,1335,run95
5,black1,a,1,1435,run95
5,white5,d,1,1385,run95
5,white3,d,1,1335,run95
5,white2,d,1,1385,run95
5,black5,a,1,1435,run95
5,black3,a,1,1335,run95
5,black4,a,1,1385,run95
6,hurt,d,1,1435,run95
6,agony,d,1,1335,run95
6,white4,d,1,1385,run95
6,black5,a,1,1435,run95
6,bad,d,1,1385,run95
6,black1,a,1,1385,run95
6,black3,a,1,1335,run95
6,white2,d,1,1435,run95
6,white3,d,1,1335,run95
6,evil,d,1,1385,run95
6,white1,d,1,1385,run95
6,love,a,1,1435,run95
6,pleasure,a,1,1335,run95
6,black4,a,1,1385,run95
6,nasty,d,1,1435,run95
6,joy,a,1,1385,run95
6,good,a,1,1335,run95
6,white5,d,1,1435,run95
6,happy,a,1,1385,run95
6,black2,a,1,1335,run95
1,good,d,0,1545,run96
1,agony,a,0,1345,run96
1,bad,d,1,1385,run96
1,happy,a,1,1385,run96
1,hurt,d,1,1385,run96
1,evil,d,1,1335,run96
1,nasty,d,1,1385,run96
1,pleasure,a,1,1435,run96
1,love,a,1,1335,run96
1,joy,a,1,1385,run96
2,black4,a,0,1385,run96
2,black1,d,1,1435,run96
2,black3,d,1,1335,run96
2,black5,d,1,1385,run96
2,white3,d,0,1385,run96
2,black2,d,1,1385,run96
2,white5,a,1,1435,run96
2,white2,a,1,1335,run96
2,white4,a,1,1385,run96
2,white1,a,1,1385,run96
3,agony,d,1,1435,run96
3,white5,a,1,1385,run96
3,black1,d,1,1385,run96
3,love,a,1,1385,run96
3,white1,a,1,1335,run96
3,hurt,d,1,1435,run96
3,black3,d,1,1335,run96
3,white4,a,1,1435,run96
3,black2,d,1,1385,run96
3,bad,d,1,1335,run96
3,white3,a,1,1435,run96
3,white2,a,1,1335,run96
3,black5,d,1,1435,run96
3,good,a,1,1385,run96
3,nasty,d,1,1385,run96
3,evil,d,1,1335,run96
3,joy,a,1,1435,run96
3,black4,d,1,1385,run96
3,pleasure,a,1,1385,run96
3,happy,a,1,1335,run96
4,block4,w,0,675,run96
5,black2,d,0,1445,run96
5,black3,a,1,1345,run96
5,white4,a,0,1335,run96
5,black4,a,1,1385,run96
5,white3,d,1,1435,run96
5,white2,d,1,1335,run96
5,black5,a,1,1435,run96
5,black1,a,1,1335,run96
5,white1,d,1,1435,run96
5,white5,d,1,1335,run96
6,nasty,d,1,1385,run96
6,white1,d,1,1385,run96
6,evil,d,1,1385,run96
6,black4,a,1,1435,run96
6,agony,d,1,1385,run96
6,hurt,d,1,1335,run96
6,love,a,1,1435,run96
6,good,a,1,1335,run96
6,black1,a,1,1385,run96
6,bad,d,1,1435,run96
6,black2,a,1,1385,run96
6,white5,d,1,1385,run96
6,joy,a,1,1385,run96
6,white3,d,1,1385,run96
6,black3,a,1,1385,run96
6,black5,a,1,1335,run96
6,happy,a,1,1385,run96
6,white4,d,1,1435,run96
6,pleasure,a,1,1385,run96
6,white2,d,1,1385,run96
1,agony,a,0,1545,run97
1,joy,d,0,1345,run97
1,happy,a,1,1385,run97
1,good,a,1,1335,run97
1,evil,d,1,1435,run97
1,nasty,d,1,1335,run97
1,pleasure,a,1,1435,run97
1,bad,d,1,1385,run97
1,love,a,1,1385,run97
1,hurt,d,1,1385,run97
2,black1,a,0,1385,run97
2,black5,d,1,1385,run97
2,black2,d,1,1335,run97
2,white1,d,0,1385,run97
2,white5,a,1,1435,run97
2,black4,d,1,1385,run97
2,black3,d,1,1335,run97
2,white4,a,1,1435,run97
2,white2,a,1,1335,run97
2,white3,a,1,1385,run97
3,evil,d,1,1435,run97
3,hurt,d,1,1335,run97
3,white2,a,1,1435,run97
3,black5,d,1,1385,run97
3,black3,d,1,1335,run97
3,black1,d,1,1385,run97
3,nasty,d,1,1385,run97
3,white3,a,1,1435,run97
3,agony,d,1,1385,run97
3,happy,a,1,1385,run97
3,pleasure,a,1,1335,run97
3,white5,a,1,1385,run97
3,white4,a,1,1385,run97
3,love,a,1,1385,run97
3,joy,a,1,1385,run97
3,black2,d,1,1435,run97
3,white1,a,1,1385,run97
3,good,a,1,1335,run97
3,black4,d,1,1435,run97
3,bad,d,1,1335,run97
4,block4,w,0,675,run97
5,black2,d,0,1445,run97
5,black3,a,1,1345,run97
5,white1,a,0,1335,run97
5,black1,a,1,1385,run97
5,white5,d,1,1435,run97
5,white3,d,1,1335,run97
5,white2,d,1,1385,run97
5,black5,a,1,1435,run97
5,white4,d,1,1385,run97
5,black4,a,1,1385,run97
6,evil,d,1,1385,run97
6,black4,a,1,1385,run97
6,hurt,d,1,1385,run97
6,good,a,1,1385,run97
6,white4,d,1,1385,run97
6,black5,a,1,1385,run97
6,black3,a,1,1335,run97
6,bad,d,1,1435,run97
6,white1,d,1,1335,run97
6,love,a,1,1435,run97
6,happy,a,1,1335,run97
6,white5,d,1,1435,run97
6,black2,a,1,1385,run97
6,nasty,d,1,1385,run97
6,agony,d,1,1335,run97
6,white3,d,1,1385,run97
6,pleasure,a,1,1435,run97
6,white2,d,1,1385,run97
6,black1,a,1,1385,run97
6,joy,a,1,1335,run97
1,love,d,0,1545,run98
1,hurt,a,0,1345,run98
1,bad,d,1,1385,run98
1,joy,a,1,1385,run98
1,agony,d,1,1385,run98
1,happy,a,1,1385,run98
1,pleasure,a,1,1335,run98
1,nasty,d,1,1435,run98
1,evil,d,1,1335,run98
1,good,a,1,1435,run98
2,white3,d,0,1385,run98
2,black1,a,0,1385,run98
2,black4,d,1,1385,run98
2,black2,d,1,1335,run98
2,white4,a,1,1435,run98
2,white2,a,1,1335,run98
2,black3,d,1,1435,run98
2,white1,a,1,1385,run98
2,white5,a,1,1335,run98
2,black5,d,1,1435,run98
3,pleasure,a,1,1385,run98
3,good,a,1,1335,run98
3,black2,d,1,1435,run98
3,black1,d,1,1335,run98
3,love,a,1,1435,run98
3,agony,d,1,1385,run98
3,white3,a,1,1385,run98
3,hurt,d,1,1385,run98
3,black5,d,1,1335,run98
3,white1,a,1,1435,run98
3,nasty,d,1,1385,run98
3,evil,d,1,1335,run98
3,happy,a,1,1435,run98
3,white4,a,1,1335,run98
3,black4,d,1,1435,run98
3,black3,d,1,1335,run98
3,white2,a,1,1435,run98
3,bad,d,1,1385,run98
3,joy,a,1,1385,run98
3,white5,a,1,1335,run98
4,block4,w,0,675,run98
5,white4,a,0,1445,run98
5,black4,d,0,1345,run98
5,black3,a,1,1385,run98
5,black1,a,1,1335,run98
5,white5,d,1,1435,run98
5,black2,a,1,1385,run98
5,white3,d,1,1385,run98
5,white2,d,1,1335,run98
5,black5,a,1,1435,run98
5,white1,d,1,1385,run98
6,black1,a,1,1385,run98
6,white2,d,1,1385,run98
6,white5,d,1,1335,run98
6,white4,d,1,1385,run98
6,happy,a,1,1435,run98
6,hurt,d,1,1385,run98
6,pleasure,a,1,1385,run98
6,bad,d,1,1385,run98
6,white3,d,1,1335,run98
6,evil,d,1,1385,run98
6,love,a,1,1435,run98
6,black3,a,1,1335,run98
6,nasty,d,1,1435,run98
6,joy,a,1,1385,run98
6,white1,d,1,1385,run98
6,good,a,1,1385,run98
6,black4,a,1,1335,run98
6,agony,d,1,1435,run98
6,black2,a,1,1385,run98
6,black5,a,1,1335,run98
1,agony,a,0,1545,run99
1,evil,d,1,1345,run99
1,bad,d,1,1335,run99
1,love,d,0,1385,run99
1,happy,a,1,1435,run99
1,hurt,d,1,1385,run99
1,joy,a,1,1385,run99
1,nasty,d,1,1385,run99
1,pleasure,a,1,1385,run99
1,good,a,1,1335,run99
2,black5,a,0,1385,run99
2,black2,d,1,1435,run99
2,white3,d,0,1335,run99
2,black3,d,1,1385,run99
2,black4,d,1,1385,run99
2,white1,a,1,1435,run99
2,white2,a,1,1335,run99
2,black1,d,1,1435,run99
2,white4,a,1,1385,run99
2,white5,a,1,1335,run99
3,good,a,1,1385,run99
3,white5,a,1,1385,run99
3,evil,d,1,1435,run99
3,happy,a,1,1385,run99
3,black2,d,1,1385,run99
3,black4,d,1,1335,run99
3,black5,d,1,1385,run99
3,bad,d,1,1385,run99
3,white4,a,1,1435,run99
3,agony,d,1,1385,run99
3,black1,d,1,1335,run99
3,nasty,d,1,1385,run99
3,pleasure,a,1,1435,run99
3,white3,a,1,1335,run99
3,white1,a,1,1385,run99
3,love,a,1,1385,run99
3,joy,a,1,1385,run99
3,hurt,d,1,1435,run99
3,white2,a,1,1385,run99
3,black3,d,1,1385,run99
4,block4,w,0,625,run99
5,white4,a,0,1445,run99
5,white2,d,1,1345,run99
5,white3,d,1,1335,run99
5,black1,d,0,1385,run99
5,white5,d,1,1385,run99
5,black5,a,1,1435,run99
5,black3,a,1,1335,run99
5,black4,a,1,1385,run99
5,black2,a,1,1385,run99
5,white1,d,1,1435,run99
6,nasty,d,1,1335,run99
6,love,a,1,1435,run99
6,white4,d,1,1385,run99
6,white5,d,1,1335,run99
6,white2,d,1,1385,run99
6,evil,d,1,1385,run99
6,bad,d,1,1385,run99
6,hurt,d,1,1385,run99
6,pleasure,a,1,1435,run99
6,black5,a,1,1335,run99
6,black2,a,1,1385,run99
6,black1,a,1,1385,run99
6,good,a,1,1385,run99
6,black3,a,1,1385,run99
6,agony,d,1,1435,run99
6,happy,a,1,1385,run99
6,white3,d,1,1385,run99
6,white1,d,1,1335,run99
6,joy,a,1,1435,run99
6,black4,a,1,1335,run99
1,pleasure,d,0,1545,run100
1,happy,a,1,1345,run100
1,love,a,1,1335,run100
1,good,a,1,1385,run100
1,nasty,a,0,1385,run100
1,bad,d,1,1435,run100
1,evil,d,1,1335,run100
1,joy,a,1,1435,run100
1,agony,d,1,1385,run100
1,hurt,d,1,1335,run100
2,black2,a,0,1435,run100
2,white5,d,0,1385,run100
2,black5,d,1,1335,run100
2,white2,a,1,1435,run100
2,white4,a,1,1335,run100
2,black3,d,1,1435,run100
2,white3,a,1,1385,run100
2,black4,d,1,1385,run100
2,white1,a,1,1385,run100
2,black1,d,1,1385,run100
3,evil,d,1,1335,run100
3,black3,d,1,1385,run100
3,black4,d,1,1385,run100
3,black1,d,1,1385,run100
3,agony,d,1,1385,run100
3,white2,a,1,1435,run100
3,bad,d,1,1385,run100
3,joy,a,1,1385,run100
3,hurt,d,1,1385,run100
3,white4,a,1,1385,run100
3,pleasure,a,1,1335,run100
3,good,a,1,1385,run100
3,white1,a,1,1385,run100
3,nasty,d,1,1435,run100
3,white3,a,1,1385,run100
3,happy,a,1,1335,run100
3,white5,a,1,1385,run100
3,love,a,1,1385,run100
3,black5,d,1,1435,run100
3,black2,d,1,1335,run100
4,block4,w,0,675,run100
5,white4,a,0,1445,run100
5,black3,d,0,1345,run100
5,black4,a,1,1385,run100
5,white5,d,1,1385,run100
5,white1,d,1,1335,run100
5,black5,a,1,1435,run100
5,black1,a,1,1335,run100
5,white2,d,1,1435,run100
5,black2,a,1,1385,run100
5,white3,d,1,1385,run100
6,black5,a,1,1385,run100
6,white2,d,1,1385,run100
6,happy,a,1,1385,run100
6,pleasure,a,1,1335,run100
6,agony,d,1,1435,run100
6,black1,a,1,1385,run100
6,love,a,1,1335,run100
6,white4,d,1,1435,run100
6,evil,d,1,1335,run100
6,hurt,d,1,1385,run100
6,white1,d,1,1385,run100
6,good,a,1,1435,run100
6,bad,d,1,1385,run100
6,black4,a,1,1385,run100
6,nasty,d,1,1385,run100
6,black2,a,1,1385,run100
6,black3,a,1,1335,run100
6,white5,d,1,1435,run100
6,white3,d,1,1335,run100
6,joy,a,1,1435,run100
