block,stimulus,response,score,rt,name
1,love,a,1,864,p1
1,joy,a,1,825,p1
1,good,a,1,737,p1
1,pleasure,a,1,649,p1
1,hurt,l,1,693,p1
1,evil,l,1,456,p1
1,agony,l,1,1162,p1
1,nasty,l,1,686,p1
1,happy,a,1,667,p1
1,bad,l,1,672,p1
2,white4,a,1,2146,p1
2,black2,l,1,1255,p1
2,white5,a,1,938,p1
2,black1,l,1,633,p1
2,white2,a,1,1289,p1
2,black5,l,1,545,p1
2,white3,a,1,836,p1
2,white1,a,1,733,p1
2,black4,l,1,521,p1
2,black3,l,1,541,p1
3,white3,a,1,1700,p1
3,happy,a,1,690,p1
3,evil,l,1,594,p1
3,agony,l,1,1217,p1
3,nasty,l,1,600,p1
3,joy,a,1,513,p1
3,black2,l,1,680,p1
3,good,a,1,695,p1
3,black1,l,1,654,p1
3,love,a,1,549,p1
3,black5,l,1,1026,p1
3,white5,a,1,849,p1
3,black4,l,1,780,p1
3,hurt,l,1,692,p1
3,pleasure,a,1,652,p1
3,white1,a,1,874,p1
3,bad,l,1,1042,p1
3,black3,l,1,592,p1
3,white4,a,1,884,p1
3,white2,a,1,824,p1
4,white2,l,1,953,p1
4,black1,a,1,852,p1
4,black5,a,1,594,p1
4,white5,l,1,451,p1
4,black2,a,1,501,p1
4,black4,a,1,489,p1
4,white1,l,1,633,p1
4,black3,a,1,531,p1
4,white4,l,1,631,p1
4,white3,l,1,688,p1
5,white3,l,1,1473,p1
5,white2,l,1,919,p1
5,white4,l,1,827,p1
5,nasty,l,1,1276,p1
5,good,a,1,674,p1
5,agony,l,1,760,p1
5,happy,a,1,626,p1
5,black5,a,1,774,p1
5,black4,a,1,639,p1
5,white5,l,1,767,p1
5,white1,l,1,827,p1
5,hurt,l,1,757,p1
5,joy,a,1,493,p1
5,black3,a,1,731,p1
5,bad,l,1,992,p1
5,evil,l,1,565,p1
5,black1,a,1,767,p1
5,love,a,1,586,p1
5,black2,a,1,509,p1
5,pleasure,a,1,618,p1
1,hurt,l,1,2276,p2
1,nasty,l,1,1006,p2
1,happy,a,1,684,p2
1,good,a,1,547,p2
1,agony,l,1,889,p2
1,pleasure,a,1,534,p2
1,evil,l,1,435,p2
1,joy,a,1,449,p2
1,bad,l,1,563,p2
1,love,a,1,493,p2
2,black1,l,1,1385,p2
2,black4,l,1,1248,p2
2,white1,a,1,703,p2
2,white5,a,1,740,p2
2,black2,l,1,551,p2
2,white2,a,1,731,p2
2,black3,l,1,572,p2
2,white3,a,1,684,p2
2,white4,a,1,786,p2
2,black5,l,1,546,p2
3,black1,l,1,1585,p2
3,black2,l,1,767,p2
3,good,a,1,789,p2
3,bad,l,1,510,p2
3,nasty,l,1,645,p2
3,white2,a,1,653,p2
3,white5,a,1,548,p2
3,love,a,1,669,p2
3,black5,l,1,583,p2
3,joy,a,1,592,p2
3,happy,a,1,563,p2
3,white3,a,1,609,p2
3,agony,l,1,856,p2
3,evil,l,1,431,p2
3,white4,a,1,646,p2
3,hurt,l,1,610,p2
3,black3,l,1,739,p2
3,white1,a,1,623,p2
3,pleasure,a,1,475,p2
3,black4,l,1,582,p2
4,white2,a,0,556,p2
4,black3,a,1,1667,p2
4,white1,l,1,788,p2
4,black4,a,1,533,p2
4,black5,a,1,698,p2
4,black2,a,1,502,p2
4,white4,l,1,564,p2
4,white5,l,1,569,p2
4,black1,a,1,346,p2
4,white3,l,1,513,p2
5,black2,a,1,800,p2
5,joy,a,1,692,p2
5,white2,l,1,577,p2
5,black5,a,1,580,p2
5,white1,l,1,575,p2
5,hurt,a,0,1311,p2
5,agony,l,1,1092,p2
5,bad,l,1,870,p2
5,nasty,l,1,657,p2
5,white4,l,1,744,p2
5,happy,a,1,774,p2
5,pleasure,a,1,655,p2
5,evil,l,1,618,p2
5,good,a,1,759,p2
5,love,a,1,518,p2
5,white5,l,1,623,p2
5,white3,l,1,512,p2
5,black4,a,1,582,p2
5,black1,a,1,458,p2
5,black3,a,1,378,p2
1,good,a,1,1948,p3
1,pleasure,a,1,1104,p3
1,evil,l,1,943,p3
1,hurt,l,1,807,p3
1,joy,a,1,857,p3
1,love,a,1,619,p3
1,happy,a,1,667,p3
1,bad,l,1,762,p3
1,agony,l,1,963,p3
1,nasty,l,1,933,p3
2,white2,a,1,1569,p3
2,white5,a,1,2001,p3
2,black1,l,1,1348,p3
2,white4,a,1,1552,p3
2,white1,a,1,1219,p3
2,white3,a,1,931,p3
2,black2,l,1,1112,p3
2,black3,l,1,765,p3
2,black4,l,1,625,p3
2,black5,l,1,619,p3
3,white3,a,1,1260,p3
3,bad,l,1,1220,p3
3,evil,l,1,860,p3
3,white4,a,1,1289,p3
3,good,a,1,801,p3
3,joy,a,1,699,p3
3,pleasure,a,1,576,p3
3,love,a,1,628,p3
3,agony,l,1,854,p3
3,white1,a,1,1436,p3
3,black4,l,1,756,p3
3,nasty,l,1,846,p3
3,black3,l,1,743,p3
3,happy,a,1,698,p3
3,black2,l,1,777,p3
3,hurt,l,1,651,p3
3,white5,a,1,642,p3
3,black5,l,1,642,p3
3,white2,a,1,704,p3
3,black1,l,1,574,p3
4,black3,a,1,849,p3
4,black5,a,1,635,p3
4,white4,l,1,729,p3
4,black2,a,1,663,p3
4,white2,l,1,571,p3
4,black1,a,1,625,p3
4,black4,a,1,791,p3
4,white5,l,1,572,p3
4,white1,l,1,751,p3
4,white3,l,1,780,p3
5,good,a,1,1102,p3
5,black4,a,1,787,p3
5,black2,a,1,1005,p3
5,happy,a,1,627,p3
5,joy,a,1,695,p3
5,white2,l,1,1309,p3
5,love,a,1,1072,p3
5,pleasure,a,1,800,p3
5,black5,a,1,1074,p3
5,agony,l,1,761,p3
5,white3,l,1,1306,p3
5,black1,a,1,1033,p3
5,black3,a,1,738,p3
5,nasty,l,1,869,p3
5,white1,l,1,948,p3
5,white4,l,1,688,p3
5,hurt,l,1,685,p3
5,evil,l,1,940,p3
5,bad,l,1,910,p3
5,white5,l,1,861,p3
1,evil,l,1,1409,p4
1,happy,a,1,729,p4
1,love,a,1,645,p4
1,good,a,1,528,p4
1,agony,l,1,730,p4
1,nasty,l,1,579,p4
1,hurt,l,1,545,p4
1,bad,l,1,518,p4
1,pleasure,a,1,521,p4
1,joy,a,1,511,p4
2,black1,a,0,4253,p4
2,black3,l,1,1498,p4
2,white5,l,0,1575,p4
2,black2,l,1,1473,p4
2,black5,a,0,2696,p4
2,white3,l,0,2836,p4
2,white2,a,1,2932,p4
2,black4,a,0,1038,p4
2,white4,a,1,1072,p4
2,white1,l,0,1836,p4
3,hurt,l,1,943,p4
3,white1,l,0,2167,p4
3,white5,a,1,1428,p4
3,white3,a,1,3681,p4
3,black3,a,0,2461,p4
3,white4,a,1,2330,p4
3,evil,l,1,782,p4
3,black2,a,0,1688,p4
3,joy,a,1,1217,p4
3,nasty,l,1,821,p4
3,pleasure,a,1,755,p4
3,black1,a,0,1897,p4
3,good,a,1,1289,p4
3,white2,a,1,892,p4
3,black4,l,1,1458,p4
3,black5,l,1,1121,p4
3,love,a,1,827,p4
3,bad,l,1,1054,p4
3,agony,l,1,725,p4
3,happy,a,1,581,p4
4,white2,a,0,1526,p4
4,black4,a,1,1928,p4
4,black2,a,1,1167,p4
4,black5,a,1,509,p4
4,black3,a,1,498,p4
4,white5,a,0,425,p4
4,black1,a,1,1041,p4
4,white4,a,0,626,p4
4,white3,l,1,3643,p4
4,white1,l,1,1759,p4
5,black1,a,1,1668,p4
5,black4,l,0,1758,p4
5,white3,a,0,1253,p4
5,white5,a,0,1172,p4
5,black3,a,1,1571,p4
5,evil,l,1,936,p4
5,good,a,1,815,p4
5,white4,a,0,1389,p4
5,happy,a,1,600,p4
5,hurt,l,1,865,p4
5,black5,a,1,953,p4
5,pleasure,a,1,667,p4
5,nasty,l,1,718,p4
5,agony,l,1,887,p4
5,white1,a,0,1001,p4
5,white2,a,0,1374,p4
5,love,a,1,736,p4
5,black2,a,1,947,p4
5,joy,a,1,599,p4
5,bad,l,1,682,p4
1,love,a,1,1868,p5
1,good,a,1,1225,p5
1,agony,l,1,1033,p5
1,bad,l,1,1185,p5
1,joy,a,1,868,p5
1,nasty,l,1,778,p5
1,happy,a,1,627,p5
1,hurt,l,1,654,p5
1,evil,l,1,651,p5
1,pleasure,a,1,612,p5
2,white1,a,1,1613,p5
2,black5,l,1,931,p5
2,white3,a,1,729,p5
2,white4,a,1,724,p5
2,black3,l,1,787,p5
2,black1,l,1,1349,p5
2,white2,a,1,793,p5
2,black2,l,1,921,p5
2,white5,a,1,676,p5
2,black4,l,1,750,p5
3,pleasure,a,1,4418,p5
3,happy,a,1,1003,p5
3,hurt,l,1,1529,p5
3,black3,l,1,2416,p5
3,black5,l,1,1640,p5
3,white2,a,1,1167,p5
3,white3,a,1,1122,p5
3,good,a,1,1684,p5
3,love,a,1,1219,p5
3,bad,l,1,1088,p5
3,agony,l,1,681,p5
3,evil,l,1,520,p5
3,white5,a,1,1669,p5
3,white4,a,1,948,p5
3,black2,l,1,1101,p5
3,white1,a,1,988,p5
3,black4,l,1,838,p5
3,black1,l,1,942,p5
3,nasty,l,1,2039,p5
3,joy,a,1,1177,p5
4,black3,a,1,1394,p5
4,black5,a,1,795,p5
4,white3,l,1,1072,p5
4,white1,l,1,1155,p5
4,black4,a,1,1076,p5
4,white5,l,1,1085,p5
4,white4,l,1,942,p5
4,white2,l,1,951,p5
4,black2,a,1,1015,p5
4,black1,a,1,708,p5
5,white2,l,1,1042,p5
5,white3,l,1,779,p5
5,black2,a,1,677,p5
5,black1,a,1,739,p5
5,evil,l,1,1156,p5
5,hurt,l,1,730,p5
5,black3,a,1,988,p5
5,black4,a,1,897,p5
5,black5,a,1,794,p5
5,agony,l,1,999,p5
5,nasty,l,1,1366,p5
5,white5,l,1,1315,p5
5,white1,l,1,958,p5
5,happy,a,1,1108,p5
5,joy,a,1,933,p5
5,love,a,1,1285,p5
5,pleasure,a,1,1358,p5
5,good,a,1,766,p5
5,white4,l,1,1705,p5
5,bad,l,1,765,p5
1,bad,l,1,1978,p6
1,hurt,l,1,716,p6
1,joy,a,1,442,p6
1,love,a,1,438,p6
1,pleasure,a,1,494,p6
1,agony,l,1,412,p6
1,nasty,l,1,879,p6
1,evil,l,1,445,p6
1,good,a,1,454,p6
1,happy,a,1,430,p6
2,white2,a,1,1005,p6
2,white1,a,1,738,p6
2,black2,l,1,694,p6
2,black4,l,1,546,p6
2,black1,l,1,604,p6
2,white3,a,1,510,p6
2,black3,l,1,533,p6
2,white5,a,1,553,p6
2,black5,l,1,483,p6
2,white4,a,1,570,p6
3,black2,l,1,986,p6
3,white3,a,1,543,p6
3,white2,a,1,692,p6
3,white5,a,1,703,p6
3,agony,l,1,932,p6
3,black1,l,1,593,p6
3,good,a,1,652,p6
3,black5,l,1,568,p6
3,pleasure,a,1,596,p6
3,hurt,l,1,520,p6
3,bad,l,1,738,p6
3,white1,a,1,549,p6
3,joy,a,1,554,p6
3,love,a,1,718,p6
3,nasty,l,1,429,p6
3,black3,l,1,532,p6
3,white4,a,1,496,p6
3,evil,l,1,511,p6
3,black4,l,1,476,p6
3,happy,a,1,571,p6
4,white4,l,1,1632,p6
4,white1,l,1,602,p6
4,black5,a,1,1763,p6
4,black2,a,1,633,p6
4,white2,l,1,491,p6
4,black3,a,1,622,p6
4,black4,a,1,399,p6
4,white3,l,1,489,p6
4,black1,a,1,334,p6
4,white5,l,1,440,p6
5,nasty,l,1,657,p6
5,white3,l,1,518,p6
5,hurt,l,1,1233,p6
5,black3,a,1,832,p6
5,love,a,1,1325,p6
5,pleasure,a,1,547,p6
5,white1,l,1,761,p6
5,white5,l,1,515,p6
5,good,a,1,553,p6
5,white2,l,1,444,p6
5,bad,l,1,645,p6
5,black4,a,1,461,p6
5,white4,l,1,471,p6
5,happy,a,1,412,p6
5,agony,l,1,447,p6
5,joy,a,1,484,p6
5,black5,a,1,539,p6
5,black2,a,1,623,p6
5,black1,a,1,479,p6
5,evil,l,1,534,p6
1,bad,l,1,1408,p7
1,evil,l,1,1662,p7
1,pleasure,a,1,1264,p7
1,nasty,l,1,2423,p7
1,happy,a,1,778,p7
1,hurt,l,1,1057,p7
1,joy,a,1,872,p7
1,good,a,1,654,p7
1,love,a,1,798,p7
1,agony,l,1,1808,p7
2,black1,l,1,1295,p7
2,white3,l,0,1321,p7
2,black2,l,1,1666,p7
2,black3,l,1,1331,p7
2,white1,l,0,1479,p7
2,black4,l,1,1051,p7
2,white2,a,1,1020,p7
2,white5,a,1,1578,p7
2,black5,l,1,850,p7
2,white4,a,1,1587,p7
3,nasty,l,1,1477,p7
3,pleasure,a,1,809,p7
3,white4,a,1,1326,p7
3,hurt,l,1,969,p7
3,black4,l,1,1320,p7
3,black3,l,1,1151,p7
3,evil,l,1,1016,p7
3,bad,l,1,763,p7
3,love,a,1,724,p7
3,black2,l,1,1458,p7
3,happy,a,1,721,p7
3,white5,a,1,1267,p7
3,joy,a,1,845,p7
3,black5,l,1,658,p7
3,good,a,1,702,p7
3,agony,l,1,906,p7
3,white3,a,1,1327,p7
3,white1,a,1,1200,p7
3,white2,a,1,773,p7
3,black1,l,1,594,p7
4,white2,l,1,970,p7
4,white1,l,1,863,p7
4,white4,l,1,1083,p7
4,black1,a,1,877,p7
4,black3,a,1,776,p7
4,black5,a,1,715,p7
4,white3,a,0,1565,p7
4,white5,l,1,1577,p7
4,black2,a,1,732,p7
4,black4,a,1,1045,p7
5,pleasure,a,1,1692,p7
5,love,a,1,1194,p7
5,happy,a,1,1073,p7
5,black4,a,1,1154,p7
5,white5,l,1,897,p7
5,black2,a,1,1065,p7
5,agony,a,0,1594,p7
5,white4,l,1,1379,p7
5,white1,l,1,1178,p7
5,white2,l,1,1143,p7
5,black1,a,1,863,p7
5,nasty,l,1,2058,p7
5,black5,a,1,1133,p7
5,bad,l,1,1561,p7
5,joy,a,1,1917,p7
5,evil,l,1,1662,p7
5,black3,a,1,1311,p7
5,white3,l,1,1946,p7
5,hurt,l,1,1672,p7
5,good,a,1,1110,p7
1,agony,l,1,3058,p8
1,happy,a,1,1087,p8
1,bad,l,1,1034,p8
1,good,a,1,900,p8
1,love,a,1,967,p8
1,evil,l,1,1037,p8
1,hurt,l,1,853,p8
1,pleasure,a,1,1093,p8
1,nasty,l,1,906,p8
1,joy,a,1,768,p8
2,white3,a,1,1519,p8
2,white2,a,1,1410,p8
2,black4,l,1,828,p8
2,black1,l,1,940,p8
2,white4,a,1,923,p8
2,black5,l,1,700,p8
2,white1,a,1,922,p8
2,white5,l,0,589,p8
2,black2,l,1,1010,p8
2,black3,l,1,834,p8
3,black1,l,1,5096,p8
3,good,a,1,1123,p8
3,white5,a,1,1207,p8
3,black3,l,1,580,p8
3,nasty,l,1,898,p8
3,white2,a,1,1416,p8
3,black2,l,1,1209,p8
3,happy,a,1,786,p8
3,agony,l,1,1422,p8
3,love,a,1,564,p8
3,joy,a,1,603,p8
3,black4,l,1,634,p8
3,white4,a,1,616,p8
3,bad,l,1,967,p8
3,white3,a,1,709,p8
3,hurt,l,1,1030,p8
3,white1,a,1,579,p8
3,evil,l,1,557,p8
3,black5,l,1,593,p8
3,pleasure,a,1,668,p8
4,white4,l,1,1127,p8
4,black4,a,1,779,p8
4,white2,l,1,1582,p8
4,black5,a,1,1376,p8
4,black3,a,1,1595,p8
4,white1,l,1,1652,p8
4,black1,a,1,1558,p8
4,black2,l,0,1374,p8
4,white5,l,1,3443,p8
4,white3,l,1,808,p8
5,white2,l,1,1621,p8
5,black2,a,1,950,p8
5,love,a,1,2169,p8
5,black5,a,1,1443,p8
5,white1,l,1,939,p8
5,hurt,l,1,1331,p8
5,white5,l,1,1331,p8
5,black4,a,1,607,p8
5,black1,a,1,641,p8
5,pleasure,l,0,880,p8
5,evil,l,1,2775,p8
5,white3,l,1,780,p8
5,bad,l,1,1451,p8
5,white4,l,1,637,p8
5,happy,a,1,610,p8
5,good,a,1,443,p8
5,joy,a,1,575,p8
5,agony,l,1,805,p8
5,nasty,l,1,735,p8
5,black3,a,1,719,p8
1,hurt,l,1,6049,p9
1,happy,a,1,1177,p9
1,pleasure,a,1,1309,p9
1,agony,l,1,1424,p9
1,love,a,1,2940,p9
1,bad,l,1,2114,p9
1,good,a,1,845,p9
1,evil,l,1,1442,p9
1,nasty,l,1,1597,p9
1,joy,a,1,815,p9
2,white3,a,1,2960,p9
2,white4,a,1,2449,p9
2,black4,l,1,1490,p9
2,black2,l,1,965,p9
2,black1,l,1,1555,p9
2,black5,l,1,939,p9
2,black3,l,1,1658,p9
2,white1,a,1,893,p9
2,white2,a,1,771,p9
2,white5,a,1,765,p9
3,pleasure,a,1,3219,p9
3,white3,a,1,1706,p9
3,happy,a,1,1171,p9
3,white1,a,1,1163,p9
3,agony,l,1,1091,p9
3,joy,a,1,694,p9
3,black4,l,1,873,p9
3,nasty,l,1,895,p9
3,black5,l,1,868,p9
3,bad,l,1,930,p9
3,white2,a,1,734,p9
3,black2,l,1,667,p9
3,hurt,l,1,958,p9
3,black1,l,1,965,p9
3,white5,a,1,793,p9
3,good,a,1,1554,p9
3,love,a,1,6876,p9
3,white4,a,1,1222,p9
3,black3,l,1,759,p9
3,evil,l,1,830,p9
4,white3,l,1,5447,p9
4,white5,l,1,4799,p9
4,white4,l,1,2493,p9
4,black3,a,1,834,p9
4,black5,a,1,1898,p9
4,black4,a,1,1559,p9
4,white1,l,1,2409,p9
4,white2,l,1,1616,p9
4,black1,a,1,1009,p9
4,black2,a,1,606,p9
5,black2,a,1,2591,p9
5,white4,l,1,1910,p9
5,white2,l,1,3810,p9
5,happy,a,1,1817,p9
5,love,a,1,1490,p9
5,pleasure,a,1,1318,p9
5,joy,a,1,1122,p9
5,white1,a,0,2683,p9
5,agony,l,1,5547,p9
5,hurt,l,1,1075,p9
5,black3,a,1,1741,p9
5,white5,l,1,1941,p9
5,nasty,l,1,1449,p9
5,white3,l,1,1615,p9
5,bad,l,1,3392,p9
5,evil,l,1,1483,p9
5,black1,a,1,1541,p9
5,black4,a,1,1299,p9
5,black5,a,1,877,p9
5,good,a,1,2287,p9
1,nasty,l,1,1606,p10
1,happy,a,1,889,p10
1,bad,l,1,725,p10
1,agony,l,1,872,p10
1,pleasure,a,1,607,p10
1,evil,l,1,752,p10
1,joy,a,1,600,p10
1,good,a,1,821,p10
1,hurt,l,1,690,p10
1,love,a,1,715,p10
2,white2,a,1,2852,p10
2,white1,a,1,2065,p10
2,white4,a,1,1619,p10
2,black4,l,1,1047,p10
2,white3,l,0,1188,p10
2,black5,l,1,1457,p10
2,black1,l,1,1541,p10
2,white5,a,1,1347,p10
2,black2,l,1,1267,p10
2,black3,l,1,1494,p10
3,black3,l,1,1639,p10
3,evil,l,1,1357,p10
3,pleasure,a,1,1242,p10
3,white4,a,1,2207,p10
3,nasty,l,1,1296,p10
3,white1,a,1,2493,p10
3,black1,l,1,946,p10
3,love,a,1,1133,p10
3,good,a,1,910,p10
3,black2,l,1,712,p10
3,bad,l,1,3416,p10
3,happy,a,1,2463,p10
3,hurt,l,1,1562,p10
3,white5,a,1,1541,p10
3,joy,a,1,1139,p10
3,white2,a,1,1458,p10
3,white3,a,1,1126,p10
3,black5,l,1,1189,p10
3,black4,l,1,1907,p10
3,agony,l,1,3700,p10
4,black4,l,0,7044,p10
4,white1,l,1,4351,p10
4,white2,l,1,4344,p10
4,black2,a,1,1531,p10
4,white4,l,1,3149,p10
4,white5,l,1,1759,p10
4,black5,a,1,1753,p10
4,black3,a,1,1404,p10
4,black1,a,1,1173,p10
4,white3,l,1,887,p10
5,black5,a,1,1521,p10
5,joy,a,1,1837,p10
5,bad,l,1,1261,p10
5,white1,l,1,1880,p10
5,agony,l,1,1177,p10
5,evil,l,1,2819,p10
5,black4,a,1,1091,p10
5,good,l,0,1544,p10
5,white2,l,1,1646,p10
5,pleasure,a,1,1786,p10
5,black3,a,1,944,p10
5,black1,a,1,1304,p10
5,nasty,l,1,1216,p10
5,white3,l,1,1214,p10
5,hurt,l,1,1123,p10
5,love,a,1,674,p10
5,black2,a,1,989,p10
5,white4,l,1,603,p10
5,white5,l,1,1172,p10
5,happy,a,1,1014,p10
1,bad,l,1,4460,p11
1,pleasure,a,1,1064,p11
1,nasty,l,1,904,p11
1,evil,l,1,725,p11
1,hurt,l,1,977,p11
1,love,a,1,723,p11
1,agony,l,1,768,p11
1,happy,a,1,642,p11
1,good,a,1,659,p11
1,joy,a,1,802,p11
2,white5,a,1,1743,p11
2,black4,l,1,1164,p11
2,black3,l,1,654,p11
2,white1,a,1,734,p11
2,white3,a,1,722,p11
2,black2,l,1,686,p11
2,black5,l,1,612,p11
2,black1,l,1,926,p11
2,white2,a,1,619,p11
2,white4,a,1,603,p11
3,black2,l,1,2612,p11
3,white4,a,1,1004,p11
3,good,a,1,1669,p11
3,black1,l,1,2043,p11
3,pleasure,a,1,963,p11
3,happy,a,1,974,p11
3,white2,a,1,729,p11
3,black5,l,1,676,p11
3,white1,a,1,748,p11
3,black3,l,1,888,p11
3,evil,l,1,765,p11
3,nasty,l,1,690,p11
3,hurt,l,1,743,p11
3,bad,l,1,667,p11
3,love,a,1,715,p11
3,white5,a,1,727,p11
3,white3,a,1,517,p11
3,joy,a,1,650,p11
3,agony,l,1,705,p11
3,black4,l,1,767,p11
4,black4,a,1,2230,p11
4,white3,l,1,829,p11
4,black1,a,1,886,p11
4,white5,l,1,644,p11
4,white1,l,1,548,p11
4,black2,a,1,744,p11
4,white2,l,1,796,p11
4,black5,a,1,918,p11
4,white4,l,1,1466,p11
4,black3,a,1,793,p11
5,black4,a,1,2432,p11
5,nasty,a,0,1071,p11
5,white1,l,1,1422,p11
5,black1,a,1,1431,p11
5,evil,l,1,999,p11
5,good,l,0,1002,p11
5,black5,a,1,1834,p11
5,pleasure,a,1,1010,p11
5,joy,a,1,794,p11
5,white4,l,1,1460,p11
5,bad,l,1,1411,p11
5,white5,l,1,1276,p11
5,love,a,1,1619,p11
5,black2,a,1,922,p11
5,happy,a,1,807,p11
5,hurt,l,1,1145,p11
5,white2,l,1,1340,p11
5,white3,l,1,744,p11
5,agony,l,1,1372,p11
5,black3,a,1,1358,p11
1,joy,a,1,872,p12
1,hurt,l,1,823,p12
1,love,a,1,656,p12
1,good,a,1,567,p12
1,evil,l,1,633,p12
1,happy,a,1,459,p12
1,agony,l,1,506,p12
1,pleasure,a,1,430,p12
1,bad,l,1,551,p12
1,nasty,l,1,532,p12
2,black4,l,1,1204,p12
2,white3,a,1,904,p12
2,black5,l,1,610,p12
2,black1,l,1,571,p12
2,black2,l,1,984,p12
2,white4,a,1,961,p12
2,black3,l,1,635,p12
2,white1,a,1,900,p12
2,white2,a,1,890,p12
2,white5,a,1,881,p12
3,white2,a,1,898,p12
3,black5,l,1,668,p12
3,black2,l,1,592,p12
3,nasty,l,1,1661,p12
3,happy,a,1,796,p12
3,white1,a,1,1073,p12
3,hurt,l,1,1076,p12
3,bad,l,1,995,p12
3,white4,a,1,868,p12
3,agony,l,1,779,p12
3,evil,l,1,686,p12
3,joy,a,1,596,p12
3,black3,l,1,783,p12
3,pleasure,a,1,585,p12
3,love,a,1,557,p12
3,black1,l,1,720,p12
3,white3,a,1,1180,p12
3,white5,a,1,742,p12
3,good,a,1,482,p12
3,black4,l,1,673,p12
4,white3,l,1,881,p12
4,white1,l,1,623,p12
4,black1,a,1,633,p12
4,black4,a,1,585,p12
4,white2,l,1,687,p12
4,white5,l,1,547,p12
4,black3,a,1,590,p12
4,black2,a,1,572,p12
4,black5,a,1,1067,p12
4,white4,l,1,634,p12
5,nasty,l,1,1726,p12
5,black4,a,1,898,p12
5,black5,a,1,566,p12
5,white2,l,1,1722,p12
5,white5,l,1,767,p12
5,joy,a,1,1301,p12
5,black2,a,1,910,p12
5,love,a,1,779,p12
5,agony,l,1,925,p12
5,white1,l,1,770,p12
5,bad,l,1,861,p12
5,pleasure,a,1,667,p12
5,white3,l,1,778,p12
5,black1,a,1,613,p12
5,evil,l,1,766,p12
5,white4,l,1,601,p12
5,hurt,l,1,598,p12
5,good,a,1,564,p12
5,black3,a,1,775,p12
5,happy,a,1,603,p12
1,pleasure,a,1,1575,p13
1,happy,a,1,1138,p13
1,joy,a,1,709,p13
1,love,a,1,723,p13
1,hurt,l,1,1135,p13
1,nasty,l,1,801,p13
1,bad,l,1,698,p13
1,evil,l,1,667,p13
1,agony,l,1,841,p13
1,good,a,1,994,p13
2,white4,a,1,1883,p13
2,black5,l,1,723,p13
2,white3,a,1,2014,p13
2,black3,l,1,1231,p13
2,white5,a,1,3288,p13
2,black2,l,1,857,p13
2,white1,a,1,1660,p13
2,black4,l,1,625,p13
2,white2,a,1,1627,p13
2,black1,l,1,746,p13
3,black2,l,1,1251,p13
3,black4,l,1,990,p13
3,good,a,1,856,p13
3,white4,a,1,1071,p13
3,happy,a,1,675,p13
3,hurt,l,1,789,p13
3,agony,a,0,982,p13
3,black5,l,1,2415,p13
3,white1,a,1,1448,p13
3,bad,l,1,1136,p13
3,white5,a,1,1405,p13
3,nasty,l,1,774,p13
3,white3,a,1,999,p13
3,pleasure,a,1,735,p13
3,evil,l,1,635,p13
3,joy,a,1,686,p13
3,white2,a,1,1339,p13
3,black3,l,1,1000,p13
3,black1,l,1,673,p13
3,love,a,1,929,p13
4,black3,a,1,1579,p13
4,white1,l,1,2204,p13
4,black1,a,1,1324,p13
4,white4,l,1,858,p13
4,white5,l,1,1120,p13
4,black5,a,1,1004,p13
4,white3,l,1,909,p13
4,white2,l,1,884,p13
4,black2,a,1,849,p13
4,black4,a,1,762,p13
5,black3,a,1,945,p13
5,joy,a,1,1572,p13
5,white3,l,1,1493,p13
5,agony,l,1,1524,p13
5,good,a,1,848,p13
5,white5,l,1,992,p13
5,white1,l,1,769,p13
5,bad,l,1,1065,p13
5,love,a,1,783,p13
5,nasty,l,1,865,p13
5,black2,a,1,788,p13
5,evil,l,1,941,p13
5,happy,a,1,721,p13
5,white4,l,1,1086,p13
5,black5,a,1,1036,p13
5,black1,a,1,715,p13
5,white2,l,1,800,p13
5,black4,a,1,682,p13
5,hurt,l,1,768,p13
5,pleasure,a,1,715,p13
1,happy,a,1,815,p14
1,joy,a,1,687,p14
1,pleasure,a,1,537,p14
1,love,a,1,482,p14
1,agony,l,1,553,p14
1,nasty,l,1,489,p14
1,evil,l,1,554,p14
1,bad,l,1,482,p14
1,good,a,1,428,p14
1,hurt,l,1,590,p14
2,black3,l,1,1138,p14
2,white4,a,1,1487,p14
2,white1,a,1,1212,p14
2,black4,l,1,557,p14
2,white2,a,1,1193,p14
2,white3,a,1,942,p14
2,black5,l,1,550,p14
2,white5,a,1,802,p14
2,black2,l,1,799,p14
2,black1,l,1,812,p14
3,bad,l,1,2502,p14
3,black3,l,1,1385,p14
3,white3,a,1,683,p14
3,black2,l,1,897,p14
3,white1,a,1,639,p14
3,evil,l,1,695,p14
3,black5,l,1,705,p14
3,good,a,1,682,p14
3,black1,l,1,722,p14
3,white2,a,1,842,p14
3,black4,l,1,646,p14
3,agony,l,1,846,p14
3,nasty,l,1,479,p14
3,white4,a,1,612,p14
3,joy,a,1,716,p14
3,hurt,l,1,628,p14
3,happy,a,1,516,p14
3,white5,a,1,909,p14
3,pleasure,a,1,647,p14
3,love,a,1,503,p14
4,black2,a,1,1628,p14
4,black1,a,1,3251,p14
4,white1,l,1,3074,p14
4,black3,a,1,1071,p14
4,white2,l,1,981,p14
4,black4,a,1,1096,p14
4,white5,l,1,858,p14
4,black5,a,1,1157,p14
4,white3,l,1,855,p14
4,white4,l,1,742,p14
5,joy,a,1,1381,p14
5,pleasure,a,1,1093,p14
5,white3,l,1,1163,p14
5,good,a,1,1294,p14
5,black1,a,1,1667,p14
5,black4,a,1,618,p14
5,love,a,1,1779,p14
5,bad,l,1,1252,p14
5,black5,a,1,890,p14
5,happy,l,0,1084,p14
5,white5,l,1,1078,p14
5,agony,l,1,1541,p14
5,black2,a,1,897,p14
5,white4,l,1,652,p14
5,nasty,l,1,1150,p14
5,white2,l,1,933,p14
5,evil,a,0,726,p14
5,white1,l,1,1355,p14
5,hurt,l,1,1270,p14
5,black3,a,1,1083,p14
1,pleasure,a,1,1430,p15
1,bad,l,1,943,p15
1,hurt,l,1,1251,p15
1,happy,a,1,1035,p15
1,good,a,1,1610,p15
1,love,a,1,1401,p15
1,agony,l,1,1388,p15
1,evil,l,1,1518,p15
1,nasty,l,1,1290,p15
1,joy,a,1,1007,p15
2,black4,l,1,1727,p15
2,white4,a,1,1583,p15
2,white3,a,1,2124,p15
2,black3,l,1,1655,p15
2,black5,l,1,2061,p15
2,white5,a,1,1469,p15
2,black1,l,1,2531,p15
2,white1,a,1,2797,p15
2,white2,a,1,2087,p15
2,black2,l,1,1772,p15
3,black1,l,1,2608,p15
3,love,a,1,1955,p15
3,good,a,1,3389,p15
3,black4,l,1,2549,p15
3,joy,a,1,2943,p15
3,happy,a,1,1466,p15
3,white4,a,1,2304,p15
3,white5,a,1,2021,p15
3,white1,a,1,2475,p15
3,bad,a,0,1811,p15
3,agony,l,1,2682,p15
3,hurt,l,1,1807,p15
3,evil,l,1,2871,p15
3,black5,l,1,2298,p15
3,pleasure,a,1,1242,p15
3,black3,l,1,1289,p15
3,white3,a,1,3332,p15
3,nasty,l,1,1952,p15
3,black2,l,1,2411,p15
3,white2,a,1,1683,p15
4,white5,l,1,1367,p15
4,black3,a,1,1048,p15
4,black4,a,1,1224,p15
4,black5,a,1,1248,p15
4,white1,l,1,1159,p15
4,black2,a,1,1284,p15
4,white4,l,1,1393,p15
4,white2,l,1,1619,p15
4,black1,a,1,2875,p15
4,white3,l,1,1728,p15
5,white2,l,1,2174,p15
5,good,a,1,1022,p15
5,nasty,l,1,1400,p15
5,white1,l,1,1991,p15
5,hurt,l,1,1842,p15
5,black5,a,1,1193,p15
5,black3,a,1,1360,p15
5,evil,l,1,1126,p15
5,white4,l,1,1466,p15
5,black4,a,1,1482,p15
5,pleasure,a,1,1263,p15
5,joy,a,1,1181,p15
5,love,a,1,1366,p15
5,white3,l,1,1139,p15
5,happy,a,1,1143,p15
5,agony,l,1,1568,p15
5,white5,l,1,1308,p15
5,black2,a,1,1240,p15
5,bad,l,1,1216,p15
5,black1,a,1,1450,p15
1,evil,l,1,1510,p16
1,joy,a,1,673,p16
1,happy,a,1,478,p16
1,agony,l,1,533,p16
1,pleasure,a,1,472,p16
1,bad,l,1,581,p16
1,good,a,1,402,p16
1,hurt,l,1,532,p16
1,nasty,l,1,489,p16
1,love,a,1,504,p16
2,white1,a,1,1473,p16
2,black2,l,1,654,p16
2,black3,l,1,620,p16
2,white5,a,1,587,p16
2,black5,l,1,482,p16
2,black1,l,1,1178,p16
2,white2,a,1,612,p16
2,white3,a,1,671,p16
2,black4,l,1,526,p16
2,white4,a,1,545,p16
3,love,a,1,903,p16
3,white1,a,1,552,p16
3,hurt,l,1,684,p16
3,happy,a,1,615,p16
3,black4,l,1,518,p16
3,pleasure,a,1,563,p16
3,black5,l,1,495,p16
3,agony,l,1,645,p16
3,joy,a,1,525,p16
3,black3,l,1,522,p16
3,white2,a,1,592,p16
3,nasty,l,1,580,p16
3,good,a,1,507,p16
3,bad,l,1,531,p16
3,white5,a,1,552,p16
3,white3,a,1,500,p16
3,black2,l,1,410,p16
3,evil,l,1,681,p16
3,black1,l,1,578,p16
3,white4,a,1,588,p16
4,black3,a,1,1554,p16
4,black1,a,1,922,p16
4,black4,a,1,823,p16
4,white1,l,1,885,p16
4,black5,a,1,667,p16
4,white5,l,1,784,p16
4,white4,l,1,977,p16
4,white3,l,1,813,p16
4,white2,l,1,909,p16
4,black2,a,1,675,p16
5,black1,a,1,1353,p16
5,love,a,1,1210,p16
5,white4,l,1,780,p16
5,bad,l,1,900,p16
5,pleasure,a,1,1375,p16
5,white3,l,1,667,p16
5,evil,l,1,786,p16
5,black2,a,1,634,p16
5,agony,l,1,785,p16
5,good,a,1,829,p16
5,black3,a,1,717,p16
5,white5,l,1,2151,p16
5,nasty,l,1,2277,p16
5,happy,a,1,1223,p16
5,black5,a,1,678,p16
5,joy,a,1,649,p16
5,hurt,l,1,727,p16
5,white2,l,1,1008,p16
5,black4,a,1,767,p16
5,white1,l,1,928,p16
1,evil,l,1,1277,p17
1,love,a,1,1036,p17
1,happy,a,1,969,p17
1,nasty,l,1,679,p17
1,hurt,l,1,886,p17
1,good,a,1,907,p17
1,agony,l,1,696,p17
1,pleasure,a,1,670,p17
1,bad,l,1,1317,p17
1,joy,a,1,738,p17
2,white2,a,1,769,p17
2,white4,a,1,1149,p17
2,white3,a,1,703,p17
2,black5,l,1,861,p17
2,white1,a,1,837,p17
2,white5,a,1,701,p17
2,black4,l,1,675,p17
2,black2,l,1,609,p17
2,black1,l,1,930,p17
2,black3,l,1,752,p17
3,black5,l,1,885,p17
3,black4,l,1,610,p17
3,black1,l,1,596,p17
3,black2,l,1,542,p17
3,pleasure,a,1,642,p17
3,black3,l,1,786,p17
3,white1,l,0,485,p17
3,bad,l,1,996,p17
3,white2,a,1,867,p17
3,joy,a,1,860,p17
3,white4,a,1,1043,p17
3,white5,a,1,843,p17
3,hurt,l,1,682,p17
3,white3,a,1,587,p17
3,love,a,1,620,p17
3,nasty,l,1,765,p17
3,agony,l,1,641,p17
3,evil,l,1,601,p17
3,happy,a,1,586,p17
3,good,a,1,781,p17
4,white1,l,1,1489,p17
4,white4,l,1,646,p17
4,black3,a,1,949,p17
4,white3,l,1,667,p17
4,black4,a,1,705,p17
4,white2,l,1,678,p17
4,black2,a,1,684,p17
4,black5,a,1,651,p17
4,white5,l,1,666,p17
4,black1,a,1,673,p17
5,bad,a,0,1409,p17
5,white3,l,1,1346,p17
5,black4,a,1,742,p17
5,hurt,a,0,994,p17
5,joy,a,1,1987,p17
5,black1,a,1,2197,p17
5,happy,l,0,1270,p17
5,nasty,l,1,2917,p17
5,agony,l,1,1759,p17
5,evil,l,1,578,p17
5,white2,l,1,974,p17
5,black3,a,1,805,p17
5,white1,l,1,1145,p17
5,black2,a,1,621,p17
5,good,l,0,1038,p17
5,black5,a,1,964,p17
5,white5,l,1,546,p17
5,love,a,1,1093,p17
5,pleasure,a,1,540,p17
5,white4,l,1,863,p17
1,love,a,1,997,p18
1,hurt,l,1,719,p18
1,pleasure,a,1,677,p18
1,agony,l,1,701,p18
1,bad,l,1,649,p18
1,happy,a,1,536,p18
1,evil,l,1,478,p18
1,nasty,l,1,533,p18
1,good,a,1,479,p18
1,joy,a,1,561,p18
2,black4,a,0,1183,p18
2,white4,a,1,1017,p18
2,white3,a,1,595,p18
2,white1,a,1,626,p18
2,black3,l,1,549,p18
2,black5,l,1,507,p18
2,white2,a,1,607,p18
2,white5,a,1,824,p18
2,black1,l,1,575,p18
2,black2,l,1,612,p18
3,nasty,l,1,943,p18
3,black2,l,1,1356,p18
3,black1,l,1,964,p18
3,love,a,1,697,p18
3,white5,a,1,812,p18
3,bad,l,1,809,p18
3,good,a,1,624,p18
3,happy,a,1,537,p18
3,joy,a,1,550,p18
3,black4,l,1,986,p18
3,agony,l,1,725,p18
3,white1,a,1,610,p18
3,black5,l,1,556,p18
3,white3,a,1,1262,p18
3,white2,a,1,670,p18
3,white4,a,1,628,p18
3,pleasure,a,1,662,p18
3,evil,l,1,517,p18
3,black3,l,1,628,p18
3,hurt,l,1,955,p18
4,black4,a,1,529,p18
4,black3,a,1,806,p18
4,white1,l,1,904,p18
4,white5,l,1,964,p18
4,black5,a,1,534,p18
4,white3,l,1,964,p18
4,white4,l,1,590,p18
4,white2,l,1,545,p18
4,black2,a,1,509,p18
4,black1,a,1,722,p18
5,nasty,l,1,568,p18
5,agony,l,1,643,p18
5,white4,l,1,635,p18
5,black1,a,1,571,p18
5,black5,a,1,614,p18
5,white5,l,1,725,p18
5,love,a,1,874,p18
5,happy,a,1,548,p18
5,bad,l,1,648,p18
5,pleasure,a,1,583,p18
5,hurt,l,1,578,p18
5,white3,l,1,843,p18
5,good,a,1,1348,p18
5,black2,a,1,646,p18
5,white2,l,1,693,p18
5,white1,l,1,588,p18
5,black3,a,1,583,p18
5,evil,l,1,1016,p18
5,joy,a,1,547,p18
5,black4,a,1,668,p18
1,love,a,1,960,p19
1,happy,a,1,659,p19
1,bad,l,1,522,p19
1,evil,l,1,480,p19
1,pleasure,a,1,670,p19
1,hurt,l,1,669,p19
1,joy,a,1,507,p19
1,agony,l,1,617,p19
1,nasty,l,1,506,p19
1,good,a,1,347,p19
2,black3,l,1,2544,p19
2,black2,l,1,1147,p19
2,white4,a,1,840,p19
2,black5,l,1,687,p19
2,white3,a,1,1149,p19
2,white1,a,1,754,p19
2,white2,a,1,2150,p19
2,black4,l,1,703,p19
2,white5,a,1,2826,p19
2,black1,l,1,5596,p19
3,evil,l,1,12981,p19
3,white3,a,1,2000,p19
3,love,a,1,1673,p19
3,nasty,l,1,1951,p19
3,happy,a,1,769,p19
3,black5,l,1,2301,p19
3,white4,a,1,1487,p19
3,white1,a,1,1094,p19
3,agony,l,1,1877,p19
3,white2,a,1,888,p19
3,black3,l,1,729,p19
3,good,a,1,869,p19
3,bad,l,1,868,p19
3,black4,l,1,2257,p19
3,white5,a,1,894,p19
3,pleasure,a,1,726,p19
3,black1,l,1,1593,p19
3,black2,l,1,651,p19
3,joy,a,1,1204,p19
3,hurt,l,1,612,p19
4,white2,l,1,14825,p19
4,white4,l,1,1344,p19
4,black2,a,1,1373,p19
4,black1,a,1,910,p19
4,white3,l,1,1035,p19
4,black4,a,1,1322,p19
4,white5,l,1,728,p19
4,black5,a,1,1188,p19
4,white1,l,1,894,p19
4,black3,a,1,613,p19
5,hurt,l,1,3554,p19
5,white2,l,1,1921,p19
5,evil,l,1,1366,p19
5,black5,a,1,1178,p19
5,pleasure,a,1,849,p19
5,black2,a,1,2042,p19
5,nasty,l,1,1512,p19
5,white5,l,1,2334,p19
5,white1,l,1,1153,p19
5,black3,a,1,492,p19
5,love,l,0,1682,p19
5,bad,l,1,1424,p19
5,good,a,1,3114,p19
5,agony,l,1,3349,p19
5,joy,a,1,3062,p19
5,black1,a,1,1707,p19
5,white3,l,1,2041,p19
5,white4,l,1,1263,p19
5,happy,a,1,1126,p19
5,black4,a,1,752,p19
1,bad,l,1,916,p20
1,evil,l,1,928,p20
1,joy,a,1,849,p20
1,agony,l,1,798,p20
1,hurt,l,1,847,p20
1,nasty,l,1,638,p20
1,happy,a,1,614,p20
1,love,a,1,621,p20
1,pleasure,a,1,680,p20
1,good,a,1,624,p20
2,black1,l,1,2262,p20
2,black3,l,1,3436,p20
2,black2,l,1,2359,p20
2,white1,a,1,4029,p20
2,white2,a,1,3426,p20
2,black4,l,1,3096,p20
2,black5,l,1,1480,p20
2,white4,a,1,2291,p20
2,white3,a,1,1678,p20
2,white5,a,1,1904,p20
3,black1,l,1,8297,p20
3,black3,l,1,2130,p20
3,evil,l,1,3062,p20
3,white3,a,1,1594,p20
3,nasty,l,1,1712,p20
3,black4,l,1,2209,p20
3,white2,a,1,2361,p20
3,white1,a,1,1520,p20
3,pleasure,a,1,1774,p20
3,good,a,1,1175,p20
3,bad,l,1,1682,p20
3,love,a,1,964,p20
3,white5,a,1,2210,p20
3,happy,a,1,1042,p20
3,hurt,l,1,1518,p20
3,agony,l,1,1078,p20
3,black2,l,1,1572,p20
3,black5,l,1,1302,p20
3,joy,a,1,1317,p20
3,white4,a,1,1319,p20
4,white4,l,1,2212,p20
4,white5,l,1,1760,p20
4,white2,l,1,1766,p20
4,black1,a,1,1649,p20
4,black4,a,1,1151,p20
4,white3,l,1,1071,p20
4,black3,a,1,1137,p20
4,black2,a,1,1302,p20
4,black5,a,1,1099,p20
4,white1,l,1,1096,p20
5,white3,l,1,1607,p20
5,black1,a,1,940,p20
5,nasty,l,1,1164,p20
5,white1,l,1,1018,p20
5,black4,a,1,917,p20
5,hurt,l,1,1211,p20
5,evil,l,1,1057,p20
5,black2,a,1,904,p20
5,agony,l,1,862,p20
5,bad,l,1,989,p20
5,white5,l,1,1361,p20
5,good,a,1,890,p20
5,black5,a,1,819,p20
5,love,a,1,807,p20
5,happy,a,1,697,p20
5,joy,a,1,714,p20
5,pleasure,a,1,627,p20
5,black3,a,1,773,p20
5,white2,l,1,759,p20
5,white4,l,1,1258,p20
1,pleasure,a,1,2412,p21
1,good,a,1,1157,p21
1,hurt,l,1,1070,p21
1,love,a,1,935,p21
1,bad,l,1,817,p21
1,evil,l,1,955,p21
1,agony,l,1,1030,p21
1,joy,a,1,764,p21
1,nasty,l,1,843,p21
1,happy,a,1,719,p21
2,white3,a,1,1578,p21
2,white2,a,1,2005,p21
2,black2,l,1,1125,p21
2,white4,a,1,1930,p21
2,white5,a,1,1638,p21
2,black1,l,1,1261,p21
2,black4,l,1,922,p21
2,white1,a,1,1474,p21
2,black3,l,1,871,p21
2,black5,l,1,893,p21
3,happy,a,1,2131,p21
3,white2,a,1,4727,p21
3,black1,l,1,952,p21
3,black4,l,1,939,p21
3,white3,a,1,1999,p21
3,evil,l,1,1272,p21
3,agony,l,1,845,p21
3,good,a,1,613,p21
3,white1,a,1,1319,p21
3,white4,a,1,2524,p21
3,joy,a,1,845,p21
3,black5,l,1,764,p21
3,hurt,l,1,1082,p21
3,bad,l,1,816,p21
3,pleasure,a,1,729,p21
3,nasty,l,1,614,p21
3,black3,l,1,908,p21
3,love,a,1,1084,p21
3,black2,l,1,1203,p21
3,white5,a,1,1171,p21
4,white1,l,1,3797,p21
4,white3,l,1,1755,p21
4,black4,a,1,704,p21
4,black1,a,1,1395,p21
4,white4,l,1,823,p21
4,white5,l,1,863,p21
4,white2,l,1,1296,p21
4,black3,a,1,709,p21
4,black2,a,1,1048,p21
4,black5,a,1,954,p21
5,white3,l,1,2081,p21
5,bad,l,1,2438,p21
5,white1,l,1,1630,p21
5,pleasure,a,1,1469,p21
5,white4,l,1,1403,p21
5,hurt,l,1,1444,p21
5,good,a,1,876,p21
5,black5,a,1,1146,p21
5,white2,l,1,1941,p21
5,happy,a,1,856,p21
5,nasty,l,1,614,p21
5,black3,a,1,1055,p21
5,evil,l,1,1567,p21
5,agony,l,1,848,p21
5,black1,a,1,1040,p21
5,love,a,1,1961,p21
5,white5,l,1,1131,p21
5,joy,a,1,2479,p21
5,black2,a,1,1029,p21
5,black4,a,1,942,p21
1,pleasure,a,1,3074,p22
1,joy,a,1,1148,p22
1,love,a,1,1459,p22
1,good,a,1,2049,p22
1,evil,l,1,1153,p22
1,agony,l,1,1827,p22
1,happy,a,1,1004,p22
1,nasty,l,1,905,p22
1,bad,l,1,1046,p22
1,hurt,l,1,897,p22
2,black3,l,1,3415,p22
2,black2,l,1,1274,p22
2,black4,l,1,1175,p22
2,white1,a,1,875,p22
2,white2,a,1,736,p22
2,black5,l,1,644,p22
2,black1,l,1,900,p22
2,white5,a,1,1329,p22
2,white3,a,1,725,p22
2,white4,a,1,651,p22
3,black1,l,1,1802,p22
3,white4,a,1,1971,p22
3,happy,a,1,4531,p22
3,pleasure,a,1,1195,p22
3,white5,a,1,3545,p22
3,agony,l,1,2611,p22
3,white1,a,1,4186,p22
3,white3,a,1,3009,p22
3,joy,a,1,1177,p22
3,love,a,1,1467,p22
3,hurt,l,1,1137,p22
3,white2,a,1,933,p22
3,black3,l,1,1802,p22
3,nasty,l,1,939,p22
3,good,a,1,1933,p22
3,black4,a,0,1683,p22
3,black5,l,1,2023,p22
3,evil,l,1,1213,p22
3,bad,l,1,800,p22
3,black2,l,1,1130,p22
4,black2,a,1,1007,p22
4,black5,a,1,855,p22
4,white5,l,1,672,p22
4,white2,l,1,2624,p22
4,white4,l,1,1252,p22
4,white1,l,1,685,p22
4,black4,a,1,643,p22
4,black1,a,1,747,p22
4,white3,l,1,671,p22
4,black3,a,1,2503,p22
5,black5,a,1,1609,p22
5,good,a,1,1651,p22
5,nasty,l,1,1744,p22
5,pleasure,a,1,1658,p22
5,black1,a,1,1562,p22
5,agony,l,1,1291,p22
5,evil,l,1,1395,p22
5,joy,a,1,1018,p22
5,bad,l,1,732,p22
5,white4,l,1,1426,p22
5,black2,a,1,699,p22
5,white1,l,1,896,p22
5,white2,l,1,854,p22
5,hurt,l,1,841,p22
5,black3,a,1,662,p22
5,black4,a,1,583,p22
5,happy,a,1,2169,p22
5,love,a,1,698,p22
5,white5,l,1,687,p22
5,white3,l,1,783,p22
1,happy,a,1,330,p23
1,joy,a,1,255,p23
1,love,a,1,278,p23
1,hurt,a,0,269,p23
1,agony,l,1,677,p23
1,evil,l,1,523,p23
1,nasty,l,1,464,p23
1,bad,l,1,428,p23
1,good,a,1,552,p23
1,pleasure,a,1,587,p23
2,white3,a,1,9137,p23
2,black5,l,1,901,p23
2,white4,a,1,764,p23
2,black3,l,1,687,p23
2,white1,a,1,1960,p23
2,black1,l,1,896,p23
2,white5,a,1,741,p23
2,white2,a,1,937,p23
2,black4,l,1,595,p23
2,black2,l,1,680,p23
3,evil,l,1,1429,p23
3,black4,l,1,916,p23
3,love,a,1,585,p23
3,white4,a,1,620,p23
3,black1,l,1,589,p23
3,pleasure,a,1,531,p23
3,good,a,1,795,p23
3,white1,a,1,654,p23
3,white3,a,1,501,p23
3,joy,a,1,611,p23
3,agony,l,1,591,p23
3,black2,l,1,542,p23
3,happy,a,1,450,p23
3,black3,l,1,496,p23
3,white5,a,1,520,p23
3,nasty,l,1,646,p23
3,hurt,l,1,621,p23
3,black5,l,1,527,p23
3,white2,a,1,687,p23
3,bad,l,1,665,p23
4,white2,l,1,3528,p23
4,black5,a,1,1336,p23
4,black4,a,1,1089,p23
4,black2,a,1,546,p23
4,white4,l,1,587,p23
4,white5,l,1,565,p23
4,white3,l,1,640,p23
4,black3,a,1,672,p23
4,black1,a,1,650,p23
4,white1,l,1,886,p23
5,pleasure,a,1,1485,p23
5,white4,l,1,828,p23
5,white3,l,1,1610,p23
5,black5,a,1,763,p23
5,black1,a,1,758,p23
5,nasty,l,1,1050,p23
5,good,a,1,954,p23
5,joy,a,1,717,p23
5,black4,a,1,591,p23
5,white2,l,1,589,p23
5,black3,a,1,616,p23
5,happy,a,1,952,p23
5,white1,l,1,587,p23
5,love,a,1,721,p23
5,bad,l,1,906,p23
5,black2,a,1,597,p23
5,evil,l,1,841,p23
5,white5,l,1,698,p23
5,agony,l,1,999,p23
5,hurt,l,1,962,p23
1,happy,a,1,1608,p24
1,hurt,l,1,1593,p24
1,nasty,l,1,2321,p24
1,joy,a,1,823,p24
1,bad,l,1,877,p24
1,agony,l,1,966,p24
1,pleasure,a,1,1073,p24
1,evil,l,1,1215,p24
1,love,a,1,654,p24
1,good,a,1,633,p24
2,black1,l,1,5902,p24
2,black3,l,1,1406,p24
2,black4,l,1,3246,p24
2,black5,l,1,2845,p24
2,white4,a,1,2418,p24
2,white2,a,1,896,p24
2,white1,a,1,2384,p24
2,white3,l,0,1402,p24
2,black2,l,1,1187,p24
2,white5,a,1,917,p24
3,agony,l,1,1267,p24
3,black4,l,1,1723,p24
3,black2,l,1,1548,p24
3,white2,a,1,1417,p24
3,hurt,l,1,706,p24
3,black3,l,1,1399,p24
3,white3,a,1,1240,p24
3,bad,l,1,1249,p24
3,joy,a,1,873,p24
3,nasty,l,1,1235,p24
3,black1,l,1,1619,p24
3,white5,a,1,1276,p24
3,black5,l,1,1272,p24
3,white1,a,1,745,p24
3,pleasure,a,1,1294,p24
3,evil,l,1,1363,p24
3,happy,a,1,726,p24
3,love,a,1,1219,p24
3,white4,a,1,988,p24
3,good,a,1,974,p24
4,black5,a,1,2535,p24
4,white3,l,1,1323,p24
4,white2,l,1,995,p24
4,white1,l,1,1012,p24
4,black2,a,1,664,p24
4,white4,l,1,687,p24
4,black3,a,1,559,p24
4,white5,l,1,505,p24
4,black4,a,1,703,p24
4,black1,a,1,938,p24
5,black5,a,1,1068,p24
5,white5,l,1,641,p24
5,evil,a,0,987,p24
5,agony,l,1,3733,p24
5,white3,l,1,1294,p24
5,hurt,l,1,1212,p24
5,good,a,1,2224,p24
5,black3,a,1,1029,p24
5,black1,a,1,1245,p24
5,white4,l,1,837,p24
5,pleasure,a,1,1414,p24
5,nasty,l,1,926,p24
5,love,a,1,849,p24
5,happy,a,1,2291,p24
5,white2,l,1,1500,p24
5,black2,a,1,1022,p24
5,bad,l,1,998,p24
5,joy,a,1,871,p24
5,black4,a,1,886,p24
5,white1,l,1,836,p24
1,love,a,1,1033,p25
1,happy,a,1,1009,p25
1,hurt,l,1,781,p25
1,pleasure,a,1,686,p25
1,agony,l,1,772,p25
1,joy,a,1,701,p25
1,bad,l,1,833,p25
1,good,a,1,748,p25
1,nasty,l,1,664,p25
1,evil,l,1,640,p25
2,white5,a,1,2065,p25
2,white1,a,1,1252,p25
2,black5,l,1,973,p25
2,white2,a,1,1033,p25
2,black4,l,1,658,p25
2,white4,a,1,999,p25
2,black1,l,1,618,p25
2,white3,a,1,1619,p25
2,black2,l,1,731,p25
2,black3,l,1,1070,p25
3,white1,a,1,1893,p25
3,black1,l,1,779,p25
3,white2,a,1,1062,p25
3,black3,l,1,661,p25
3,black2,l,1,636,p25
3,good,a,1,1253,p25
3,happy,a,1,619,p25
3,white3,a,1,1003,p25
3,evil,l,1,613,p25
3,white4,a,1,830,p25
3,agony,l,1,734,p25
3,bad,l,1,515,p25
3,hurt,l,1,801,p25
3,black4,l,1,530,p25
3,white5,a,1,990,p25
3,black5,l,1,519,p25
3,joy,a,1,669,p25
3,pleasure,a,1,619,p25
3,nasty,l,1,564,p25
3,love,a,1,479,p25
4,white2,l,1,1759,p25
4,black4,a,1,1971,p25
4,white3,l,1,1005,p25
4,black2,a,1,1270,p25
4,black5,a,1,1629,p25
4,black1,a,1,724,p25
4,black3,a,1,656,p25
4,white5,l,1,901,p25
4,white1,l,1,998,p25
4,white4,l,1,942,p25
5,agony,l,1,1448,p25
5,joy,a,1,751,p25
5,nasty,l,1,890,p25
5,bad,l,1,969,p25
5,white3,l,1,1123,p25
5,happy,a,1,1372,p25
5,black1,a,1,2593,p25
5,good,a,1,1306,p25
5,black5,a,1,536,p25
5,love,a,1,508,p25
5,white5,l,1,746,p25
5,evil,l,1,452,p25
5,hurt,l,1,531,p25
5,white2,l,1,669,p25
5,black2,a,1,631,p25
5,pleasure,a,1,1114,p25
5,black4,a,1,623,p25
5,white4,l,1,934,p25
5,black3,a,1,508,p25
5,white1,a,0,520,p25
1,love,a,1,864,p26
1,pleasure,a,1,551,p26
1,bad,l,1,443,p26
1,hurt,l,1,443,p26
1,nasty,l,1,537,p26
1,agony,l,1,513,p26
1,evil,l,1,479,p26
1,joy,a,1,436,p26
1,good,a,1,445,p26
1,happy,a,1,434,p26
2,black5,l,1,1882,p26
2,black2,l,1,744,p26
2,white4,a,1,829,p26
2,black1,l,1,1421,p26
2,black4,l,1,956,p26
2,white2,a,1,1224,p26
2,white1,a,1,673,p26
2,black3,l,1,949,p26
2,white5,a,1,585,p26
2,white3,a,1,965,p26
3,bad,l,1,948,p26
3,black2,l,1,1966,p26
3,nasty,l,1,962,p26
3,white5,a,1,781,p26
3,white3,a,1,1071,p26
3,white1,a,1,2102,p26
3,good,a,1,963,p26
3,hurt,l,1,1269,p26
3,agony,l,1,724,p26
3,black4,l,1,1264,p26
3,black1,l,1,1167,p26
3,love,a,1,962,p26
3,evil,l,1,583,p26
3,pleasure,l,0,1112,p26
3,white4,a,1,917,p26
3,white2,a,1,1058,p26
3,black3,l,1,944,p26
3,joy,a,1,629,p26
3,happy,a,1,517,p26
3,black5,l,1,690,p26
4,white4,l,1,1337,p26
4,white3,l,1,909,p26
4,white2,l,1,801,p26
4,black4,a,1,963,p26
4,white5,l,1,1191,p26
4,black3,a,1,944,p26
4,black1,a,1,634,p26
4,black5,a,1,574,p26
4,black2,a,1,910,p26
4,white1,l,1,629,p26
5,white5,l,1,1882,p26
5,white1,l,1,744,p26
5,hurt,l,1,2146,p26
5,white2,l,1,1307,p26
5,good,a,1,931,p26
5,black1,a,1,1007,p26
5,black2,a,1,959,p26
5,joy,a,1,1256,p26
5,bad,l,1,851,p26
5,black5,a,1,881,p26
5,black4,a,1,593,p26
5,pleasure,a,1,1129,p26
5,agony,l,1,863,p26
5,evil,l,1,591,p26
5,nasty,l,1,552,p26
5,white3,l,1,1434,p26
5,black3,a,1,827,p26
5,white4,l,1,748,p26
5,happy,a,1,1527,p26
5,love,a,1,845,p26
1,love,a,1,796,p27
1,evil,l,1,843,p27
1,hurt,l,1,1231,p27
1,joy,a,1,947,p27
1,good,a,1,676,p27
1,happy,a,1,614,p27
1,agony,l,1,631,p27
1,pleasure,a,1,581,p27
1,bad,l,1,618,p27
1,nasty,l,1,571,p27
2,black3,a,0,1108,p27
2,white4,l,0,693,p27
2,white3,a,1,724,p27
2,black2,l,1,624,p27
2,black1,l,1,1204,p27
2,white2,a,1,601,p27
2,white5,a,1,811,p27
2,white1,a,1,668,p27
2,black4,l,1,619,p27
2,black5,l,1,660,p27
3,joy,a,1,838,p27
3,black2,l,1,1042,p27
3,black1,l,1,827,p27
3,happy,a,1,698,p27
3,black5,l,1,619,p27
3,black4,l,1,705,p27
3,white1,a,1,1410,p27
3,white5,a,1,751,p27
3,nasty,l,1,700,p27
3,bad,l,1,936,p27
3,white3,a,1,821,p27
3,good,a,1,774,p27
3,black3,l,1,1027,p27
3,agony,l,1,1000,p27
3,pleasure,a,1,1178,p27
3,evil,l,1,1037,p27
3,hurt,l,1,972,p27
3,white4,a,1,1102,p27
3,white2,a,1,707,p27
3,love,a,1,873,p27
4,white3,l,1,685,p27
4,black5,a,1,891,p27
4,white5,l,1,881,p27
4,white2,l,1,1143,p27
4,white4,l,1,688,p27
4,white1,l,1,737,p27
4,black4,a,1,496,p27
4,black1,a,1,747,p27
4,black2,a,1,740,p27
4,black3,a,1,747,p27
5,hurt,l,1,776,p27
5,pleasure,a,1,707,p27
5,love,a,1,640,p27
5,joy,a,1,808,p27
5,good,a,1,818,p27
5,happy,a,1,642,p27
5,evil,l,1,578,p27
5,white5,l,1,745,p27
5,black3,a,1,618,p27
5,black5,l,0,690,p27
5,nasty,l,1,1352,p27
5,black4,a,1,611,p27
5,white1,a,0,951,p27
5,black1,a,1,1215,p27
5,bad,l,1,952,p27
5,agony,l,1,764,p27
5,black2,a,1,615,p27
5,white2,l,1,708,p27
5,white4,l,1,710,p27
5,white3,l,1,725,p27
1,love,a,1,872,p28
1,hurt,l,1,734,p28
1,pleasure,a,1,760,p28
1,bad,l,1,557,p28
1,nasty,l,1,537,p28
1,happy,a,1,490,p28
1,agony,l,1,572,p28
1,joy,a,1,492,p28
1,good,a,1,444,p28
1,evil,l,1,500,p28
2,white5,a,1,4470,p28
2,white2,l,0,6146,p28
2,black1,l,1,3047,p28
2,white3,a,1,1928,p28
2,black5,l,1,1548,p28
2,black4,l,1,1119,p28
2,white4,a,1,1147,p28
2,white1,a,1,1366,p28
2,black2,l,1,942,p28
2,black3,l,1,1605,p28
3,pleasure,a,1,775,p28
3,nasty,l,1,854,p28
3,good,a,1,673,p28
3,agony,l,1,634,p28
3,bad,l,1,606,p28
3,evil,l,1,555,p28
3,white4,a,1,1515,p28
3,joy,a,1,675,p28
3,black4,l,1,1374,p28
3,happy,a,1,972,p28
3,love,l,0,606,p28
3,black3,l,1,1424,p28
3,white3,a,1,1168,p28
3,white5,a,1,1231,p28
3,hurt,l,1,794,p28
3,black2,l,1,921,p28
3,white2,a,1,912,p28
3,black5,l,1,634,p28
3,white1,a,1,871,p28
3,black1,l,1,667,p28
4,white3,l,1,801,p28
4,white5,l,1,578,p28
4,black1,a,1,677,p28
4,white1,l,1,576,p28
4,black2,a,1,598,p28
4,white2,l,1,1072,p28
4,black5,a,1,702,p28
4,black3,a,1,548,p28
4,white4,l,1,822,p28
4,black4,a,1,592,p28
5,love,a,1,1118,p28
5,black4,a,1,1048,p28
5,black2,a,1,608,p28
5,black1,a,1,585,p28
5,nasty,l,1,972,p28
5,white1,l,1,646,p28
5,pleasure,a,1,694,p28
5,bad,l,1,675,p28
5,black3,a,1,674,p28
5,agony,l,1,609,p28
5,joy,a,1,554,p28
5,hurt,l,1,966,p28
5,white4,l,1,770,p28
5,white3,l,1,466,p28
5,good,a,1,627,p28
5,happy,a,1,540,p28
5,evil,l,1,744,p28
5,white2,l,1,1688,p28
5,black5,a,1,657,p28
5,white5,l,1,704,p28
1,evil,l,1,1383,p29
1,agony,l,1,1034,p29
1,nasty,l,1,616,p29
1,hurt,l,1,539,p29
1,good,a,1,486,p29
1,joy,a,1,453,p29
1,pleasure,a,1,617,p29
1,love,a,1,444,p29
1,happy,a,1,437,p29
1,bad,l,1,477,p29
2,black5,l,1,656,p29
2,white2,l,0,471,p29
2,black2,l,1,534,p29
2,white3,a,1,546,p29
2,black4,l,1,470,p29
2,black3,l,1,502,p29
2,white1,a,1,571,p29
2,black1,l,1,470,p29
2,white4,a,1,531,p29
2,white5,a,1,777,p29
3,white5,a,1,657,p29
3,good,a,1,505,p29
3,black1,l,1,582,p29
3,nasty,l,1,449,p29
3,black4,l,1,482,p29
3,black5,l,1,520,p29
3,evil,l,1,797,p29
3,white3,a,1,576,p29
3,white4,a,1,475,p29
3,bad,l,1,505,p29
3,agony,l,1,671,p29
3,hurt,l,1,510,p29
3,happy,a,1,571,p29
3,white2,a,1,565,p29
3,black3,l,1,466,p29
3,love,a,1,457,p29
3,white1,a,1,488,p29
3,black2,l,1,351,p29
3,pleasure,a,1,458,p29
3,joy,a,1,411,p29
4,white2,l,1,665,p29
4,white5,l,1,510,p29
4,black5,a,1,621,p29
4,black4,a,1,695,p29
4,white1,l,1,571,p29
4,black2,a,1,397,p29
4,black1,a,1,496,p29
4,white3,l,1,590,p29
4,black3,a,1,577,p29
4,white4,l,1,379,p29
5,nasty,l,1,985,p29
5,black2,a,1,594,p29
5,black4,a,1,757,p29
5,black1,a,1,696,p29
5,bad,a,0,927,p29
5,black3,a,1,1082,p29
5,white5,l,1,721,p29
5,white3,l,1,719,p29
5,pleasure,l,0,620,p29
5,white2,l,1,940,p29
5,evil,l,1,1296,p29
5,happy,a,1,949,p29
5,joy,a,1,723,p29
5,love,a,1,727,p29
5,agony,l,1,1422,p29
5,hurt,l,1,731,p29
5,black5,a,1,672,p29
5,white4,l,1,614,p29
5,good,a,1,552,p29
5,white1,l,1,739,p29
1,nasty,l,1,2322,p30
1,bad,l,1,622,p30
1,evil,l,1,519,p30
1,hurt,l,1,516,p30
1,joy,a,1,490,p30
1,happy,a,1,367,p30
1,love,a,1,395,p30
1,good,a,1,461,p30
1,agony,l,1,702,p30
1,pleasure,a,1,571,p30
2,black3,l,1,949,p30
2,black1,l,1,1001,p30
2,white1,a,1,970,p30
2,black2,l,1,854,p30
2,black4,l,1,533,p30
2,black5,l,1,650,p30
2,white3,a,1,542,p30
2,white4,a,1,455,p30
2,white5,a,1,516,p30
2,white2,a,1,668,p30
3,white1,a,1,2098,p30
3,joy,a,1,590,p30
3,white5,a,1,539,p30
3,love,a,1,574,p30
3,bad,l,1,415,p30
3,happy,a,1,539,p30
3,pleasure,a,1,478,p30
3,agony,l,1,661,p30
3,white4,a,1,645,p30
3,hurt,l,1,565,p30
3,black5,l,1,593,p30
3,evil,l,1,490,p30
3,white3,a,1,598,p30
3,black3,l,1,450,p30
3,black2,l,1,394,p30
3,black4,l,1,517,p30
3,black1,l,1,528,p30
3,good,a,1,613,p30
3,white2,a,1,815,p30
3,nasty,l,1,569,p30
4,black5,a,1,726,p30
4,black1,a,1,1257,p30
4,black3,a,1,529,p30
4,white4,l,1,638,p30
4,white3,l,1,750,p30
4,white5,l,1,441,p30
4,white2,l,1,787,p30
4,black2,a,1,677,p30
4,white1,l,1,651,p30
4,black4,a,1,493,p30
5,white5,l,1,785,p30
5,black2,a,1,675,p30
5,bad,l,1,1137,p30
5,white3,l,1,1029,p30
5,happy,a,1,726,p30
5,white4,l,1,1327,p30
5,hurt,l,1,1014,p30
5,black4,a,1,712,p30
5,pleasure,a,1,366,p30
5,joy,a,1,385,p30
5,love,a,1,460,p30
5,black1,a,1,811,p30
5,nasty,l,1,878,p30
5,black3,a,1,459,p30
5,good,a,1,1267,p30
5,black5,a,1,682,p30
5,evil,l,1,594,p30
5,white2,l,1,420,p30
5,agony,a,0,684,p30
5,white1,l,1,866,p30
1,joy,a,1,737,p31
1,agony,l,1,684,p31
1,bad,l,1,564,p31
1,love,a,1,616,p31
1,hurt,l,1,545,p31
1,pleasure,a,1,607,p31
1,nasty,l,1,564,p31
1,happy,a,1,480,p31
1,evil,l,1,504,p31
1,good,a,1,540,p31
2,white5,a,1,1047,p31
2,black2,l,1,638,p31
2,white1,a,1,648,p31
2,white3,a,1,775,p31
2,white2,a,1,587,p31
2,black3,l,1,652,p31
2,black1,l,1,641,p31
2,black5,l,1,545,p31
2,white4,a,1,583,p31
2,black4,l,1,546,p31
3,happy,a,1,728,p31
3,love,a,1,532,p31
3,white3,a,1,490,p31
3,pleasure,a,1,591,p31
3,black5,l,1,539,p31
3,black2,l,1,531,p31
3,black3,l,1,505,p31
3,nasty,l,1,733,p31
3,joy,a,1,573,p31
3,white2,a,1,599,p31
3,black4,l,1,506,p31
3,hurt,l,1,630,p31
3,white4,a,1,590,p31
3,bad,l,1,658,p31
3,good,a,1,547,p31
3,black1,l,1,590,p31
3,white5,a,1,558,p31
3,evil,l,1,565,p31
3,white1,a,1,607,p31
3,agony,l,1,594,p31
4,black1,a,1,708,p31
4,white2,l,1,1250,p31
4,white1,l,1,601,p31
4,white3,l,1,539,p31
4,black5,a,1,518,p31
4,black3,a,1,572,p31
4,black4,a,1,553,p31
4,white5,l,1,603,p31
4,black2,a,1,557,p31
4,white4,l,1,528,p31
5,evil,l,1,1278,p31
5,black1,a,1,692,p31
5,joy,a,1,1042,p31
5,black3,a,1,808,p31
5,agony,l,1,660,p31
5,love,a,1,843,p31
5,good,a,1,1091,p31
5,black2,a,1,609,p31
5,pleasure,a,1,626,p31
5,nasty,l,1,555,p31
5,white4,l,1,406,p31
5,hurt,a,0,591,p31
5,black5,a,1,1121,p31
5,white3,l,1,580,p31
5,black4,a,1,663,p31
5,happy,a,1,1247,p31
5,white1,l,1,750,p31
5,white5,l,1,690,p31
5,white2,l,1,601,p31
5,bad,l,1,946,p31
1,nasty,l,1,1120,p32
1,love,a,1,721,p32
1,joy,a,1,528,p32
1,good,a,1,496,p32
1,hurt,l,1,723,p32
1,evil,l,1,568,p32
1,happy,a,1,419,p32
1,bad,l,1,467,p32
1,pleasure,a,1,459,p32
1,agony,l,1,515,p32
2,white3,a,1,1582,p32
2,black5,l,1,598,p32
2,white5,a,1,520,p32
2,white2,a,1,709,p32
2,black4,l,1,494,p32
2,white1,a,1,552,p32
2,black2,l,1,564,p32
2,black1,l,1,611,p32
2,white4,a,1,576,p32
2,black3,l,1,483,p32
3,black3,l,1,652,p32
3,black2,l,1,556,p32
3,nasty,l,1,695,p32
3,white5,a,1,541,p32
3,white1,a,1,522,p32
3,joy,a,1,399,p32
3,good,a,1,610,p32
3,pleasure,a,1,572,p32
3,love,a,1,439,p32
3,white4,a,1,622,p32
3,hurt,l,1,646,p32
3,black4,l,1,519,p32
3,agony,l,1,644,p32
3,bad,l,1,572,p32
3,black1,l,1,483,p32
3,white2,a,1,534,p32
3,evil,l,1,534,p32
3,happy,a,1,535,p32
3,black5,l,1,410,p32
3,white3,a,1,365,p32
4,black5,a,1,424,p32
4,white3,l,1,354,p32
4,black2,a,1,405,p32
4,black3,a,1,463,p32
4,white4,l,1,446,p32
4,black4,a,1,422,p32
4,white5,l,1,424,p32
4,white2,l,1,657,p32
4,white1,l,1,507,p32
4,black1,a,1,390,p32
5,white2,l,1,648,p32
5,agony,l,1,576,p32
5,black4,a,1,515,p32
5,black5,a,1,536,p32
5,nasty,l,1,885,p32
5,white5,l,1,666,p32
5,love,a,1,813,p32
5,white4,l,1,507,p32
5,pleasure,a,1,520,p32
5,joy,a,1,505,p32
5,good,a,1,667,p32
5,bad,l,1,518,p32
5,white3,a,0,343,p32
5,hurt,l,1,859,p32
5,evil,a,0,986,p32
5,white1,l,1,1112,p32
5,happy,a,1,760,p32
5,black1,a,1,644,p32
5,black3,a,1,587,p32
5,black2,a,1,607,p32
1,good,a,1,1024,p33
1,joy,a,1,706,p33
1,bad,l,1,616,p33
1,happy,a,1,586,p33
1,love,a,1,468,p33
1,agony,l,1,595,p33
1,hurt,l,1,517,p33
1,pleasure,a,1,651,p33
1,nasty,l,1,520,p33
1,evil,l,1,543,p33
2,white3,a,1,1105,p33
2,white4,a,1,1255,p33
2,black5,l,1,861,p33
2,black2,l,1,604,p33
2,black3,l,1,869,p33
2,black1,l,1,714,p33
2,white2,a,1,810,p33
2,white1,a,1,603,p33
2,black4,l,1,741,p33
2,white5,a,1,841,p33
3,black5,l,1,749,p33
3,love,a,1,554,p33
3,white5,a,1,461,p33
3,white4,a,1,581,p33
3,black4,l,1,560,p33
3,white2,a,1,588,p33
3,black3,l,1,574,p33
3,white1,a,1,537,p33
3,good,a,1,533,p33
3,nasty,l,1,570,p33
3,black1,l,1,580,p33
3,pleasure,a,1,527,p33
3,happy,a,1,773,p33
3,hurt,l,1,968,p33
3,agony,l,1,593,p33
3,white3,a,1,634,p33
3,bad,l,1,595,p33
3,joy,a,1,565,p33
3,evil,l,1,624,p33
3,black2,l,1,824,p33
4,white4,l,1,1418,p33
4,white5,l,1,657,p33
4,black2,a,1,648,p33
4,black1,a,1,527,p33
4,white3,l,1,735,p33
4,white1,l,1,629,p33
4,white2,l,1,597,p33
4,black4,a,1,503,p33
4,black5,a,1,501,p33
4,black3,a,1,537,p33
5,nasty,l,1,2006,p33
5,black2,a,1,686,p33
5,love,a,1,596,p33
5,white5,l,1,543,p33
5,white1,l,1,595,p33
5,evil,l,1,997,p33
5,bad,l,1,559,p33
5,black5,a,1,771,p33
5,black3,a,1,607,p33
5,black4,a,1,543,p33
5,joy,a,1,531,p33
5,good,a,1,648,p33
5,agony,l,1,647,p33
5,white2,l,1,647,p33
5,white3,l,1,559,p33
5,black1,a,1,530,p33
5,white4,l,1,602,p33
5,hurt,l,1,875,p33
5,pleasure,a,1,592,p33
5,happy,a,1,458,p33
1,bad,l,1,795,p34
1,agony,l,1,730,p34
1,good,a,1,515,p34
1,love,a,1,552,p34
1,pleasure,a,1,628,p34
1,happy,a,1,629,p34
1,nasty,l,1,578,p34
1,joy,a,1,567,p34
1,hurt,l,1,706,p34
1,evil,l,1,447,p34
2,black4,l,1,1191,p34
2,black1,l,1,3790,p34
2,white4,a,1,7075,p34
2,black5,l,1,1322,p34
2,black3,l,1,2400,p34
2,black2,l,1,1486,p34
2,white3,a,1,888,p34
2,white5,a,1,1298,p34
2,white2,a,1,1111,p34
2,white1,a,1,965,p34
3,black2,a,0,6052,p34
3,good,a,1,4875,p34
3,white4,a,1,7819,p34
3,white2,a,1,4070,p34
3,white5,a,1,1193,p34
3,white3,a,1,1122,p34
3,evil,l,1,1079,p34
3,hurt,l,1,1214,p34
3,agony,l,1,806,p34
3,black1,l,1,1759,p34
3,joy,a,1,2410,p34
3,bad,l,1,797,p34
3,nasty,l,1,602,p34
3,love,a,1,568,p34
3,black4,l,1,959,p34
3,white1,a,1,910,p34
3,pleasure,a,1,1056,p34
3,happy,a,1,498,p34
3,black3,l,1,765,p34
3,black5,l,1,919,p34
4,black2,a,1,1092,p34
4,white3,l,1,773,p34
4,white5,l,1,1181,p34
4,white1,l,1,955,p34
4,black5,a,1,626,p34
4,white2,l,1,758,p34
4,black1,a,1,837,p34
4,white4,l,1,1733,p34
4,black4,a,1,1000,p34
4,black3,a,1,914,p34
5,black5,a,1,884,p34
5,pleasure,a,1,3599,p34
5,white4,l,1,1750,p34
5,black2,a,1,1828,p34
5,white1,l,1,1233,p34
5,happy,a,1,3624,p34
5,black1,a,1,2126,p34
5,white2,l,1,718,p34
5,good,a,1,535,p34
5,nasty,l,1,648,p34
5,joy,a,1,539,p34
5,black4,a,1,1219,p34
5,agony,l,1,1007,p34
5,evil,l,1,510,p34
5,white3,l,1,1126,p34
5,love,a,1,556,p34
5,hurt,l,1,693,p34
5,bad,l,1,675,p34
5,white5,l,1,1101,p34
5,black3,a,1,2599,p34
1,love,a,1,1214,p35
1,good,a,1,1061,p35
1,bad,l,1,1270,p35
1,hurt,l,1,1396,p35
1,pleasure,a,1,895,p35
1,happy,a,1,630,p35
1,joy,a,1,863,p35
1,agony,l,1,1365,p35
1,nasty,l,1,702,p35
1,evil,l,1,810,p35
2,white5,a,1,1308,p35
2,white3,a,1,1785,p35
2,black1,l,1,1219,p35
2,white1,a,1,1214,p35
2,black5,l,1,770,p35
2,black3,l,1,1403,p35
2,white4,a,1,722,p35
2,black2,l,1,723,p35
2,white2,a,1,783,p35
2,black4,l,1,1234,p35
3,black1,l,1,1509,p35
3,happy,a,1,811,p35
3,black3,l,1,811,p35
3,evil,l,1,657,p35
3,love,a,1,634,p35
3,black2,l,1,747,p35
3,white4,a,1,544,p35
3,joy,a,1,555,p35
3,white3,a,1,775,p35
3,white1,a,1,657,p35
3,good,a,1,569,p35
3,agony,l,1,565,p35
3,nasty,l,1,608,p35
3,hurt,l,1,578,p35
3,white5,a,1,413,p35
3,bad,l,1,462,p35
3,black4,l,1,662,p35
3,white2,a,1,845,p35
3,pleasure,a,1,660,p35
3,black5,l,1,564,p35
4,white2,l,1,706,p35
4,white4,l,1,478,p35
4,black4,a,1,518,p35
4,black2,a,1,598,p35
4,white5,l,1,833,p35
4,white1,l,1,549,p35
4,black3,a,1,424,p35
4,black1,a,1,418,p35
4,white3,l,1,604,p35
4,black5,a,1,532,p35
5,black1,a,1,930,p35
5,love,a,1,735,p35
5,black2,a,1,643,p35
5,evil,l,1,755,p35
5,hurt,l,1,774,p35
5,bad,l,1,1975,p35
5,white2,l,1,754,p35
5,pleasure,a,1,622,p35
5,agony,l,1,564,p35
5,happy,l,0,722,p35
5,joy,a,1,1430,p35
5,nasty,l,1,1176,p35
5,white5,l,1,1209,p35
5,white1,l,1,1175,p35
5,good,a,1,1012,p35
5,black3,a,1,838,p35
5,black4,a,1,820,p35
5,black5,a,1,716,p35
5,white3,l,1,754,p35
5,white4,l,1,699,p35
1,hurt,l,1,2039,p36
1,love,a,1,1125,p36
1,pleasure,a,1,1153,p36
1,happy,a,1,1076,p36
1,evil,l,1,850,p36
1,joy,a,1,1331,p36
1,agony,l,1,1252,p36
1,nasty,l,1,868,p36
1,good,a,1,887,p36
1,bad,l,1,1184,p36
2,white3,a,1,4189,p36
2,black3,l,1,2524,p36
2,white4,a,1,2416,p36
2,black5,l,1,1360,p36
2,black4,l,1,1210,p36
2,white2,a,1,1363,p36
2,white5,a,1,1853,p36
2,black2,l,1,1498,p36
2,black1,l,1,1361,p36
2,white1,a,1,923,p36
3,pleasure,a,1,1388,p36
3,black4,l,1,1264,p36
3,white5,a,1,1123,p36
3,joy,a,1,1276,p36
3,black1,l,1,1237,p36
3,black5,l,1,586,p36
3,hurt,l,1,1335,p36
3,happy,a,1,614,p36
3,evil,l,1,748,p36
3,white3,a,1,1385,p36
3,black2,l,1,593,p36
3,bad,l,1,1352,p36
3,white4,a,1,1998,p36
3,black3,l,1,595,p36
3,white1,a,1,609,p36
3,good,a,1,791,p36
3,nasty,l,1,773,p36
3,white2,a,1,567,p36
3,agony,l,1,585,p36
3,love,a,1,580,p36
4,white1,a,0,896,p36
4,black2,l,0,1479,p36
4,black5,a,1,2740,p36
4,white2,l,1,1670,p36
4,black4,a,1,935,p36
4,black1,a,1,896,p36
4,white3,l,1,1230,p36
4,black3,a,1,701,p36
4,white4,l,1,787,p36
4,white5,l,1,1088,p36
5,joy,a,1,1025,p36
5,black4,a,1,1050,p36
5,black5,a,1,1290,p36
5,white2,l,1,1175,p36
5,love,a,1,1029,p36
5,agony,l,1,970,p36
5,white4,l,1,1569,p36
5,white3,l,1,696,p36
5,happy,a,1,1245,p36
5,bad,l,1,612,p36
5,nasty,l,1,550,p36
5,pleasure,a,1,842,p36
5,black3,l,0,569,p36
5,evil,l,1,1756,p36
5,black2,a,1,1485,p36
5,hurt,l,1,1029,p36
5,black1,a,1,1557,p36
5,white1,l,1,1963,p36
5,white5,l,1,762,p36
5,good,a,1,850,p36
1,hurt,l,1,1127,p37
1,happy,a,1,813,p37
1,bad,l,1,749,p37
1,agony,l,1,1409,p37
1,evil,l,1,691,p37
1,pleasure,l,0,1600,p37
1,nasty,l,1,754,p37
1,good,a,1,853,p37
1,love,a,1,625,p37
1,joy,a,1,549,p37
2,white2,a,1,2924,p37
2,white5,a,1,1299,p37
2,black3,l,1,1791,p37
2,black5,l,1,1385,p37
2,white1,a,1,1482,p37
2,white3,a,1,1480,p37
2,black4,l,1,1253,p37
2,black1,l,1,1428,p37
2,white4,a,1,1171,p37
2,black2,l,1,1118,p37
3,black3,l,1,2186,p37
3,black4,l,1,2367,p37
3,happy,a,1,907,p37
3,good,a,1,696,p37
3,white4,a,1,1227,p37
3,bad,l,1,727,p37
3,love,a,1,904,p37
3,joy,a,1,695,p37
3,black1,l,1,1175,p37
3,black5,l,1,830,p37
3,white3,a,1,865,p37
3,black2,l,1,977,p37
3,agony,l,1,915,p37
3,white2,a,1,849,p37
3,white1,a,1,537,p37
3,white5,a,1,781,p37
3,pleasure,a,1,1160,p37
3,hurt,l,1,707,p37
3,evil,l,1,696,p37
3,nasty,l,1,680,p37
4,white3,l,1,930,p37
4,white2,l,1,728,p37
4,white1,l,1,692,p37
4,black4,a,1,754,p37
4,black1,a,1,589,p37
4,black5,a,1,647,p37
4,black2,a,1,640,p37
4,white4,l,1,735,p37
4,black3,a,1,556,p37
4,white5,l,1,652,p37
5,joy,a,1,678,p37
5,black5,a,1,701,p37
5,white4,l,1,819,p37
5,white3,l,1,757,p37
5,white5,l,1,665,p37
5,love,a,1,903,p37
5,agony,l,1,725,p37
5,white2,l,1,919,p37
5,black1,a,1,750,p37
5,black3,a,1,705,p37
5,good,a,1,694,p37
5,nasty,l,1,764,p37
5,black4,a,1,846,p37
5,black2,a,1,928,p37
5,white1,l,1,676,p37
5,happy,a,1,660,p37
5,bad,l,1,779,p37
5,evil,l,1,804,p37
5,hurt,l,1,826,p37
5,pleasure,a,1,711,p37
1,agony,l,1,911,p38
1,joy,a,1,571,p38
1,evil,l,1,462,p38
1,hurt,l,1,538,p38
1,love,a,1,411,p38
1,happy,a,1,376,p38
1,nasty,l,1,535,p38
1,pleasure,a,1,474,p38
1,good,a,1,474,p38
1,bad,l,1,529,p38
2,white4,a,1,1086,p38
2,black2,l,1,652,p38
2,white3,a,1,901,p38
2,black4,l,1,544,p38
2,black5,l,1,669,p38
2,white2,a,1,570,p38
2,black3,l,1,551,p38
2,white5,a,1,938,p38
2,black1,l,1,474,p38
2,white1,a,1,604,p38
3,good,a,1,650,p38
3,white5,a,1,989,p38
3,nasty,l,1,624,p38
3,white1,a,1,784,p38
3,agony,l,1,615,p38
3,happy,a,1,651,p38
3,white3,a,1,1242,p38
3,joy,a,1,593,p38
3,white2,a,1,651,p38
3,love,a,1,916,p38
3,black4,l,1,565,p38
3,black2,l,1,491,p38
3,black5,l,1,610,p38
3,black1,l,1,683,p38
3,evil,l,1,601,p38
3,pleasure,a,1,491,p38
3,white4,l,0,809,p38
3,bad,l,1,768,p38
3,hurt,l,1,766,p38
3,black3,l,1,682,p38
4,white4,l,1,738,p38
4,black2,a,1,455,p38
4,white2,l,1,425,p38
4,black3,a,1,408,p38
4,black5,a,1,433,p38
4,black4,a,1,447,p38
4,white3,l,1,610,p38
4,white5,l,1,659,p38
4,white1,l,1,579,p38
4,black1,a,1,486,p38
5,white3,l,1,1183,p38
5,white1,l,1,604,p38
5,black3,a,1,622,p38
5,agony,l,1,511,p38
5,pleasure,a,1,885,p38
5,love,a,1,523,p38
5,white4,l,1,736,p38
5,black1,a,1,524,p38
5,white5,l,1,737,p38
5,black5,a,1,377,p38
5,good,a,1,552,p38
5,nasty,l,1,504,p38
5,black4,a,1,545,p38
5,joy,a,1,849,p38
5,bad,l,1,556,p38
5,black2,a,1,536,p38
5,happy,a,1,496,p38
5,hurt,l,1,538,p38
5,evil,l,1,478,p38
5,white2,a,0,615,p38
1,agony,l,1,1593,p39
1,nasty,l,1,959,p39
1,bad,l,1,514,p39
1,pleasure,a,1,591,p39
1,love,a,1,697,p39
1,evil,l,1,575,p39
1,joy,a,1,487,p39
1,good,a,1,712,p39
1,happy,a,1,571,p39
1,hurt,l,1,600,p39
2,white3,a,1,1209,p39
2,white4,a,1,1945,p39
2,black4,l,1,812,p39
2,black1,a,0,877,p39
2,black3,l,1,835,p39
2,black2,l,1,963,p39
2,white5,a,1,1063,p39
2,white1,a,1,1313,p39
2,white2,a,1,906,p39
2,black5,l,1,547,p39
3,black4,l,1,1681,p39
3,joy,a,1,1266,p39
3,black5,l,1,685,p39
3,black3,l,1,1062,p39
3,white3,a,1,1121,p39
3,bad,l,1,1282,p39
3,nasty,l,1,1158,p39
3,evil,l,1,795,p39
3,black1,l,1,1146,p39
3,white2,a,1,1057,p39
3,white4,a,1,1286,p39
3,white5,a,1,1222,p39
3,love,a,1,944,p39
3,good,a,1,586,p39
3,happy,a,1,608,p39
3,hurt,a,0,526,p39
3,black2,l,1,1121,p39
3,agony,l,1,1406,p39
3,white1,a,1,807,p39
3,pleasure,a,1,740,p39
4,white2,l,1,2792,p39
4,white4,l,1,1169,p39
4,black4,a,1,868,p39
4,black2,a,1,747,p39
4,white1,l,1,1351,p39
4,white5,l,1,1441,p39
4,black1,a,1,969,p39
4,black5,a,1,780,p39
4,black3,a,1,471,p39
4,white3,l,1,597,p39
5,hurt,l,1,796,p39
5,joy,a,1,1391,p39
5,black1,a,1,1008,p39
5,black4,a,1,658,p39
5,good,l,0,690,p39
5,white1,l,1,1007,p39
5,white5,l,1,851,p39
5,bad,l,1,871,p39
5,agony,l,1,806,p39
5,black2,a,1,631,p39
5,happy,a,1,1471,p39
5,white2,l,1,997,p39
5,white4,l,1,767,p39
5,evil,a,0,544,p39
5,love,l,0,1750,p39
5,black5,a,1,1341,p39
5,black3,a,1,917,p39
5,pleasure,a,1,1266,p39
5,nasty,l,1,1010,p39
5,white3,a,0,1303,p39
1,hurt,l,1,940,p40
1,pleasure,a,1,624,p40
1,love,a,1,438,p40
1,nasty,l,1,481,p40
1,joy,a,1,448,p40
1,evil,l,1,472,p40
1,bad,l,1,494,p40
1,good,a,1,498,p40
1,agony,l,1,499,p40
1,happy,a,1,468,p40
2,black2,l,1,679,p40
2,black5,l,1,626,p40
2,white3,a,1,542,p40
2,black4,l,1,542,p40
2,white5,a,1,503,p40
2,black3,l,1,572,p40
2,white4,a,1,679,p40
2,white1,a,1,592,p40
2,black1,a,0,647,p40
2,white2,l,0,439,p40
3,bad,l,1,878,p40
3,good,a,1,457,p40
3,black1,l,1,619,p40
3,white4,a,1,552,p40
3,joy,a,1,512,p40
3,pleasure,a,1,474,p40
3,white1,a,1,572,p40
3,love,a,1,419,p40
3,white5,a,1,513,p40
3,white2,a,1,461,p40
3,black5,l,1,485,p40
3,black4,l,1,563,p40
3,nasty,l,1,511,p40
3,black2,l,1,460,p40
3,white3,a,1,552,p40
3,happy,a,1,448,p40
3,hurt,l,1,536,p40
3,agony,l,1,508,p40
3,black3,l,1,506,p40
3,evil,l,1,599,p40
4,white3,l,1,621,p40
4,white4,l,1,470,p40
4,black4,a,1,405,p40
4,black1,a,1,619,p40
4,white2,l,1,439,p40
4,black2,a,1,428,p40
4,white5,l,1,465,p40
4,white1,l,1,528,p40
4,black5,a,1,518,p40
4,black3,a,1,562,p40
5,black4,a,1,562,p40
5,black2,a,1,810,p40
5,agony,l,1,795,p40
5,happy,a,1,765,p40
5,good,a,1,720,p40
5,bad,l,1,621,p40
5,white1,l,1,585,p40
5,hurt,l,1,568,p40
5,white2,l,1,512,p40
5,black5,a,1,489,p40
5,black1,a,1,560,p40
5,white4,l,1,507,p40
5,evil,l,1,465,p40
5,love,a,1,499,p40
5,white3,l,1,533,p40
5,white5,l,1,453,p40
5,black3,a,1,506,p40
5,joy,a,1,683,p40
5,pleasure,a,1,558,p40
5,nasty,l,1,498,p40
1,happy,a,1,1355,p41
1,joy,a,1,878,p41
1,agony,l,1,701,p41
1,bad,l,1,812,p41
1,love,a,1,588,p41
1,good,a,1,703,p41
1,pleasure,a,1,451,p41
1,nasty,l,1,562,p41
1,hurt,l,1,983,p41
1,evil,l,1,456,p41
2,white4,a,1,1370,p41
2,black1,l,1,2348,p41
2,black3,l,1,1215,p41
2,white5,a,1,775,p41
2,white3,a,1,667,p41
2,black2,l,1,722,p41
2,white2,a,1,1327,p41
2,white1,a,1,1004,p41
2,black5,l,1,756,p41
2,black4,l,1,752,p41
3,good,a,1,993,p41
3,black3,l,1,811,p41
3,pleasure,a,1,934,p41
3,white5,a,1,849,p41
3,white4,a,1,906,p41
3,hurt,l,1,896,p41
3,white3,a,1,742,p41
3,bad,l,1,842,p41
3,joy,a,1,977,p41
3,love,a,1,635,p41
3,happy,a,1,460,p41
3,white2,a,1,1236,p41
3,nasty,l,1,627,p41
3,white1,a,1,468,p41
3,agony,l,1,699,p41
3,black1,l,1,730,p41
3,black2,l,1,766,p41
3,black4,l,1,650,p41
3,evil,l,1,738,p41
3,black5,l,1,518,p41
4,white1,l,1,1003,p41
4,black5,a,1,596,p41
4,black2,a,1,647,p41
4,white2,l,1,807,p41
4,white4,l,1,808,p41
4,black3,a,1,906,p41
4,white5,l,1,655,p41
4,black4,a,1,519,p41
4,white3,l,1,460,p41
4,black1,a,1,539,p41
5,white1,l,1,1709,p41
5,love,a,1,2201,p41
5,hurt,l,1,944,p41
5,good,a,1,782,p41
5,black5,a,1,865,p41
5,joy,a,1,1184,p41
5,nasty,l,1,907,p41
5,white3,l,1,504,p41
5,agony,l,1,1325,p41
5,white4,l,1,1218,p41
5,white2,l,1,596,p41
5,white5,l,1,564,p41
5,bad,l,1,1247,p41
5,happy,a,1,830,p41
5,black2,a,1,776,p41
5,black3,a,1,858,p41
5,evil,l,1,1185,p41
5,black4,a,1,996,p41
5,black1,a,1,637,p41
5,pleasure,a,1,509,p41
1,nasty,l,1,817,p42
1,agony,l,1,1009,p42
1,pleasure,a,1,731,p42
1,hurt,l,1,703,p42
1,happy,a,1,541,p42
1,bad,l,1,441,p42
1,love,a,1,560,p42
1,joy,a,1,460,p42
1,evil,l,1,348,p42
1,good,a,1,456,p42
2,white5,a,1,811,p42
2,black4,a,0,404,p42
2,black1,l,1,574,p42
2,white4,a,1,665,p42
2,black2,l,1,496,p42
2,white2,a,1,669,p42
2,black3,l,1,565,p42
2,white1,a,1,745,p42
2,black5,l,1,438,p42
2,white3,a,1,494,p42
3,good,a,1,596,p42
3,white4,a,1,821,p42
3,agony,l,1,734,p42
3,nasty,l,1,590,p42
3,joy,a,1,637,p42
3,black1,l,1,496,p42
3,white5,a,1,682,p42
3,bad,l,1,546,p42
3,black5,l,1,502,p42
3,black2,l,1,587,p42
3,happy,a,1,565,p42
3,white1,a,1,465,p42
3,love,a,1,652,p42
3,white3,a,1,623,p42
3,hurt,l,1,571,p42
3,black3,l,1,522,p42
3,pleasure,a,1,489,p42
3,white2,a,1,768,p42
3,black4,l,1,417,p42
3,evil,l,1,435,p42
4,black1,a,1,408,p42
4,black4,a,1,402,p42
4,white4,l,1,372,p42
4,white2,l,1,503,p42
4,white3,l,1,525,p42
4,white1,l,1,697,p42
4,black5,a,1,415,p42
4,black2,a,1,427,p42
4,black3,a,1,450,p42
4,white5,l,1,453,p42
5,happy,a,1,589,p42
5,black2,a,1,416,p42
5,black5,a,1,488,p42
5,hurt,l,1,591,p42
5,agony,l,1,418,p42
5,love,a,1,762,p42
5,white1,l,1,585,p42
5,black4,a,1,632,p42
5,pleasure,a,1,715,p42
5,joy,a,1,437,p42
5,white5,l,1,590,p42
5,white2,a,0,399,p42
5,black3,a,1,617,p42
5,black1,a,1,877,p42
5,bad,a,0,809,p42
5,good,a,1,1194,p42
5,white4,l,1,460,p42
5,nasty,l,1,612,p42
5,white3,l,1,558,p42
5,evil,l,1,476,p42
1,bad,l,1,1443,p43
1,nasty,l,1,887,p43
1,happy,a,1,704,p43
1,good,a,1,527,p43
1,hurt,l,1,547,p43
1,evil,l,1,664,p43
1,love,a,1,590,p43
1,pleasure,a,1,468,p43
1,agony,l,1,599,p43
1,joy,a,1,597,p43
2,black3,l,1,2260,p43
2,white4,a,1,1072,p43
2,black1,l,1,1009,p43
2,black5,l,1,728,p43
2,white5,a,1,1408,p43
2,black2,l,1,918,p43
2,white3,a,1,595,p43
2,white2,a,1,1277,p43
2,black4,l,1,684,p43
2,white1,a,1,1153,p43
3,white5,a,1,1463,p43
3,black4,l,1,2034,p43
3,bad,l,1,1906,p43
3,nasty,l,1,2023,p43
3,white4,a,1,1122,p43
3,good,a,1,2260,p43
3,black3,l,1,1288,p43
3,black1,l,1,935,p43
3,love,a,1,866,p43
3,joy,a,1,673,p43
3,black5,l,1,1072,p43
3,happy,a,1,910,p43
3,white2,a,1,878,p43
3,evil,l,1,986,p43
3,black2,l,1,1747,p43
3,pleasure,a,1,615,p43
3,white3,a,1,594,p43
3,white1,a,1,715,p43
3,agony,l,1,1083,p43
3,hurt,l,1,464,p43
4,black3,a,1,1502,p43
4,white2,l,1,986,p43
4,black1,a,1,780,p43
4,white4,l,1,535,p43
4,white3,l,1,709,p43
4,white1,l,1,593,p43
4,black5,a,1,774,p43
4,black2,a,1,518,p43
4,white5,l,1,1462,p43
4,black4,a,1,523,p43
5,black2,a,1,581,p43
5,joy,a,1,541,p43
5,black4,a,1,804,p43
5,black3,a,1,490,p43
5,love,a,1,558,p43
5,agony,l,1,1627,p43
5,white1,l,1,1111,p43
5,good,a,1,1048,p43
5,bad,l,1,832,p43
5,white5,l,1,753,p43
5,black1,a,1,1548,p43
5,white2,l,1,1323,p43
5,pleasure,a,1,1453,p43
5,nasty,l,1,763,p43
5,white4,l,1,734,p43
5,black5,a,1,474,p43
5,happy,l,0,906,p43
5,evil,l,1,1391,p43
5,hurt,l,1,936,p43
5,white3,l,1,1388,p43
1,bad,l,1,1803,p44
1,good,a,1,869,p44
1,pleasure,a,1,586,p44
1,evil,l,1,627,p44
1,agony,a,0,1075,p44
1,hurt,l,1,809,p44
1,love,a,1,651,p44
1,happy,a,1,571,p44
1,nasty,l,1,815,p44
1,joy,a,1,522,p44
2,black4,l,1,1582,p44
2,black2,l,1,502,p44
2,black3,l,1,389,p44
2,white4,a,1,526,p44
2,white3,a,1,587,p44
2,black5,l,1,646,p44
2,white2,a,1,507,p44
2,white5,a,1,586,p44
2,black1,l,1,629,p44
2,white1,a,1,549,p44
3,white5,a,1,571,p44
3,hurt,l,1,562,p44
3,bad,l,1,527,p44
3,nasty,l,1,547,p44
3,agony,l,1,534,p44
3,black5,l,1,547,p44
3,black4,l,1,439,p44
3,good,a,1,504,p44
3,black2,a,0,492,p44
3,black1,l,1,1115,p44
3,happy,a,1,463,p44
3,love,a,1,560,p44
3,white1,a,1,602,p44
3,white4,a,1,473,p44
3,evil,l,1,695,p44
3,black3,l,1,1048,p44
3,pleasure,a,1,592,p44
3,white3,a,1,569,p44
3,joy,a,1,556,p44
3,white2,a,1,593,p44
4,black2,l,0,663,p44
4,black3,a,1,2901,p44
4,white4,l,1,705,p44
4,black4,a,1,656,p44
4,black5,a,1,940,p44
4,white5,l,1,464,p44
4,black1,a,1,528,p44
4,white2,l,1,696,p44
4,white1,l,1,675,p44
4,white3,l,1,458,p44
5,white1,l,1,1655,p44
5,black2,a,1,1144,p44
5,nasty,l,1,1707,p44
5,joy,a,1,583,p44
5,white3,l,1,818,p44
5,good,a,1,459,p44
5,happy,a,1,562,p44
5,love,a,1,518,p44
5,white5,l,1,554,p44
5,black5,a,1,347,p44
5,black1,a,1,882,p44
5,pleasure,a,1,577,p44
5,evil,l,1,868,p44
5,bad,a,0,563,p44
5,black3,a,1,927,p44
5,black4,a,1,1387,p44
5,white4,l,1,716,p44
5,hurt,a,0,842,p44
5,agony,l,1,1213,p44
5,white2,l,1,2386,p44
1,evil,l,1,802,p45
1,joy,a,1,824,p45
1,hurt,l,1,521,p45
1,love,a,1,694,p45
1,happy,a,1,556,p45
1,pleasure,a,1,608,p45
1,bad,l,1,473,p45
1,agony,l,1,680,p45
1,good,a,1,655,p45
1,nasty,l,1,607,p45
2,black3,l,1,709,p45
2,white4,a,1,609,p45
2,black5,l,1,596,p45
2,white3,a,1,493,p45
2,black1,l,1,435,p45
2,black4,l,1,555,p45
2,white2,a,1,1024,p45
2,white5,a,1,715,p45
2,white1,a,1,812,p45
2,black2,l,1,502,p45
3,black5,l,1,592,p45
3,white3,a,1,652,p45
3,white5,a,1,609,p45
3,black1,l,1,628,p45
3,black4,l,1,531,p45
3,nasty,l,1,739,p45
3,happy,a,1,517,p45
3,white2,a,1,812,p45
3,joy,a,1,586,p45
3,bad,l,1,655,p45
3,agony,l,1,651,p45
3,white4,a,1,502,p45
3,pleasure,a,1,479,p45
3,white1,a,1,722,p45
3,hurt,l,1,675,p45
3,black2,l,1,852,p45
3,black3,l,1,593,p45
3,love,a,1,551,p45
3,evil,l,1,711,p45
3,good,a,1,568,p45
4,black5,a,1,599,p45
4,white3,l,1,482,p45
4,white5,l,1,641,p45
4,white4,l,1,634,p45
4,black1,a,1,820,p45
4,black4,a,1,513,p45
4,white2,l,1,761,p45
4,white1,l,1,482,p45
4,black2,a,1,420,p45
4,black3,a,1,554,p45
5,good,a,1,527,p45
5,pleasure,a,1,648,p45
5,evil,l,1,604,p45
5,black5,a,1,590,p45
5,black3,a,1,417,p45
5,agony,l,1,778,p45
5,black2,a,1,868,p45
5,white5,l,1,655,p45
5,bad,l,1,659,p45
5,happy,a,1,578,p45
5,white2,l,1,589,p45
5,nasty,l,1,624,p45
5,black1,a,1,529,p45
5,white1,l,1,493,p45
5,love,a,1,548,p45
5,joy,a,1,536,p45
5,white4,l,1,516,p45
5,black4,a,1,682,p45
5,white3,l,1,648,p45
5,hurt,l,1,728,p45
1,hurt,l,1,1046,p46
1,nasty,l,1,870,p46
1,good,a,1,652,p46
1,happy,a,1,803,p46
1,agony,l,1,589,p46
1,pleasure,a,1,463,p46
1,love,a,1,625,p46
1,joy,a,1,527,p46
1,bad,l,1,550,p46
1,evil,l,1,817,p46
2,black5,l,1,1304,p46
2,white5,a,1,741,p46
2,white4,a,1,849,p46
2,black4,l,1,481,p46
2,white1,a,1,431,p46
2,black2,l,1,480,p46
2,black1,l,1,385,p46
2,white3,a,1,498,p46
2,white2,a,1,664,p46
2,black3,l,1,680,p46
3,white3,a,1,995,p46
3,happy,a,1,484,p46
3,white5,a,1,746,p46
3,hurt,l,1,622,p46
3,nasty,l,1,550,p46
3,black3,l,1,698,p46
3,evil,l,1,628,p46
3,bad,l,1,978,p46
3,pleasure,a,1,615,p46
3,good,a,1,485,p46
3,agony,l,1,515,p46
3,white2,a,1,801,p46
3,black4,l,1,764,p46
3,black5,l,1,557,p46
3,joy,a,1,552,p46
3,white4,a,1,868,p46
3,black2,l,1,683,p46
3,white1,a,1,649,p46
3,love,a,1,529,p46
3,black1,l,1,554,p46
4,white4,l,1,542,p46
4,black4,a,1,450,p46
4,black3,a,1,587,p46
4,white5,l,1,613,p46
4,white1,l,1,431,p46
4,white3,l,1,575,p46
4,black5,a,1,496,p46
4,black2,a,1,500,p46
4,black1,a,1,374,p46
4,white2,a,0,322,p46
5,joy,a,1,1105,p46
5,black4,a,1,837,p46
5,black5,a,1,655,p46
5,black2,a,1,638,p46
5,bad,l,1,690,p46
5,evil,l,1,444,p46
5,white5,l,1,575,p46
5,black3,a,1,560,p46
5,happy,a,1,908,p46
5,white1,l,1,649,p46
5,good,a,1,1316,p46
5,pleasure,a,1,940,p46
5,hurt,l,1,584,p46
5,nasty,l,1,698,p46
5,love,a,1,643,p46
5,white4,l,1,577,p46
5,white3,l,1,646,p46
5,agony,l,1,898,p46
5,black1,a,1,683,p46
5,white2,l,1,647,p46
1,nasty,l,1,1660,p47
1,evil,l,1,909,p47
1,bad,l,1,807,p47
1,love,a,1,699,p47
1,happy,a,1,463,p47
1,good,a,1,561,p47
1,pleasure,a,1,553,p47
1,joy,a,1,488,p47
1,agony,l,1,731,p47
1,hurt,l,1,552,p47
2,black1,l,1,3280,p47
2,black4,l,1,807,p47
2,white4,l,0,2917,p47
2,black2,a,0,1873,p47
2,white1,a,1,959,p47
2,white2,a,1,2370,p47
2,white5,a,1,1611,p47
2,white3,l,0,2598,p47
2,black3,l,1,1079,p47
2,black5,l,1,1002,p47
3,agony,l,1,3897,p47
3,black5,l,1,2163,p47
3,good,a,1,1062,p47
3,black2,l,1,1684,p47
3,love,a,1,658,p47
3,black1,l,1,1697,p47
3,white2,a,1,1117,p47
3,joy,a,1,714,p47
3,happy,a,1,1079,p47
3,bad,l,1,821,p47
3,white1,a,1,1070,p47
3,white5,a,1,765,p47
3,black4,l,1,728,p47
3,white3,a,1,716,p47
3,hurt,l,1,770,p47
3,evil,l,1,540,p47
3,black3,l,1,812,p47
3,nasty,l,1,707,p47
3,white4,a,1,1570,p47
3,pleasure,a,1,716,p47
4,white2,l,1,3658,p47
4,white5,l,1,1399,p47
4,black4,a,1,832,p47
4,black5,a,1,602,p47
4,black2,a,1,782,p47
4,white1,l,1,653,p47
4,black1,a,1,780,p47
4,white3,l,1,1918,p47
4,black3,a,1,838,p47
4,white4,l,1,1450,p47
5,black3,a,1,1209,p47
5,pleasure,a,1,674,p47
5,white1,l,1,1295,p47
5,hurt,l,1,469,p47
5,black1,a,1,1075,p47
5,agony,l,1,897,p47
5,joy,a,1,607,p47
5,black5,a,1,953,p47
5,bad,l,1,732,p47
5,evil,l,1,648,p47
5,black4,a,1,704,p47
5,white5,l,1,950,p47
5,white3,l,1,1361,p47
5,happy,a,1,1021,p47
5,white2,l,1,1085,p47
5,white4,l,1,1203,p47
5,love,a,1,997,p47
5,nasty,l,1,678,p47
5,black2,a,1,996,p47
5,good,a,1,2181,p47
1,love,a,1,1966,p48
1,joy,a,1,52612,p48
1,good,a,1,762,p48
1,happy,a,1,613,p48
1,hurt,l,1,1248,p48
1,pleasure,a,1,982,p48
1,agony,a,0,1198,p48
1,nasty,l,1,1147,p48
1,evil,l,1,797,p48
1,bad,a,0,71532,p48
2,white5,a,1,3913,p48
2,white4,a,1,2716,p48
2,black5,l,1,2415,p48
2,white1,a,1,1670,p48
2,black3,l,1,1507,p48
2,black1,l,1,1392,p48
2,white3,a,1,2266,p48
2,white2,a,1,913,p48
2,black4,l,1,934,p48
2,black2,l,1,1490,p48
3,black3,l,1,2071,p48
3,black5,l,1,1106,p48
3,evil,l,1,3231,p48
3,hurt,l,1,2624,p48
3,love,a,1,1615,p48
3,white2,a,1,1807,p48
3,white1,a,1,1359,p48
3,black2,l,1,1304,p48
3,black1,l,1,1224,p48
3,good,a,1,1031,p48
3,white5,a,1,2250,p48
3,bad,l,1,1623,p48
3,agony,l,1,1375,p48
3,nasty,l,1,961,p48
3,black4,l,1,1773,p48
3,white3,a,1,800,p48
3,happy,a,1,1168,p48
3,white4,a,1,947,p48
3,joy,a,1,719,p48
3,pleasure,a,1,691,p48
4,white5,l,1,1536,p48
4,black1,a,1,1260,p48
4,white2,l,1,810,p48
4,white3,l,1,1250,p48
4,white4,l,1,923,p48
4,black4,a,1,535,p48
4,black2,a,1,835,p48
4,white1,l,1,620,p48
4,black3,a,1,596,p48
4,black5,a,1,862,p48
5,black5,a,1,1051,p48
5,white4,l,1,1491,p48
5,white5,l,1,1592,p48
5,love,a,1,1735,p48
5,white2,l,1,1675,p48
5,black3,a,1,1305,p48
5,agony,l,1,1460,p48
5,black2,a,1,1078,p48
5,good,a,1,1275,p48
5,nasty,a,0,1385,p48
5,bad,l,1,2956,p48
5,happy,a,1,1613,p48
5,joy,a,1,1461,p48
5,white1,l,1,1411,p48
5,white3,l,1,853,p48
5,hurt,l,1,1293,p48
5,black1,a,1,969,p48
5,evil,l,1,1877,p48
5,pleasure,a,1,1212,p48
5,black4,a,1,1252,p48
1,pleasure,a,1,1050,p49
1,agony,l,1,873,p49
1,bad,l,1,752,p49
1,nasty,l,1,541,p49
1,love,a,1,439,p49
1,happy,a,1,673,p49
1,evil,l,1,573,p49
1,good,a,1,564,p49
1,joy,a,1,620,p49
1,hurt,l,1,559,p49
2,black5,l,1,1204,p49
2,black1,l,1,1018,p49
2,white4,a,1,914,p49
2,white2,a,1,768,p49
2,white5,a,1,1172,p49
2,white3,l,0,1037,p49
2,black4,a,0,1797,p49
2,white1,l,0,1462,p49
2,black3,l,1,1213,p49
2,black2,l,1,1525,p49
3,joy,a,1,867,p49
3,white3,a,1,1475,p49
3,evil,l,1,852,p49
3,good,a,1,1226,p49
3,black1,a,0,1057,p49
3,nasty,l,1,2592,p49
3,black3,l,1,1104,p49
3,pleasure,a,1,1394,p49
3,bad,l,1,1159,p49
3,black2,l,1,1602,p49
3,white2,a,1,1046,p49
3,agony,l,1,1051,p49
3,love,a,1,753,p49
3,white5,a,1,885,p49
3,happy,a,1,1307,p49
3,black5,l,1,736,p49
3,white1,a,1,876,p49
3,white4,a,1,2147,p49
3,black4,l,1,871,p49
3,hurt,l,1,877,p49
4,white2,l,1,1353,p49
4,white4,l,1,716,p49
4,white1,l,1,786,p49
4,black4,a,1,831,p49
4,black2,a,1,555,p49
4,black5,a,1,599,p49
4,black1,a,1,633,p49
4,white3,l,1,661,p49
4,white5,l,1,491,p49
4,black3,a,1,539,p49
5,white5,l,1,1109,p49
5,black5,a,1,720,p49
5,love,a,1,1391,p49
5,happy,a,1,592,p49
5,black1,a,1,1017,p49
5,bad,l,1,1195,p49
5,white4,l,1,1172,p49
5,good,a,1,1390,p49
5,nasty,l,1,840,p49
5,joy,a,1,1036,p49
5,white3,l,1,929,p49
5,pleasure,a,1,695,p49
5,white2,l,1,842,p49
5,agony,l,1,1290,p49
5,evil,l,1,883,p49
5,black2,a,1,711,p49
5,white1,l,1,766,p49
5,hurt,l,1,1310,p49
5,black3,a,1,941,p49
5,black4,a,1,687,p49
1,good,a,1,2377,p50
1,nasty,l,1,987,p50
1,happy,a,1,605,p50
1,agony,l,1,750,p50
1,love,a,1,493,p50
1,evil,l,1,560,p50
1,pleasure,l,0,452,p50
1,joy,a,1,493,p50
1,hurt,l,1,497,p50
1,bad,l,1,568,p50
2,white3,a,1,2049,p50
2,black3,l,1,805,p50
2,white2,a,1,780,p50
2,black1,l,1,624,p50
2,white4,l,0,496,p50
2,black4,l,1,737,p50
2,black2,l,1,770,p50
2,white1,a,1,528,p50
2,black5,l,1,530,p50
2,white5,a,1,809,p50
3,bad,l,1,902,p50
3,agony,l,1,607,p50
3,white1,a,1,713,p50
3,white4,a,1,621,p50
3,happy,a,1,663,p50
3,evil,l,1,589,p50
3,white2,a,1,631,p50
3,nasty,l,1,696,p50
3,black4,l,1,637,p50
3,white3,a,1,534,p50
3,love,a,1,609,p50
3,black2,l,1,635,p50
3,white5,a,1,602,p50
3,black1,l,1,508,p50
3,black5,l,1,555,p50
3,pleasure,a,1,766,p50
3,black3,l,1,633,p50
3,joy,a,1,651,p50
3,hurt,l,1,634,p50
3,good,a,1,530,p50
4,white3,a,0,650,p50
4,black3,a,1,1271,p50
4,white4,l,1,665,p50
4,black4,a,1,444,p50
4,black2,a,1,798,p50
4,white5,l,1,686,p50
4,black1,a,1,556,p50
4,white2,l,1,743,p50
4,white1,l,1,703,p50
4,black5,a,1,400,p50
5,black4,a,1,650,p50
5,black3,a,1,601,p50
5,happy,l,0,755,p50
5,pleasure,a,1,862,p50
5,nasty,l,1,597,p50
5,evil,l,1,710,p50
5,white3,l,1,540,p50
5,hurt,l,1,713,p50
5,agony,l,1,589,p50
5,good,a,1,456,p50
5,white4,l,1,710,p50
5,black2,a,1,452,p50
5,black1,a,1,580,p50
5,black5,a,1,518,p50
5,joy,a,1,835,p50
5,bad,l,1,467,p50
5,white1,l,1,698,p50
5,white5,l,1,624,p50
5,white2,a,0,417,p50
5,love,a,1,890,p50
1,evil,l,1,2496,p51
1,bad,l,1,1348,p51
1,agony,l,1,1520,p51
1,joy,a,1,1628,p51
1,pleasure,a,1,1461,p51
1,hurt,l,1,1002,p51
1,love,a,1,780,p51
1,happy,a,1,670,p51
1,nasty,l,1,934,p51
1,good,a,1,665,p51
2,black2,l,1,5055,p51
2,black5,l,1,3461,p51
2,black3,l,1,1906,p51
2,black1,l,1,2269,p51
2,white2,a,1,1484,p51
2,white5,a,1,1809,p51
2,white3,a,1,1323,p51
2,white4,a,1,1415,p51
2,white1,a,1,1311,p51
2,black4,l,1,1212,p51
3,evil,l,1,6620,p51
3,good,a,1,2017,p51
3,white2,a,1,3696,p51
3,bad,l,1,1436,p51
3,pleasure,a,1,1028,p51
3,white3,a,1,2236,p51
3,black1,l,1,1956,p51
3,white1,a,1,5909,p51
3,black4,l,1,1158,p51
3,love,a,1,1122,p51
3,white5,a,1,2566,p51
3,joy,a,1,648,p51
3,black3,l,1,1248,p51
3,agony,l,1,1192,p51
3,black2,l,1,2298,p51
3,black5,l,1,885,p51
3,white4,a,1,963,p51
3,nasty,l,1,942,p51
3,happy,a,1,739,p51
3,hurt,l,1,719,p51
4,white3,l,1,2647,p51
4,black2,a,1,1405,p51
4,black1,a,1,1254,p51
4,black5,a,1,908,p51
4,black4,a,1,842,p51
4,white1,l,1,858,p51
4,white5,l,1,961,p51
4,white4,l,1,733,p51
4,white2,l,1,962,p51
4,black3,a,1,669,p51
5,nasty,l,1,5806,p51
5,white3,l,1,2411,p51
5,love,a,1,1563,p51
5,bad,l,1,1527,p51
5,black5,a,1,1698,p51
5,black4,a,1,1216,p51
5,white4,l,1,2097,p51
5,good,a,1,1294,p51
5,white5,l,1,2156,p51
5,hurt,l,1,1478,p51
5,joy,a,1,1148,p51
5,evil,l,1,1576,p51
5,agony,l,1,1074,p51
5,pleasure,a,1,952,p51
5,happy,a,1,876,p51
5,black3,a,1,1410,p51
5,white1,l,1,1331,p51
5,white2,l,1,1240,p51
5,black2,a,1,991,p51
5,black1,a,1,1017,p51
1,hurt,l,1,1150,p52
1,evil,l,1,793,p52
1,pleasure,a,1,677,p52
1,love,a,1,739,p52
1,bad,l,1,626,p52
1,joy,a,1,632,p52
1,happy,a,1,625,p52
1,good,a,1,1089,p52
1,nasty,l,1,653,p52
1,agony,l,1,694,p52
2,black1,l,1,3876,p52
2,white3,a,1,1809,p52
2,black4,l,1,1849,p52
2,white5,a,1,1873,p52
2,black3,l,1,1638,p52
2,white4,a,1,1659,p52
2,white1,a,1,1476,p52
2,white2,a,1,922,p52
2,black2,l,1,1142,p52
2,black5,l,1,1450,p52
3,happy,a,1,1087,p52
3,black5,l,1,1060,p52
3,pleasure,a,1,1348,p52
3,nasty,l,1,821,p52
3,agony,l,1,616,p52
3,bad,l,1,562,p52
3,white4,a,1,686,p52
3,joy,a,1,571,p52
3,love,a,1,670,p52
3,evil,l,1,588,p52
3,black2,l,1,1007,p52
3,hurt,l,1,1065,p52
3,white1,a,1,1072,p52
3,white2,a,1,1311,p52
3,black3,l,1,1043,p52
3,black1,l,1,1092,p52
3,white5,a,1,802,p52
3,black4,l,1,803,p52
3,white3,l,0,1124,p52
3,good,a,1,1848,p52
4,white2,l,1,3183,p52
4,black5,a,1,2631,p52
4,white4,l,1,2343,p52
4,black4,a,1,1457,p52
4,black3,a,1,2296,p52
4,black1,a,1,1516,p52
4,white1,l,1,1377,p52
4,black2,a,1,1052,p52
4,white5,l,1,1115,p52
4,white3,l,1,1792,p52
5,white5,l,1,1460,p52
5,hurt,l,1,2491,p52
5,good,a,1,1136,p52
5,white2,l,1,1365,p52
5,bad,l,1,1055,p52
5,white3,l,1,1486,p52
5,joy,a,1,1549,p52
5,black4,a,1,2245,p52
5,black1,a,1,1012,p52
5,pleasure,l,0,1054,p52
5,black5,a,1,2125,p52
5,black3,a,1,1401,p52
5,nasty,l,1,1017,p52
5,love,a,1,1266,p52
5,black2,a,1,1032,p52
5,white4,l,1,1121,p52
5,agony,l,1,1166,p52
5,evil,l,1,1129,p52
5,happy,a,1,1223,p52
5,white1,l,1,1022,p52
1,pleasure,a,1,1485,p53
1,agony,l,1,1923,p53
1,happy,a,1,1168,p53
1,evil,l,1,1720,p53
1,hurt,l,1,2442,p53
1,nasty,l,1,2594,p53
1,joy,a,1,1636,p53
1,good,a,1,906,p53
1,bad,l,1,1872,p53
1,love,a,1,1310,p53
2,white1,a,1,4660,p53
2,black1,l,1,1042,p53
2,black5,l,1,992,p53
2,white5,l,0,5736,p53
2,white2,a,1,1035,p53
2,white3,a,1,1865,p53
2,black4,l,1,992,p53
2,black2,l,1,1731,p53
2,black3,l,1,735,p53
2,white4,a,1,1402,p53
3,white1,l,0,19263,p53
3,pleasure,l,0,8231,p53
3,joy,a,1,1141,p53
3,evil,l,1,1231,p53
3,nasty,l,1,1848,p53
3,black4,l,1,1407,p53
3,black3,l,1,2039,p53
3,hurt,l,1,3710,p53
3,white5,a,1,1980,p53
3,black5,l,1,885,p53
3,bad,l,1,2338,p53
3,black2,l,1,1075,p53
3,agony,l,1,3680,p53
3,black1,l,1,10926,p53
3,love,a,1,3706,p53
3,white4,a,1,9765,p53
3,white3,a,1,1421,p53
3,white2,a,1,1800,p53
3,happy,a,1,2170,p53
3,good,a,1,6987,p53
4,white4,l,1,2258,p53
4,white2,l,1,12407,p53
4,black5,a,1,1536,p53
4,white5,l,1,2143,p53
4,black1,a,1,3591,p53
4,black2,a,1,3621,p53
4,white1,l,1,3701,p53
4,black4,a,1,2110,p53
4,black3,a,1,1540,p53
4,white3,l,1,1888,p53
5,white1,l,1,7852,p53
5,black1,a,1,2361,p53
5,bad,l,1,3150,p53
5,happy,a,1,7730,p53
5,white5,l,1,5312,p53
5,black3,a,1,1634,p53
5,nasty,l,1,10163,p53
5,white3,l,1,4206,p53
5,pleasure,a,1,5705,p53
5,joy,a,1,2765,p53
5,good,a,1,6431,p53
5,black5,a,1,1301,p53
5,evil,l,1,2874,p53
5,white2,l,1,4614,p53
5,agony,l,1,1836,p53
5,hurt,l,1,2364,p53
5,white4,l,1,2461,p53
5,love,a,1,1687,p53
5,black4,a,1,1225,p53
5,black2,a,1,865,p53
1,pleasure,a,1,1035,p54
1,good,a,1,722,p54
1,agony,l,1,533,p54
1,nasty,l,1,483,p54
1,happy,a,1,435,p54
1,hurt,a,0,419,p54
1,evil,l,1,594,p54
1,bad,l,1,541,p54
1,joy,a,1,425,p54
1,love,a,1,636,p54
2,white5,a,1,1152,p54
2,black5,l,1,514,p54
2,white3,a,1,694,p54
2,black2,l,1,582,p54
2,black3,l,1,537,p54
2,black1,l,1,555,p54
2,white2,l,0,575,p54
2,white1,a,1,803,p54
2,white4,a,1,819,p54
2,black4,l,1,508,p54
3,happy,a,1,724,p54
3,black5,l,1,552,p54
3,white4,a,1,571,p54
3,agony,l,1,917,p54
3,hurt,l,1,596,p54
3,black3,l,1,595,p54
3,nasty,l,1,503,p54
3,white2,a,1,781,p54
3,black2,l,1,526,p54
3,love,a,1,813,p54
3,bad,l,1,557,p54
3,white3,a,1,754,p54
3,white1,a,1,533,p54
3,evil,l,1,257,p54
3,joy,a,1,561,p54
3,black1,l,1,486,p54
3,good,a,1,723,p54
3,pleasure,a,1,568,p54
3,black4,l,1,586,p54
3,white5,a,1,580,p54
4,white1,l,1,689,p54
4,black3,a,1,425,p54
4,white3,l,1,625,p54
4,white4,l,1,577,p54
4,white5,l,1,610,p54
4,black4,a,1,399,p54
4,black1,a,1,384,p54
4,black2,a,1,515,p54
4,white2,l,1,474,p54
4,black5,a,1,598,p54
5,hurt,l,1,611,p54
5,pleasure,a,1,723,p54
5,love,a,1,664,p54
5,black3,a,1,592,p54
5,evil,l,1,994,p54
5,black4,a,1,444,p54
5,bad,l,1,475,p54
5,joy,a,1,754,p54
5,agony,l,1,515,p54
5,good,a,1,443,p54
5,white1,l,1,540,p54
5,happy,a,1,576,p54
5,white2,l,1,771,p54
5,black5,a,1,852,p54
5,white4,l,1,532,p54
5,white3,l,1,448,p54
5,black1,a,1,224,p54
5,white5,l,1,163240,p54
5,black2,a,1,300,p54
5,nasty,l,1,523,p54
1,bad,l,1,1514,p55
1,evil,l,1,1135,p55
1,good,a,1,666,p55
1,hurt,l,1,1146,p55
1,love,a,1,774,p55
1,joy,a,1,523,p55
1,agony,l,1,748,p55
1,happy,a,1,505,p55
1,pleasure,a,1,625,p55
1,nasty,l,1,678,p55
2,black5,l,1,2264,p55
2,black4,l,1,1920,p55
2,white3,a,1,1439,p55
2,white5,a,1,956,p55
2,black3,l,1,1640,p55
2,white1,a,1,1543,p55
2,black2,l,1,1350,p55
2,white4,a,1,1269,p55
2,black1,l,1,3067,p55
2,white2,a,1,2865,p55
3,black4,l,1,9113,p55
3,bad,l,1,1903,p55
3,evil,l,1,1126,p55
3,white5,a,1,2095,p55
3,black3,l,1,1132,p55
3,black1,l,1,2329,p55
3,love,a,1,644,p55
3,white1,a,1,1274,p55
3,joy,a,1,969,p55
3,black5,l,1,1319,p55
3,white4,a,1,1128,p55
3,white2,a,1,1373,p55
3,nasty,l,1,983,p55
3,white3,a,1,2697,p55
3,pleasure,a,1,572,p55
3,agony,l,1,728,p55
3,good,a,1,628,p55
3,happy,a,1,2592,p55
3,black2,l,1,1413,p55
3,hurt,l,1,906,p55
4,white5,a,0,1114,p55
4,black1,a,1,3315,p55
4,black4,a,1,1659,p55
4,black5,a,1,2273,p55
4,black2,a,1,2521,p55
4,white4,l,1,1280,p55
4,black3,a,1,1507,p55
4,white3,l,1,2165,p55
4,white1,l,1,846,p55
4,white2,l,1,1118,p55
5,good,a,1,1323,p55
5,black4,a,1,827,p55
5,black1,a,1,735,p55
5,white2,l,1,1070,p55
5,black2,a,1,1177,p55
5,happy,l,0,1112,p55
5,white1,l,1,5397,p55
5,bad,l,1,2046,p55
5,white3,l,1,1474,p55
5,agony,l,1,3355,p55
5,love,a,1,1571,p55
5,white5,l,1,1076,p55
5,hurt,l,1,1621,p55
5,joy,a,1,1595,p55
5,nasty,l,1,1238,p55
5,black3,a,1,1187,p55
5,white4,l,1,680,p55
5,evil,l,1,1739,p55
5,pleasure,a,1,1461,p55
5,black5,a,1,988,p55
1,hurt,l,1,1255,p56
1,agony,l,1,878,p56
1,nasty,l,1,581,p56
1,bad,l,1,495,p56
1,happy,a,1,549,p56
1,good,a,1,537,p56
1,love,a,1,536,p56
1,pleasure,a,1,588,p56
1,joy,a,1,597,p56
1,evil,l,1,517,p56
2,black3,l,1,827,p56
2,black4,l,1,508,p56
2,white4,a,1,786,p56
2,black2,l,1,820,p56
2,black5,l,1,771,p56
2,white3,a,1,743,p56
2,black1,l,1,875,p56
2,white5,a,1,705,p56
2,white1,a,1,775,p56
2,white2,a,1,1008,p56
3,white5,a,1,1219,p56
3,hurt,l,1,884,p56
3,black2,l,1,737,p56
3,black3,l,1,710,p56
3,nasty,l,1,564,p56
3,good,a,1,559,p56
3,joy,a,1,443,p56
3,happy,a,1,668,p56
3,pleasure,a,1,657,p56
3,black5,l,1,690,p56
3,white1,a,1,800,p56
3,love,a,1,683,p56
3,white2,a,1,669,p56
3,white3,a,1,981,p56
3,black4,l,1,777,p56
3,black1,l,1,973,p56
3,bad,l,1,791,p56
3,agony,l,1,665,p56
3,white4,a,1,710,p56
3,evil,l,1,645,p56
4,black1,a,1,602,p56
4,white1,l,1,659,p56
4,white3,l,1,683,p56
4,black3,a,1,666,p56
4,white2,l,1,518,p56
4,white4,l,1,606,p56
4,black4,a,1,647,p56
4,black5,a,1,626,p56
4,white5,l,1,598,p56
4,black2,a,1,656,p56
5,agony,l,1,2445,p56
5,white1,l,1,1441,p56
5,hurt,a,0,1380,p56
5,white5,l,1,2910,p56
5,love,l,0,929,p56
5,black4,a,1,1147,p56
5,black5,a,1,1103,p56
5,white2,l,1,987,p56
5,black1,a,1,1049,p56
5,happy,a,1,600,p56
5,nasty,l,1,618,p56
5,black3,a,1,843,p56
5,bad,l,1,1603,p56
5,pleasure,a,1,924,p56
5,good,a,1,714,p56
5,black2,a,1,503,p56
5,joy,a,1,491,p56
5,white3,l,1,703,p56
5,evil,l,1,555,p56
5,white4,l,1,668,p56
1,love,a,1,657,p57
1,agony,l,1,967,p57
1,bad,l,1,1402,p57
1,hurt,l,1,998,p57
1,happy,a,1,597,p57
1,good,a,1,506,p57
1,evil,l,1,612,p57
1,pleasure,a,1,609,p57
1,nasty,l,1,1679,p57
1,joy,a,1,676,p57
2,black5,l,1,862,p57
2,black1,l,1,993,p57
2,white4,a,1,743,p57
2,white5,a,1,1467,p57
2,black4,l,1,699,p57
2,white3,a,1,1816,p57
2,black3,l,1,749,p57
2,black2,l,1,764,p57
2,white2,a,1,1474,p57
2,white1,a,1,1270,p57
3,white3,a,1,1105,p57
3,bad,l,1,1121,p57
3,love,a,1,1378,p57
3,hurt,l,1,1229,p57
3,white2,a,1,1358,p57
3,pleasure,a,1,1128,p57
3,joy,a,1,836,p57
3,black3,l,1,775,p57
3,black1,l,1,4015,p57
3,white1,a,1,781,p57
3,white5,a,1,2088,p57
3,black5,l,1,1872,p57
3,happy,a,1,1179,p57
3,evil,l,1,717,p57
3,white4,a,1,1141,p57
3,agony,l,1,974,p57
3,good,a,1,631,p57
3,nasty,l,1,1313,p57
3,black2,l,1,1126,p57
3,black4,l,1,698,p57
4,white5,l,1,789,p57
4,black3,a,1,617,p57
4,black1,a,1,773,p57
4,black5,a,1,500,p57
4,white4,l,1,860,p57
4,white1,l,1,1058,p57
4,white2,l,1,1980,p57
4,black4,a,1,571,p57
4,white3,l,1,837,p57
4,black2,a,1,1005,p57
5,good,a,1,1156,p57
5,black4,a,1,927,p57
5,evil,l,1,927,p57
5,black5,a,1,593,p57
5,black2,a,1,719,p57
5,nasty,l,1,991,p57
5,black3,a,1,709,p57
5,white2,l,1,864,p57
5,love,a,1,640,p57
5,hurt,l,1,2214,p57
5,happy,a,1,653,p57
5,white3,l,1,703,p57
5,agony,l,1,786,p57
5,joy,a,1,684,p57
5,white5,l,1,1177,p57
5,white4,l,1,1028,p57
5,black1,a,1,572,p57
5,bad,l,1,920,p57
5,white1,l,1,1060,p57
5,pleasure,a,1,620,p57
1,evil,l,1,1700,p58
1,pleasure,a,1,3413,p58
1,bad,l,1,861,p58
1,joy,a,1,652,p58
1,happy,a,1,699,p58
1,good,a,1,1475,p58
1,nasty,l,1,735,p58
1,hurt,l,1,691,p58
1,agony,l,1,1664,p58
1,love,a,1,571,p58
2,black5,l,1,1911,p58
2,white2,a,1,4579,p58
2,white5,a,1,3877,p58
2,black3,l,1,1645,p58
2,black2,l,1,1000,p58
2,black4,l,1,1214,p58
2,black1,l,1,911,p58
2,white3,a,1,828,p58
2,white1,a,1,1045,p58
2,white4,a,1,1019,p58
3,good,a,1,4823,p58
3,white2,a,1,2181,p58
3,black3,l,1,1517,p58
3,black4,l,1,826,p58
3,white4,a,1,1443,p58
3,agony,l,1,1890,p58
3,black2,l,1,1287,p58
3,black5,l,1,981,p58
3,white3,a,1,980,p58
3,love,a,1,865,p58
3,black1,l,1,940,p58
3,joy,a,1,901,p58
3,bad,l,1,875,p58
3,white5,a,1,721,p58
3,happy,a,1,577,p58
3,pleasure,a,1,944,p58
3,evil,l,1,590,p58
3,nasty,l,1,662,p58
3,hurt,l,1,582,p58
3,white1,a,1,552,p58
4,black3,a,1,909,p58
4,black5,a,1,600,p58
4,black1,a,1,668,p58
4,white1,l,1,568,p58
4,white5,l,1,724,p58
4,white2,l,1,464,p58
4,white4,l,1,583,p58
4,black4,a,1,874,p58
4,black2,a,1,614,p58
4,white3,l,1,1105,p58
5,white3,l,1,1353,p58
5,agony,l,1,1352,p58
5,nasty,l,1,744,p58
5,good,a,1,971,p58
5,black3,a,1,734,p58
5,black2,a,1,514,p58
5,love,a,1,664,p58
5,white5,l,1,583,p58
5,joy,a,1,665,p58
5,white4,l,1,596,p58
5,happy,a,1,595,p58
5,hurt,l,1,609,p58
5,white2,l,1,575,p58
5,white1,l,1,580,p58
5,pleasure,a,1,1004,p58
5,evil,l,1,527,p58
5,bad,l,1,1106,p58
5,black4,a,1,828,p58
5,black5,a,1,600,p58
5,black1,a,1,522,p58
1,agony,l,1,1767,p59
1,pleasure,a,1,1101,p59
1,good,a,1,963,p59
1,bad,l,1,781,p59
1,nasty,l,1,784,p59
1,joy,a,1,708,p59
1,evil,l,1,631,p59
1,love,a,1,998,p59
1,happy,a,1,729,p59
1,hurt,l,1,864,p59
2,white1,a,1,1994,p59
2,white2,a,1,2234,p59
2,black2,l,1,1497,p59
2,black1,l,1,1326,p59
2,black5,l,1,1362,p59
2,black3,l,1,917,p59
2,white4,a,1,2401,p59
2,white3,a,1,3857,p59
2,black4,l,1,663,p59
2,white5,a,1,806,p59
3,white3,a,1,2899,p59
3,joy,a,1,2067,p59
3,agony,l,1,853,p59
3,white5,a,1,1644,p59
3,white2,a,1,660,p59
3,black2,l,1,723,p59
3,pleasure,a,1,1784,p59
3,evil,l,1,1164,p59
3,hurt,l,1,668,p59
3,black5,l,1,1635,p59
3,good,a,1,707,p59
3,happy,a,1,591,p59
3,black3,l,1,961,p59
3,black4,l,1,516,p59
3,white4,a,1,1114,p59
3,black1,l,1,655,p59
3,white1,a,1,1028,p59
3,bad,l,1,1789,p59
3,nasty,l,1,646,p59
3,love,a,1,735,p59
4,white4,l,1,1324,p59
4,white5,l,1,587,p59
4,black2,a,1,602,p59
4,black1,a,1,1699,p59
4,white3,l,1,529,p59
4,black5,a,1,712,p59
4,black4,a,1,1459,p59
4,white2,l,1,1012,p59
4,white1,l,1,754,p59
4,black3,a,1,734,p59
5,white1,l,1,2407,p59
5,black1,a,1,1071,p59
5,bad,l,1,1491,p59
5,black3,a,1,1305,p59
5,joy,a,1,1013,p59
5,love,a,1,887,p59
5,black2,a,1,652,p59
5,black4,a,1,387,p59
5,white5,l,1,911,p59
5,evil,l,1,1084,p59
5,good,a,1,833,p59
5,white4,l,1,1753,p59
5,white3,l,1,837,p59
5,nasty,l,1,892,p59
5,happy,a,1,517,p59
5,hurt,l,1,942,p59
5,black5,a,1,909,p59
5,white2,l,1,854,p59
5,agony,l,1,1024,p59
5,pleasure,a,1,2159,p59
1,joy,a,1,2119,p60
1,agony,l,1,918,p60
1,nasty,l,1,806,p60
1,hurt,l,1,599,p60
1,pleasure,a,1,629,p60
1,happy,a,1,702,p60
1,good,a,1,623,p60
1,evil,l,1,585,p60
1,love,a,1,522,p60
1,bad,l,1,1123,p60
2,white5,a,1,1058,p60
2,white2,a,1,988,p60
2,white4,a,1,1598,p60
2,white3,a,1,1268,p60
2,black4,l,1,1086,p60
2,black1,l,1,535,p60
2,black5,l,1,388,p60
2,black3,l,1,522,p60
2,black2,l,1,927,p60
2,white1,a,1,853,p60
3,joy,a,1,1039,p60
3,black5,l,1,1010,p60
3,white3,a,1,807,p60
3,black2,l,1,625,p60
3,white5,a,1,766,p60
3,white1,a,1,660,p60
3,black3,l,1,1320,p60
3,hurt,l,1,1028,p60
3,white4,a,1,725,p60
3,bad,l,1,614,p60
3,evil,l,1,646,p60
3,black1,l,1,667,p60
3,black4,l,1,508,p60
3,happy,a,1,661,p60
3,agony,l,1,631,p60
3,nasty,l,1,847,p60
3,white2,a,1,795,p60
3,love,a,1,635,p60
3,pleasure,a,1,525,p60
3,good,a,1,772,p60
4,white1,l,1,823,p60
4,white2,l,1,624,p60
4,black3,a,1,789,p60
4,black2,a,1,623,p60
4,black4,a,1,636,p60
4,white5,l,1,644,p60
4,white4,l,1,656,p60
4,black1,a,1,848,p60
4,black5,a,1,764,p60
4,white3,l,1,530,p60
5,happy,a,1,922,p60
5,black3,a,1,598,p60
5,black1,a,1,555,p60
5,white5,l,1,760,p60
5,hurt,a,0,887,p60
5,black5,a,1,1597,p60
5,white2,l,1,579,p60
5,joy,a,1,1281,p60
5,black4,a,1,926,p60
5,nasty,l,1,964,p60
5,white1,l,1,1159,p60
5,black2,a,1,742,p60
5,agony,l,1,1198,p60
5,evil,l,1,544,p60
5,pleasure,a,1,632,p60
5,white3,l,1,700,p60
5,bad,l,1,1226,p60
5,white4,l,1,774,p60
5,love,a,1,1165,p60
5,good,a,1,1215,p60
1,love,a,1,1307,p61
1,joy,a,1,1080,p61
1,good,a,1,750,p61
1,agony,a,0,474,p61
1,nasty,l,1,881,p61
1,bad,l,1,591,p61
1,pleasure,a,1,730,p61
1,hurt,l,1,638,p61
1,evil,l,1,592,p61
1,happy,a,1,464,p61
2,white4,a,1,1520,p61
2,white2,a,1,1788,p61
2,black2,l,1,767,p61
2,black1,l,1,1570,p61
2,white3,a,1,843,p61
2,black4,l,1,747,p61
2,white1,a,1,936,p61
2,white5,a,1,1132,p61
2,black5,l,1,912,p61
2,black3,l,1,1158,p61
3,black3,l,1,2080,p61
3,evil,l,1,1838,p61
3,white1,a,1,1212,p61
3,black4,l,1,1333,p61
3,white2,a,1,5122,p61
3,pleasure,a,1,2626,p61
3,white4,a,1,1386,p61
3,happy,a,1,907,p61
3,good,a,1,898,p61
3,black2,l,1,887,p61
3,love,a,1,845,p61
3,black1,l,1,733,p61
3,bad,l,1,818,p61
3,white5,a,1,739,p61
3,nasty,l,1,782,p61
3,agony,l,1,745,p61
3,white3,a,1,741,p61
3,hurt,l,1,706,p61
3,joy,a,1,836,p61
3,black5,l,1,719,p61
4,white4,l,1,974,p61
4,white2,l,1,872,p61
4,black1,a,1,895,p61
4,black3,a,1,1117,p61
4,black4,a,1,1362,p61
4,black2,a,1,940,p61
4,black5,l,0,1208,p61
4,white5,l,1,1273,p61
4,white1,l,1,1671,p61
4,white3,l,1,1189,p61
5,black1,a,1,1215,p61
5,white4,l,1,1142,p61
5,hurt,l,1,2220,p61
5,joy,a,1,1484,p61
5,bad,l,1,2080,p61
5,love,a,1,1022,p61
5,white3,l,1,1647,p61
5,black5,a,1,950,p61
5,agony,l,1,954,p61
5,evil,l,1,853,p61
5,white2,l,1,1253,p61
5,happy,a,1,812,p61
5,black3,a,1,1701,p61
5,nasty,l,1,1379,p61
5,pleasure,a,1,894,p61
5,black4,a,1,795,p61
5,good,a,1,613,p61
5,white1,l,1,727,p61
5,white5,l,1,1051,p61
5,black2,a,1,780,p61
1,love,a,1,1386,p62
1,agony,l,1,1174,p62
1,good,a,1,991,p62
1,hurt,l,1,983,p62
1,happy,a,1,755,p62
1,pleasure,a,1,1102,p62
1,bad,l,1,996,p62
1,joy,a,1,853,p62
1,nasty,l,1,866,p62
1,evil,l,1,1435,p62
2,black2,l,1,1442,p62
2,black4,l,1,855,p62
2,white5,a,1,775,p62
2,white2,a,1,716,p62
2,white3,a,1,1312,p62
2,white1,a,1,629,p62
2,black5,l,1,869,p62
2,black1,l,1,665,p62
2,white4,a,1,723,p62
2,black3,l,1,730,p62
3,nasty,l,1,2594,p62
3,pleasure,a,1,1346,p62
3,agony,l,1,1318,p62
3,white4,a,1,1009,p62
3,white5,a,1,932,p62
3,white3,a,1,640,p62
3,happy,a,1,1232,p62
3,black1,l,1,928,p62
3,black3,l,1,669,p62
3,bad,a,0,813,p62
3,love,a,1,1998,p62
3,white2,a,1,918,p62
3,black2,l,1,1442,p62
3,evil,l,1,1467,p62
3,black5,l,1,817,p62
3,joy,a,1,915,p62
3,hurt,l,1,1063,p62
3,white1,a,1,821,p62
3,good,a,1,1038,p62
3,black4,l,1,775,p62
4,white3,l,1,1367,p62
4,white2,l,1,754,p62
4,black3,a,1,837,p62
4,black2,a,1,838,p62
4,white1,l,1,894,p62
4,black1,a,1,1612,p62
4,black4,a,1,702,p62
4,white4,l,1,763,p62
4,white5,l,1,798,p62
4,black5,a,1,665,p62
5,hurt,l,1,825,p62
5,white4,l,1,1074,p62
5,joy,a,1,1047,p62
5,white2,l,1,598,p62
5,white1,l,1,529,p62
5,black1,a,1,612,p62
5,happy,a,1,736,p62
5,black2,a,1,1037,p62
5,pleasure,a,1,741,p62
5,black5,a,1,696,p62
5,black3,a,1,668,p62
5,nasty,l,1,769,p62
5,evil,l,1,622,p62
5,love,l,0,557,p62
5,good,a,1,731,p62
5,agony,l,1,1368,p62
5,white5,l,1,986,p62
5,white3,l,1,724,p62
5,black4,a,1,793,p62
5,bad,l,1,932,p62
1,love,a,1,1084,p63
1,evil,l,1,912,p63
1,joy,a,1,789,p63
1,happy,a,1,823,p63
1,agony,l,1,1168,p63
1,bad,l,1,706,p63
1,pleasure,a,1,1003,p63
1,nasty,l,1,893,p63
1,hurt,l,1,1087,p63
1,good,a,1,845,p63
2,white4,a,1,1377,p63
2,white5,a,1,2371,p63
2,white3,l,0,2148,p63
2,white1,a,1,2064,p63
2,white2,a,1,837,p63
2,black1,l,1,749,p63
2,black3,l,1,810,p63
2,black2,l,1,666,p63
2,black5,l,1,641,p63
2,black4,l,1,762,p63
3,white4,a,1,1017,p63
3,black4,l,1,1010,p63
3,white3,a,1,1187,p63
3,black5,l,1,1148,p63
3,hurt,l,1,2304,p63
3,pleasure,a,1,1060,p63
3,white5,a,1,1362,p63
3,love,a,1,949,p63
3,black3,l,1,1286,p63
3,agony,l,1,823,p63
3,black2,l,1,1069,p63
3,bad,l,1,646,p63
3,evil,l,1,1166,p63
3,happy,a,1,1642,p63
3,good,a,1,999,p63
3,joy,a,1,929,p63
3,white1,a,1,1046,p63
3,white2,a,1,1349,p63
3,black1,l,1,1032,p63
3,nasty,l,1,674,p63
4,white2,l,1,854,p63
4,black1,a,1,692,p63
4,white3,l,1,1035,p63
4,white5,l,1,555,p63
4,black4,a,1,846,p63
4,black2,a,1,724,p63
4,black5,a,1,827,p63
4,white4,l,1,716,p63
4,black3,a,1,705,p63
4,white1,l,1,830,p63
5,hurt,l,1,891,p63
5,black2,a,1,919,p63
5,black5,a,1,852,p63
5,love,a,1,1316,p63
5,pleasure,a,1,824,p63
5,joy,a,1,850,p63
5,agony,l,1,1122,p63
5,evil,l,1,740,p63
5,black4,a,1,985,p63
5,good,a,1,1331,p63
5,happy,a,1,830,p63
5,black1,a,1,1007,p63
5,white5,l,1,808,p63
5,nasty,l,1,786,p63
5,white3,l,1,1059,p63
5,white1,l,1,898,p63
5,black3,a,1,769,p63
5,bad,l,1,1004,p63
5,white2,l,1,1333,p63
5,white4,l,1,1060,p63
1,happy,a,1,362,p64
1,bad,l,1,510,p64
1,joy,a,1,571,p64
1,hurt,l,1,454,p64
1,good,a,1,542,p64
1,evil,l,1,226,p64
1,love,a,1,228,p64
1,pleasure,l,0,205,p64
1,agony,l,1,790,p64
1,nasty,l,1,537,p64
2,black4,a,0,713,p64
2,white1,a,1,845,p64
2,black2,l,1,631,p64
2,black5,l,1,384,p64
2,black1,l,1,458,p64
2,white4,l,0,498,p64
2,black3,l,1,744,p64
2,white2,a,1,428,p64
2,white3,a,1,453,p64
2,white5,l,0,582,p64
3,white1,a,1,706,p64
3,black5,l,1,479,p64
3,white5,a,1,638,p64
3,hurt,l,1,558,p64
3,white4,a,1,465,p64
3,evil,l,1,273,p64
3,pleasure,a,1,400,p64
3,good,a,1,466,p64
3,joy,l,0,402,p64
3,black3,l,1,619,p64
3,love,a,1,484,p64
3,agony,l,1,546,p64
3,white3,l,0,487,p64
3,happy,a,1,557,p64
3,black1,l,1,304,p64
3,nasty,l,1,582,p64
3,black4,l,1,601,p64
3,bad,l,1,627,p64
3,black2,l,1,788,p64
3,white2,a,1,510,p64
4,black1,a,1,434,p64
4,white1,l,1,459,p64
4,white4,l,1,363,p64
4,black2,a,1,254,p64
4,black4,l,0,262,p64
4,black3,a,1,478,p64
4,white5,l,1,516,p64
4,white2,l,1,562,p64
4,white3,l,1,501,p64
4,black5,a,1,236,p64
5,nasty,l,1,1155,p64
5,bad,l,1,655,p64
5,black3,a,1,351,p64
5,white1,l,1,610,p64
5,love,a,1,572,p64
5,pleasure,l,0,342,p64
5,white5,l,1,403,p64
5,black4,a,1,460,p64
5,white2,a,0,468,p64
5,happy,a,1,460,p64
5,white3,l,1,212,p64
5,joy,l,0,430,p64
5,agony,l,1,574,p64
5,evil,a,0,257,p64
5,black5,a,1,649,p64
5,black1,a,1,665,p64
5,black2,a,1,465,p64
5,white4,l,1,464,p64
5,good,a,1,593,p64
5,hurt,l,1,514,p64
1,happy,a,1,2011,p65
1,love,a,1,1234,p65
1,bad,l,1,1618,p65
1,evil,l,1,922,p65
1,agony,l,1,1432,p65
1,joy,a,1,695,p65
1,nasty,l,1,773,p65
1,hurt,l,1,655,p65
1,good,a,1,591,p65
1,pleasure,a,1,989,p65
2,black1,l,1,2075,p65
2,black5,l,1,1582,p65
2,white4,a,1,2827,p65
2,black2,l,1,1487,p65
2,white3,a,1,1037,p65
2,black4,l,1,741,p65
2,white5,a,1,1779,p65
2,white2,a,1,810,p65
2,white1,a,1,1147,p65
2,black3,l,1,1367,p65
3,happy,a,1,4749,p65
3,good,a,1,2743,p65
3,white2,a,1,2705,p65
3,hurt,l,1,3608,p65
3,love,a,1,6804,p65
3,white4,a,1,2536,p65
3,evil,a,0,3473,p65
3,black1,a,0,4888,p65
3,black4,l,1,41026,p65
3,nasty,l,1,5291,p65
3,joy,a,1,661,p65
3,white3,a,1,1793,p65
3,white5,a,1,671,p65
3,black3,l,1,846,p65
3,black5,l,1,493,p65
3,pleasure,a,1,1156,p65
3,black2,l,1,1031,p65
3,agony,l,1,830,p65
3,white1,a,1,1151,p65
3,bad,l,1,882,p65
4,white3,l,1,4303,p65
4,black1,a,1,1152,p65
4,black2,a,1,2004,p65
4,black4,a,1,541,p65
4,white2,l,1,560,p65
4,white4,l,1,549,p65
4,black3,a,1,744,p65
4,black5,a,1,636,p65
4,white5,l,1,780,p65
4,white1,l,1,712,p65
5,white1,l,1,4115,p65
5,white5,l,1,830,p65
5,happy,a,1,1361,p65
5,joy,a,1,459,p65
5,love,a,1,472,p65
5,white4,l,1,1888,p65
5,evil,l,1,1005,p65
5,bad,l,1,863,p65
5,black4,a,1,758,p65
5,white3,l,1,545,p65
5,agony,l,1,782,p65
5,black5,a,1,679,p65
5,hurt,l,1,703,p65
5,black2,a,1,772,p65
5,black1,a,1,590,p65
5,nasty,l,1,517,p65
5,black3,a,1,605,p65
5,pleasure,a,1,807,p65
5,white2,l,1,736,p65
5,good,a,1,588,p65
1,love,a,1,1373,p66
1,pleasure,a,1,1632,p66
1,happy,a,1,887,p66
1,agony,l,1,1245,p66
1,nasty,l,1,853,p66
1,joy,a,1,789,p66
1,evil,l,1,775,p66
1,bad,l,1,985,p66
1,good,a,1,764,p66
1,hurt,l,1,880,p66
2,white5,a,1,1995,p66
2,black3,l,1,860,p66
2,white1,a,1,932,p66
2,white3,a,1,1113,p66
2,black1,l,1,773,p66
2,white2,a,1,984,p66
2,black2,l,1,602,p66
2,black5,l,1,923,p66
2,white4,a,1,1368,p66
2,black4,l,1,709,p66
3,good,a,1,1680,p66
3,hurt,l,1,814,p66
3,evil,l,1,3256,p66
3,black3,l,1,997,p66
3,black2,l,1,1287,p66
3,agony,l,1,877,p66
3,white1,a,1,1027,p66
3,black5,l,1,884,p66
3,love,a,1,1697,p66
3,black1,l,1,1095,p66
3,white3,a,1,1885,p66
3,joy,a,1,2362,p66
3,white4,a,1,2461,p66
3,white5,a,1,1338,p66
3,happy,a,1,749,p66
3,black4,l,1,714,p66
3,bad,l,1,703,p66
3,nasty,l,1,676,p66
3,pleasure,a,1,867,p66
3,white2,a,1,1250,p66
4,black5,a,1,1865,p66
4,white4,l,1,783,p66
4,white5,l,1,1025,p66
4,black3,a,1,842,p66
4,black2,a,1,954,p66
4,white2,l,1,1072,p66
4,black1,a,1,964,p66
4,black4,a,1,1231,p66
4,white3,l,1,599,p66
4,white1,l,1,730,p66
5,bad,l,1,3998,p66
5,white2,l,1,2757,p66
5,white4,l,1,832,p66
5,pleasure,a,1,2128,p66
5,love,a,1,1027,p66
5,happy,a,1,764,p66
5,hurt,l,1,1230,p66
5,good,a,1,1342,p66
5,joy,a,1,706,p66
5,black3,a,1,1200,p66
5,evil,l,1,882,p66
5,white5,l,1,913,p66
5,white3,l,1,605,p66
5,nasty,l,1,1527,p66
5,white1,l,1,980,p66
5,black2,a,1,870,p66
5,agony,l,1,684,p66
5,black5,a,1,603,p66
5,black4,a,1,764,p66
5,black1,a,1,1103,p66
1,bad,l,1,1845,p67
1,happy,a,1,1082,p67
1,evil,l,1,642,p67
1,hurt,l,1,721,p67
1,love,a,1,494,p67
1,joy,a,1,425,p67
1,agony,l,1,654,p67
1,good,a,1,513,p67
1,nasty,l,1,458,p67
1,pleasure,a,1,522,p67
2,black4,l,1,1365,p67
2,black2,l,1,814,p67
2,black3,l,1,1209,p67
2,white3,a,1,719,p67
2,black1,l,1,743,p67
2,white5,a,1,515,p67
2,white4,a,1,481,p67
2,black5,l,1,454,p67
2,white1,a,1,695,p67
2,white2,a,1,624,p67
3,white1,a,1,871,p67
3,white2,a,1,882,p67
3,agony,l,1,645,p67
3,hurt,l,1,512,p67
3,nasty,l,1,529,p67
3,white3,a,1,499,p67
3,happy,a,1,738,p67
3,black2,l,1,901,p67
3,black5,l,1,394,p67
3,evil,l,1,564,p67
3,white4,a,1,616,p67
3,black1,l,1,477,p67
3,good,a,1,424,p67
3,love,a,1,473,p67
3,white5,a,1,664,p67
3,pleasure,a,1,663,p67
3,joy,a,1,603,p67
3,black3,l,1,439,p67
3,black4,l,1,376,p67
3,bad,l,1,452,p67
4,white2,l,1,798,p67
4,white4,l,1,617,p67
4,white5,l,1,498,p67
4,black1,a,1,385,p67
4,black5,a,1,347,p67
4,black4,a,1,406,p67
4,white3,l,1,397,p67
4,black2,a,1,418,p67
4,black3,a,1,491,p67
4,white1,l,1,417,p67
5,love,a,1,1056,p67
5,white4,l,1,704,p67
5,white2,l,1,852,p67
5,happy,a,1,761,p67
5,black1,a,1,615,p67
5,evil,l,1,521,p67
5,nasty,l,1,572,p67
5,black2,a,1,684,p67
5,white1,l,1,622,p67
5,joy,a,1,543,p67
5,black4,a,1,475,p67
5,good,a,1,529,p67
5,white3,l,1,508,p67
5,hurt,l,1,572,p67
5,agony,l,1,495,p67
5,bad,l,1,636,p67
5,white5,l,1,620,p67
5,pleasure,a,1,478,p67
5,black3,a,1,490,p67
5,black5,a,1,410,p67
1,hurt,l,1,1076,p68
1,nasty,l,1,922,p68
1,joy,a,1,664,p68
1,good,a,1,470,p68
1,love,a,1,494,p68
1,bad,l,1,491,p68
1,evil,l,1,784,p68
1,pleasure,a,1,563,p68
1,happy,a,1,546,p68
1,agony,l,1,777,p68
2,black3,l,1,1654,p68
2,white4,a,1,1686,p68
2,white3,a,1,715,p68
2,white5,a,1,1031,p68
2,black1,a,0,1112,p68
2,white1,a,1,1277,p68
2,black5,l,1,722,p68
2,black2,l,1,710,p68
2,white2,a,1,816,p68
2,black4,l,1,477,p68
3,black2,l,1,1764,p68
3,joy,a,1,814,p68
3,black4,l,1,615,p68
3,nasty,a,0,947,p68
3,black5,l,1,2144,p68
3,agony,l,1,1305,p68
3,white2,a,1,863,p68
3,good,a,1,1006,p68
3,white3,a,1,1464,p68
3,white1,a,1,1039,p68
3,white4,a,1,654,p68
3,bad,l,1,1019,p68
3,black1,l,1,987,p68
3,black3,l,1,608,p68
3,pleasure,a,1,610,p68
3,hurt,l,1,716,p68
3,evil,l,1,473,p68
3,happy,a,1,576,p68
3,white5,a,1,689,p68
3,love,l,0,543,p68
4,white5,a,0,635,p68
4,white2,l,1,1571,p68
4,black3,a,1,1171,p68
4,black5,a,1,687,p68
4,white1,l,1,645,p68
4,white4,l,1,875,p68
4,black4,a,1,1372,p68
4,black1,a,1,606,p68
4,black2,a,1,439,p68
4,white3,l,1,688,p68
5,white4,l,1,992,p68
5,good,a,1,653,p68
5,happy,a,1,500,p68
5,white3,l,1,546,p68
5,black4,a,1,575,p68
5,black5,a,1,600,p68
5,love,a,1,834,p68
5,nasty,l,1,739,p68
5,hurt,l,1,935,p68
5,black1,a,1,571,p68
5,white1,l,1,614,p68
5,pleasure,a,1,607,p68
5,agony,l,1,625,p68
5,black2,a,1,562,p68
5,bad,l,1,1287,p68
5,black3,a,1,529,p68
5,joy,a,1,600,p68
5,evil,l,1,570,p68
5,white5,l,1,604,p68
5,white2,l,1,660,p68
1,evil,a,0,144,p69
1,nasty,l,1,1885,p69
1,pleasure,a,1,1058,p69
1,good,a,1,625,p69
1,joy,a,1,746,p69
1,agony,l,1,1014,p69
1,love,a,1,592,p69
1,happy,a,1,554,p69
1,hurt,l,1,846,p69
1,bad,l,1,1357,p69
2,white2,l,0,2337,p69
2,black4,a,0,2131,p69
2,white5,l,0,2568,p69
2,black3,l,1,1312,p69
2,black1,l,1,972,p69
2,white3,a,1,1232,p69
2,black5,l,1,1400,p69
2,white4,a,1,1393,p69
2,white1,a,1,1098,p69
2,black2,l,1,680,p69
3,white1,a,1,1091,p69
3,white4,a,1,1168,p69
3,evil,l,1,747,p69
3,black2,l,1,815,p69
3,white5,a,1,744,p69
3,black1,l,1,861,p69
3,happy,a,1,692,p69
3,hurt,l,1,651,p69
3,agony,l,1,698,p69
3,black5,l,1,712,p69
3,pleasure,a,1,663,p69
3,joy,a,1,701,p69
3,black3,l,1,659,p69
3,love,a,1,1051,p69
3,white3,a,1,849,p69
3,good,a,1,913,p69
3,nasty,l,1,663,p69
3,bad,l,1,558,p69
3,black4,l,1,1034,p69
3,white2,a,1,899,p69
4,black1,a,1,702,p69
4,white1,l,1,836,p69
4,black2,a,1,652,p69
4,white4,l,1,1036,p69
4,white5,l,1,749,p69
4,white3,l,1,679,p69
4,black4,a,1,598,p69
4,white2,l,1,568,p69
4,black5,a,1,523,p69
4,black3,a,1,745,p69
5,happy,l,0,978,p69
5,black3,a,1,868,p69
5,white1,l,1,691,p69
5,pleasure,a,1,529,p69
5,joy,a,1,654,p69
5,white2,l,1,1075,p69
5,black2,a,1,603,p69
5,bad,l,1,812,p69
5,black1,a,1,1006,p69
5,white3,l,1,735,p69
5,black4,a,1,685,p69
5,nasty,l,1,961,p69
5,good,a,1,700,p69
5,black5,a,1,578,p69
5,love,a,1,661,p69
5,white5,l,1,709,p69
5,evil,l,1,754,p69
5,white4,l,1,710,p69
5,hurt,a,0,995,p69
5,agony,l,1,1589,p69
1,evil,l,1,1851,p70
1,bad,l,1,1420,p70
1,hurt,l,1,1523,p70
1,joy,a,1,2857,p70
1,nasty,l,1,1669,p70
1,agony,l,1,1498,p70
1,good,a,1,1116,p70
1,love,a,1,1197,p70
1,happy,a,1,1078,p70
1,pleasure,a,1,3428,p70
2,black3,l,1,2173,p70
2,white4,a,1,1174,p70
2,white2,a,1,1560,p70
2,white1,a,1,1451,p70
2,white5,a,1,1771,p70
2,white3,a,1,1511,p70
2,black1,l,1,1185,p70
2,black2,l,1,826,p70
2,black4,l,1,683,p70
2,black5,l,1,1409,p70
3,white5,a,1,16953,p70
3,hurt,l,1,2270,p70
3,black3,a,0,5784,p70
3,good,a,1,3746,p70
3,pleasure,a,1,4141,p70
3,white4,a,1,1887,p70
3,joy,a,1,608,p70
3,love,a,1,590,p70
3,black5,l,1,748,p70
3,white3,a,1,712,p70
3,black4,l,1,694,p70
3,happy,a,1,554,p70
3,nasty,l,1,1422,p70
3,black2,l,1,584,p70
3,black1,l,1,496,p70
3,white1,a,1,622,p70
3,bad,l,1,1179,p70
3,evil,l,1,698,p70
3,white2,a,1,672,p70
3,agony,l,1,1247,p70
4,black3,a,1,1674,p70
4,black5,a,1,1216,p70
4,white2,l,1,777,p70
4,black1,a,1,639,p70
4,black4,a,1,660,p70
4,white1,l,1,764,p70
4,white3,l,1,678,p70
4,black2,a,1,653,p70
4,white4,l,1,847,p70
4,white5,l,1,548,p70
5,hurt,l,1,1961,p70
5,white4,l,1,1178,p70
5,black2,a,1,544,p70
5,black5,a,1,568,p70
5,agony,l,1,686,p70
5,black3,a,1,624,p70
5,bad,l,1,666,p70
5,love,a,1,573,p70
5,white3,l,1,652,p70
5,evil,l,1,547,p70
5,white2,l,1,699,p70
5,nasty,l,1,549,p70
5,white1,l,1,530,p70
5,joy,a,1,1000,p70
5,black4,a,1,736,p70
5,happy,a,1,599,p70
5,white5,l,1,589,p70
5,good,a,1,784,p70
5,pleasure,a,1,949,p70
5,black1,l,0,733,p70
1,bad,l,1,1422,p71
1,joy,a,1,787,p71
1,evil,l,1,682,p71
1,good,a,1,548,p71
1,love,a,1,600,p71
1,hurt,l,1,514,p71
1,happy,a,1,534,p71
1,nasty,l,1,520,p71
1,agony,l,1,641,p71
1,pleasure,a,1,545,p71
2,black2,l,1,2120,p71
2,white3,a,1,676,p71
2,black5,l,1,659,p71
2,white5,a,1,598,p71
2,white4,a,1,644,p71
2,black3,l,1,638,p71
2,black4,l,1,562,p71
2,black1,l,1,504,p71
2,white1,a,1,546,p71
2,white2,a,1,530,p71
3,bad,l,1,1509,p71
3,evil,l,1,640,p71
3,white5,a,1,885,p71
3,good,a,1,727,p71
3,black3,l,1,796,p71
3,nasty,l,1,789,p71
3,agony,l,1,624,p71
3,black5,l,1,647,p71
3,happy,a,1,615,p71
3,love,a,1,674,p71
3,hurt,l,1,695,p71
3,black1,l,1,709,p71
3,black2,l,1,466,p71
3,pleasure,a,1,586,p71
3,white1,a,1,662,p71
3,white4,a,1,459,p71
3,white2,a,1,614,p71
3,black4,l,1,547,p71
3,white3,a,1,560,p71
3,joy,a,1,661,p71
4,black1,a,1,720,p71
4,white5,l,1,406,p71
4,white1,l,1,592,p71
4,white4,l,1,548,p71
4,black2,a,1,438,p71
4,black5,a,1,341,p71
4,white2,l,1,404,p71
4,white3,l,1,347,p71
4,black3,a,1,464,p71
4,black4,a,1,386,p71
5,white1,l,1,959,p71
5,hurt,l,1,869,p71
5,black2,a,1,682,p71
5,black1,a,1,395,p71
5,black5,a,1,586,p71
5,white3,l,1,693,p71
5,evil,l,1,650,p71
5,good,a,1,626,p71
5,white2,l,1,526,p71
5,agony,a,0,592,p71
5,black3,a,1,666,p71
5,white5,l,1,952,p71
5,joy,a,1,644,p71
5,pleasure,a,1,990,p71
5,bad,l,1,718,p71
5,happy,a,1,578,p71
5,love,a,1,895,p71
5,nasty,l,1,604,p71
5,white4,l,1,582,p71
5,black4,a,1,519,p71
1,good,a,1,1140,p72
1,love,a,1,1344,p72
1,bad,l,1,818,p72
1,pleasure,a,1,860,p72
1,agony,l,1,1331,p72
1,evil,l,1,743,p72
1,joy,a,1,723,p72
1,hurt,l,1,1377,p72
1,nasty,l,1,1691,p72
1,happy,a,1,592,p72
2,white5,l,0,1016,p72
2,white1,l,0,2337,p72
2,black1,a,0,2547,p72
2,white4,a,1,3895,p72
2,white3,a,1,2714,p72
2,white2,l,0,2070,p72
2,black2,l,1,1404,p72
2,black5,l,1,676,p72
2,black3,l,1,651,p72
2,black4,a,0,1307,p72
3,pleasure,a,1,1161,p72
3,black1,l,1,917,p72
3,black3,l,1,898,p72
3,black4,l,1,1176,p72
3,agony,l,1,844,p72
3,hurt,l,1,570,p72
3,love,a,1,526,p72
3,white2,a,1,426,p72
3,good,a,1,572,p72
3,white1,a,1,607,p72
3,black5,l,1,672,p72
3,white4,a,1,695,p72
3,white5,a,1,518,p72
3,black2,l,1,554,p72
3,joy,a,1,894,p72
3,happy,a,1,804,p72
3,nasty,l,1,829,p72
3,bad,l,1,926,p72
3,white3,a,1,699,p72
3,evil,l,1,594,p72
4,white2,a,0,835,p72
4,black1,a,1,1186,p72
4,black2,a,1,923,p72
4,black3,a,1,520,p72
4,white5,l,1,557,p72
4,white3,l,1,553,p72
4,black5,a,1,628,p72
4,black4,a,1,581,p72
4,white4,l,1,688,p72
4,white1,l,1,567,p72
5,love,a,1,2457,p72
5,pleasure,a,1,1952,p72
5,black4,a,1,1376,p72
5,agony,l,1,1220,p72
5,white4,l,1,940,p72
5,white2,l,1,656,p72
5,happy,a,1,1168,p72
5,white1,l,1,866,p72
5,joy,l,0,1322,p72
5,bad,l,1,1951,p72
5,black3,a,1,1273,p72
5,evil,a,0,1161,p72
5,white3,l,1,1008,p72
5,nasty,l,1,2269,p72
5,black2,a,1,1210,p72
5,hurt,l,1,1331,p72
5,good,a,1,1783,p72
5,black1,a,1,1265,p72
5,white5,l,1,1328,p72
5,black5,a,1,1036,p72
1,agony,l,1,1550,p73
1,pleasure,a,1,1322,p73
1,bad,l,1,1248,p73
1,hurt,l,1,760,p73
1,joy,a,1,641,p73
1,good,a,1,730,p73
1,happy,a,1,680,p73
1,nasty,l,1,646,p73
1,love,a,1,556,p73
1,evil,l,1,600,p73
2,black2,l,1,780,p73
2,white5,a,1,720,p73
2,black4,l,1,585,p73
2,black3,l,1,662,p73
2,white1,a,1,620,p73
2,black1,l,1,485,p73
2,white4,a,1,579,p73
2,white3,a,1,470,p73
2,white2,a,1,533,p73
2,black5,l,1,465,p73
3,black5,l,1,853,p73
3,black4,l,1,601,p73
3,agony,l,1,1181,p73
3,bad,l,1,679,p73
3,love,a,1,773,p73
3,good,a,1,607,p73
3,pleasure,a,1,738,p73
3,black1,l,1,605,p73
3,white2,a,1,635,p73
3,evil,l,1,624,p73
3,black3,l,1,545,p73
3,white1,a,1,553,p73
3,nasty,l,1,656,p73
3,white3,a,1,647,p73
3,joy,a,1,617,p73
3,black2,l,1,569,p73
3,hurt,l,1,580,p73
3,white5,a,1,583,p73
3,happy,a,1,682,p73
3,white4,a,1,649,p73
4,white3,l,1,733,p73
4,white4,l,1,555,p73
4,black1,a,1,486,p73
4,black3,a,1,460,p73
4,white2,l,1,420,p73
4,black2,a,1,443,p73
4,black4,a,1,507,p73
4,black5,a,1,539,p73
4,white5,l,1,460,p73
4,white1,l,1,893,p73
5,agony,l,1,1182,p73
5,black2,a,1,1033,p73
5,good,a,1,1559,p73
5,white4,l,1,868,p73
5,white1,l,1,491,p73
5,happy,a,1,993,p73
5,white5,l,1,539,p73
5,love,a,1,872,p73
5,pleasure,a,1,685,p73
5,nasty,l,1,595,p73
5,joy,a,1,711,p73
5,black1,a,1,676,p73
5,evil,l,1,684,p73
5,black5,a,1,543,p73
5,hurt,l,1,646,p73
5,white2,l,1,661,p73
5,black4,a,1,588,p73
5,white3,l,1,647,p73
5,bad,a,0,791,p73
5,black3,a,1,1442,p73
1,bad,l,1,1697,p74
1,evil,l,1,1101,p74
1,happy,a,1,592,p74
1,hurt,l,1,794,p74
1,agony,l,1,1598,p74
1,good,a,1,788,p74
1,joy,a,1,672,p74
1,love,a,1,664,p74
1,nasty,l,1,701,p74
1,pleasure,a,1,917,p74
2,white3,a,1,982,p74
2,black3,l,1,793,p74
2,white1,a,1,803,p74
2,black1,l,1,922,p74
2,white5,a,1,1002,p74
2,black2,l,1,755,p74
2,black5,l,1,749,p74
2,white2,a,1,674,p74
2,white4,a,1,794,p74
2,black4,l,1,600,p74
3,love,a,1,757,p74
3,black1,l,1,1096,p74
3,happy,a,1,614,p74
3,good,a,1,1021,p74
3,white2,a,1,704,p74
3,white3,a,1,790,p74
3,black2,l,1,464,p74
3,evil,l,1,615,p74
3,hurt,l,1,624,p74
3,white5,a,1,562,p74
3,white1,a,1,604,p74
3,black4,l,1,549,p74
3,nasty,l,1,633,p74
3,pleasure,a,1,571,p74
3,black3,l,1,782,p74
3,white4,a,1,705,p74
3,joy,a,1,708,p74
3,bad,l,1,706,p74
3,agony,l,1,664,p74
3,black5,l,1,728,p74
4,white3,l,1,1025,p74
4,white2,l,1,631,p74
4,black4,a,1,816,p74
4,white5,l,1,947,p74
4,black1,a,1,511,p74
4,black5,a,1,476,p74
4,white1,l,1,400,p74
4,white4,l,1,563,p74
4,black3,a,1,440,p74
4,black2,a,1,607,p74
5,black1,a,1,852,p74
5,black4,a,1,634,p74
5,good,a,1,655,p74
5,evil,l,1,776,p74
5,love,a,1,677,p74
5,joy,a,1,537,p74
5,white1,l,1,695,p74
5,black2,a,1,631,p74
5,black3,a,1,556,p74
5,agony,l,1,1066,p74
5,white5,l,1,659,p74
5,black5,a,1,615,p74
5,happy,a,1,1002,p74
5,white4,l,1,732,p74
5,white2,l,1,784,p74
5,pleasure,a,1,737,p74
5,white3,l,1,718,p74
5,hurt,l,1,603,p74
5,nasty,l,1,517,p74
5,bad,l,1,554,p74
1,happy,a,1,550,p75
1,hurt,l,1,921,p75
1,pleasure,a,1,47,p75
1,good,a,1,695,p75
1,love,a,1,645,p75
1,nasty,l,1,1422,p75
1,bad,l,1,590,p75
1,evil,l,1,624,p75
1,joy,a,1,594,p75
1,agony,l,1,707,p75
2,black2,l,1,2241,p75
2,white3,a,1,2952,p75
2,white4,l,0,2441,p75
2,black5,l,1,1896,p75
2,black4,l,1,1997,p75
2,white2,a,1,1238,p75
2,white5,a,1,719,p75
2,black1,a,0,627,p75
2,white1,a,1,940,p75
2,black3,l,1,2536,p75
3,good,a,1,1290,p75
3,bad,l,1,679,p75
3,black2,l,1,1247,p75
3,white3,a,1,773,p75
3,white1,a,1,1096,p75
3,hurt,l,1,646,p75
3,white2,a,1,1302,p75
3,love,a,1,803,p75
3,nasty,l,1,547,p75
3,black3,l,1,783,p75
3,agony,l,1,595,p75
3,white5,a,1,885,p75
3,black1,l,1,531,p75
3,pleasure,a,1,592,p75
3,joy,a,1,522,p75
3,happy,a,1,584,p75
3,evil,l,1,491,p75
3,black5,l,1,536,p75
3,white4,a,1,547,p75
3,black4,l,1,672,p75
4,black3,l,0,831,p75
4,black2,l,0,712,p75
4,white4,a,0,965,p75
4,black1,a,1,2344,p75
4,black5,a,1,972,p75
4,white5,l,1,1766,p75
4,white2,a,0,1424,p75
4,white3,l,1,1033,p75
4,white1,l,1,2025,p75
4,black4,a,1,594,p75
5,black3,a,1,1820,p75
5,white1,l,1,1725,p75
5,evil,l,1,2472,p75
5,agony,l,1,758,p75
5,white4,l,1,2426,p75
5,joy,a,1,1464,p75
5,black2,a,1,1571,p75
5,white2,l,1,714,p75
5,happy,a,1,1248,p75
5,good,a,1,711,p75
5,pleasure,a,1,572,p75
5,black1,a,1,1544,p75
5,white5,l,1,699,p75
5,bad,l,1,601,p75
5,white3,l,1,1930,p75
5,black4,a,1,638,p75
5,nasty,l,1,1534,p75
5,black5,a,1,1331,p75
5,love,a,1,1159,p75
5,hurt,l,1,586,p75
1,good,a,1,1965,p76
1,hurt,l,1,871,p76
1,happy,a,1,622,p76
1,agony,l,1,887,p76
1,love,a,1,733,p76
1,nasty,l,1,689,p76
1,pleasure,a,1,712,p76
1,joy,a,1,679,p76
1,bad,l,1,692,p76
1,evil,l,1,722,p76
2,black3,l,1,1363,p76
2,white1,a,1,750,p76
2,black1,a,0,2298,p76
2,black2,l,1,1606,p76
2,white3,a,1,816,p76
2,white4,a,1,905,p76
2,black4,l,1,806,p76
2,white2,a,1,1800,p76
2,black5,l,1,700,p76
2,white5,a,1,743,p76
3,black4,l,1,1498,p76
3,pleasure,a,1,903,p76
3,nasty,l,1,1028,p76
3,white1,a,1,861,p76
3,white2,a,1,1141,p76
3,evil,l,1,1288,p76
3,black2,l,1,709,p76
3,happy,a,1,779,p76
3,joy,a,1,759,p76
3,agony,l,1,754,p76
3,white5,a,1,815,p76
3,white4,a,1,632,p76
3,love,a,1,680,p76
3,black1,l,1,918,p76
3,white3,a,1,763,p76
3,black3,l,1,846,p76
3,bad,l,1,767,p76
3,hurt,l,1,746,p76
3,black5,a,0,1127,p76
3,good,a,1,906,p76
4,white4,l,1,921,p76
4,black2,a,1,567,p76
4,white5,l,1,1185,p76
4,black1,a,1,572,p76
4,white3,l,1,662,p76
4,white1,a,0,614,p76
4,white2,l,1,944,p76
4,black3,a,1,1115,p76
4,black5,a,1,904,p76
4,black4,a,1,686,p76
5,hurt,l,1,1652,p76
5,white4,l,1,707,p76
5,love,a,1,1361,p76
5,joy,a,1,828,p76
5,evil,l,1,813,p76
5,white1,l,1,918,p76
5,white5,l,1,987,p76
5,bad,l,1,1332,p76
5,white3,l,1,785,p76
5,agony,l,1,900,p76
5,black3,a,1,969,p76
5,white2,l,1,764,p76
5,black2,a,1,958,p76
5,nasty,l,1,1034,p76
5,black4,a,1,978,p76
5,black5,a,1,852,p76
5,pleasure,a,1,932,p76
5,black1,a,1,1121,p76
5,good,a,1,749,p76
5,happy,a,1,721,p76
1,evil,l,1,2308,p77
1,nasty,l,1,1179,p77
1,hurt,l,1,925,p77
1,good,a,1,824,p77
1,agony,l,1,811,p77
1,bad,l,1,668,p77
1,joy,a,1,738,p77
1,love,a,1,742,p77
1,pleasure,a,1,723,p77
1,happy,a,1,575,p77
2,black4,l,1,1670,p77
2,white3,a,1,771,p77
2,white2,a,1,992,p77
2,black2,l,1,1128,p77
2,white1,a,1,651,p77
2,black5,l,1,707,p77
2,white5,a,1,738,p77
2,white4,a,1,1317,p77
2,black3,l,1,714,p77
2,black1,l,1,799,p77
3,white3,a,1,1210,p77
3,pleasure,a,1,2383,p77
3,black1,l,1,1683,p77
3,nasty,l,1,1282,p77
3,joy,a,1,840,p77
3,white1,a,1,977,p77
3,evil,l,1,1177,p77
3,hurt,l,1,851,p77
3,black5,l,1,691,p77
3,good,a,1,1305,p77
3,bad,l,1,791,p77
3,white5,a,1,742,p77
3,black3,l,1,545,p77
3,black4,l,1,568,p77
3,black2,l,1,722,p77
3,agony,l,1,904,p77
3,love,a,1,788,p77
3,white2,a,1,725,p77
3,happy,a,1,779,p77
3,white4,a,1,859,p77
4,black3,a,1,474,p77
4,white5,l,1,601,p77
4,black1,a,1,548,p77
4,black4,a,1,512,p77
4,white1,l,1,636,p77
4,white3,l,1,566,p77
4,black2,a,1,632,p77
4,white2,l,1,802,p77
4,black5,a,1,873,p77
4,white4,l,1,545,p77
5,white3,l,1,759,p77
5,bad,l,1,705,p77
5,agony,l,1,503,p77
5,pleasure,a,1,542,p77
5,hurt,l,1,816,p77
5,black1,a,1,666,p77
5,white2,l,1,568,p77
5,black3,a,1,597,p77
5,white5,l,1,493,p77
5,black4,a,1,493,p77
5,nasty,l,1,490,p77
5,happy,a,1,633,p77
5,evil,l,1,586,p77
5,love,a,1,587,p77
5,black5,a,1,573,p77
5,joy,a,1,582,p77
5,good,a,1,561,p77
5,white4,l,1,543,p77
5,white1,l,1,516,p77
5,black2,a,1,638,p77
1,happy,a,1,820,p78
1,bad,l,1,612,p78
1,evil,l,1,582,p78
1,good,a,1,521,p78
1,pleasure,a,1,718,p78
1,nasty,l,1,594,p78
1,hurt,l,1,477,p78
1,love,a,1,492,p78
1,agony,l,1,649,p78
1,joy,a,1,505,p78
2,black4,l,1,1279,p78
2,white3,a,1,849,p78
2,black1,l,1,1401,p78
2,white5,a,1,714,p78
2,black3,l,1,621,p78
2,white4,a,1,849,p78
2,white2,a,1,944,p78
2,white1,a,1,644,p78
2,black2,l,1,586,p78
2,black5,l,1,558,p78
3,nasty,l,1,649,p78
3,black5,l,1,664,p78
3,black1,l,1,743,p78
3,happy,a,1,545,p78
3,bad,l,1,749,p78
3,pleasure,a,1,776,p78
3,hurt,l,1,676,p78
3,joy,a,1,540,p78
3,white3,a,1,663,p78
3,white4,a,1,519,p78
3,black3,l,1,508,p78
3,agony,l,1,745,p78
3,white2,a,1,719,p78
3,black2,l,1,739,p78
3,good,a,1,487,p78
3,white1,a,1,645,p78
3,evil,l,1,629,p78
3,white5,a,1,492,p78
3,love,a,1,748,p78
3,black4,l,1,505,p78
4,black4,a,1,702,p78
4,white2,l,1,546,p78
4,white3,l,1,568,p78
4,black3,a,1,523,p78
4,black1,a,1,528,p78
4,white4,l,1,715,p78
4,white1,l,1,1339,p78
4,black5,a,1,493,p78
4,black2,a,1,594,p78
4,white5,l,1,486,p78
5,bad,l,1,761,p78
5,white5,l,1,1712,p78
5,nasty,l,1,847,p78
5,white2,l,1,814,p78
5,black4,a,1,640,p78
5,black5,a,1,504,p78
5,evil,l,1,658,p78
5,agony,l,1,686,p78
5,black2,a,1,443,p78
5,pleasure,a,1,565,p78
5,good,a,1,567,p78
5,white1,l,1,465,p78
5,joy,a,1,480,p78
5,black3,l,0,529,p78
5,white3,l,1,588,p78
5,black1,a,1,528,p78
5,hurt,l,1,599,p78
5,love,a,1,616,p78
5,white4,l,1,800,p78
5,happy,a,1,548,p78
1,joy,a,1,923,p79
1,good,a,1,1687,p79
1,pleasure,a,1,925,p79
1,evil,l,1,785,p79
1,love,a,1,900,p79
1,hurt,l,1,916,p79
1,bad,l,1,743,p79
1,agony,l,1,827,p79
1,happy,a,1,531,p79
1,nasty,l,1,799,p79
2,black2,l,1,1438,p79
2,white3,a,1,2407,p79
2,white4,a,1,1775,p79
2,black1,l,1,1816,p79
2,black3,l,1,1594,p79
2,black4,l,1,2136,p79
2,white2,a,1,3117,p79
2,black5,l,1,955,p79
2,white5,l,0,1781,p79
2,white1,a,1,1374,p79
3,black3,l,1,1899,p79
3,hurt,l,1,1720,p79
3,joy,a,1,1004,p79
3,white3,a,1,1213,p79
3,nasty,l,1,712,p79
3,black2,l,1,933,p79
3,black4,l,1,784,p79
3,love,a,1,610,p79
3,bad,l,1,627,p79
3,white1,a,1,702,p79
3,agony,l,1,763,p79
3,pleasure,a,1,607,p79
3,white5,a,1,1799,p79
3,black1,l,1,552,p79
3,happy,a,1,1363,p79
3,good,a,1,534,p79
3,evil,l,1,490,p79
3,white4,a,1,738,p79
3,black5,l,1,540,p79
3,white2,a,1,609,p79
4,white3,l,1,1112,p79
4,black4,a,1,534,p79
4,white1,l,1,522,p79
4,black1,a,1,438,p79
4,black3,a,1,888,p79
4,black2,l,0,574,p79
4,white2,l,1,808,p79
4,white4,l,1,825,p79
4,white5,l,1,658,p79
4,black5,a,1,409,p79
5,bad,l,1,2273,p79
5,white1,l,1,966,p79
5,black3,a,1,554,p79
5,good,a,1,1677,p79
5,joy,a,1,963,p79
5,nasty,l,1,623,p79
5,black5,a,1,535,p79
5,love,a,1,803,p79
5,agony,l,1,564,p79
5,evil,l,1,768,p79
5,white4,l,1,577,p79
5,white3,l,1,518,p79
5,hurt,l,1,658,p79
5,black4,a,1,370,p79
5,white2,l,1,694,p79
5,pleasure,a,1,1036,p79
5,black1,a,1,555,p79
5,happy,a,1,581,p79
5,black2,a,1,506,p79
5,white5,l,1,623,p79
1,happy,a,1,898,p80
1,pleasure,a,1,1033,p80
1,agony,l,1,649,p80
1,joy,a,1,632,p80
1,hurt,l,1,642,p80
1,bad,l,1,587,p80
1,nasty,l,1,477,p80
1,evil,l,1,500,p80
1,love,a,1,514,p80
1,good,a,1,591,p80
2,white4,a,1,838,p80
2,white5,a,1,460,p80
2,black2,a,0,598,p80
2,black4,l,1,1032,p80
2,white3,a,1,1137,p80
2,white2,a,1,1033,p80
2,black1,l,1,708,p80
2,white1,a,1,1105,p80
2,black5,l,1,655,p80
2,black3,l,1,741,p80
3,black5,l,1,888,p80
3,evil,l,1,942,p80
3,white5,a,1,1113,p80
3,hurt,l,1,590,p80
3,white1,a,1,1058,p80
3,black2,l,1,631,p80
3,white4,a,1,615,p80
3,pleasure,a,1,657,p80
3,black4,l,1,968,p80
3,black3,l,1,483,p80
3,bad,l,1,554,p80
3,white3,l,0,414,p80
3,love,a,1,760,p80
3,happy,a,1,651,p80
3,agony,l,1,906,p80
3,joy,a,1,584,p80
3,black1,l,1,858,p80
3,white2,a,1,986,p80
3,nasty,l,1,692,p80
3,good,a,1,594,p80
4,white1,a,0,971,p80
4,white4,l,1,1055,p80
4,white5,l,1,1292,p80
4,black4,a,1,1113,p80
4,black2,a,1,1471,p80
4,black3,a,1,884,p80
4,black5,a,1,611,p80
4,black1,a,1,620,p80
4,white3,l,1,805,p80
4,white2,l,1,846,p80
5,black5,a,1,638,p80
5,black2,a,1,723,p80
5,pleasure,l,0,730,p80
5,white3,l,1,3262,p80
5,black1,a,1,1156,p80
5,black3,a,1,1110,p80
5,white4,l,1,1115,p80
5,white2,l,1,777,p80
5,bad,a,0,1418,p80
5,happy,l,0,1636,p80
5,love,a,1,1298,p80
5,joy,a,1,889,p80
5,evil,l,1,959,p80
5,agony,l,1,1129,p80
5,hurt,l,1,815,p80
5,nasty,l,1,1559,p80
5,white1,l,1,1849,p80
5,black4,a,1,784,p80
5,white5,l,1,1002,p80
5,good,a,1,980,p80
1,bad,l,1,986,p81
1,nasty,l,1,947,p81
1,love,a,1,630,p81
1,hurt,l,1,586,p81
1,agony,l,1,561,p81
1,joy,a,1,540,p81
1,happy,a,1,442,p81
1,evil,l,1,538,p81
1,good,a,1,463,p81
1,pleasure,a,1,655,p81
2,black2,l,1,1116,p81
2,black5,l,1,455,p81
2,black1,l,1,415,p81
2,white4,a,1,1882,p81
2,white2,a,1,631,p81
2,white1,a,1,927,p81
2,black3,l,1,596,p81
2,black4,l,1,471,p81
2,white5,a,1,1915,p81
2,white3,l,0,953,p81
3,black4,l,1,3048,p81
3,white3,a,1,2253,p81
3,joy,a,1,2597,p81
3,bad,l,1,1414,p81
3,evil,l,1,566,p81
3,black5,l,1,585,p81
3,white2,a,1,737,p81
3,hurt,l,1,824,p81
3,pleasure,a,1,488,p81
3,white4,a,1,766,p81
3,black3,l,1,531,p81
3,black2,l,1,591,p81
3,white1,a,1,610,p81
3,good,a,1,635,p81
3,white5,a,1,596,p81
3,love,a,1,574,p81
3,agony,l,1,632,p81
3,happy,a,1,457,p81
3,black1,l,1,512,p81
3,nasty,a,0,798,p81
4,black2,a,1,574,p81
4,white2,l,1,507,p81
4,black3,a,1,503,p81
4,black4,a,1,478,p81
4,black1,a,1,492,p81
4,white5,l,1,522,p81
4,black5,a,1,430,p81
4,white4,l,1,560,p81
4,white3,l,1,426,p81
4,white1,l,1,452,p81
5,white4,l,1,820,p81
5,love,a,1,1205,p81
5,white5,l,1,630,p81
5,white2,l,1,559,p81
5,nasty,a,0,883,p81
5,bad,l,1,793,p81
5,pleasure,a,1,811,p81
5,white3,l,1,588,p81
5,white1,l,1,519,p81
5,joy,a,1,521,p81
5,black1,l,0,593,p81
5,hurt,l,1,1226,p81
5,happy,a,1,1044,p81
5,black4,a,1,611,p81
5,black2,a,1,564,p81
5,evil,l,1,752,p81
5,good,a,1,916,p81
5,agony,l,1,754,p81
5,black3,a,1,508,p81
5,black5,a,1,522,p81
1,good,a,1,1711,p82
1,love,a,1,1435,p82
1,nasty,l,1,1187,p82
1,joy,a,1,693,p82
1,agony,l,1,875,p82
1,pleasure,a,1,537,p82
1,bad,l,1,702,p82
1,hurt,l,1,859,p82
1,happy,a,1,482,p82
1,evil,l,1,505,p82
2,white5,a,1,4446,p82
2,black2,a,0,1114,p82
2,white1,a,1,2631,p82
2,black3,l,1,1174,p82
2,white2,l,0,6925,p82
2,black4,l,1,1077,p82
2,white3,a,1,1285,p82
2,black5,l,1,1037,p82
2,white4,a,1,947,p82
2,black1,l,1,687,p82
3,black2,l,1,986,p82
3,nasty,l,1,2772,p82
3,black4,l,1,1917,p82
3,hurt,l,1,1119,p82
3,white4,a,1,1235,p82
3,agony,l,1,1117,p82
3,good,a,1,976,p82
3,evil,l,1,708,p82
3,pleasure,a,1,976,p82
3,white5,a,1,1299,p82
3,joy,a,1,801,p82
3,love,a,1,547,p82
3,white3,a,1,1123,p82
3,bad,l,1,627,p82
3,white2,a,1,909,p82
3,happy,a,1,586,p82
3,white1,a,1,882,p82
3,black1,l,1,465,p82
3,black5,l,1,537,p82
3,black3,l,1,575,p82
4,white1,l,1,1703,p82
4,white2,l,1,803,p82
4,black1,a,1,583,p82
4,white3,l,1,702,p82
4,white5,l,1,758,p82
4,white4,l,1,697,p82
4,black2,a,1,391,p82
4,black4,a,1,385,p82
4,black3,a,1,483,p82
4,black5,a,1,521,p82
5,evil,l,1,2131,p82
5,black5,a,1,902,p82
5,hurt,l,1,676,p82
5,white3,l,1,979,p82
5,black2,a,1,605,p82
5,white2,l,1,574,p82
5,black4,a,1,650,p82
5,white5,l,1,2473,p82
5,love,a,1,560,p82
5,nasty,l,1,674,p82
5,bad,l,1,537,p82
5,joy,a,1,549,p82
5,white1,l,1,490,p82
5,black1,a,1,439,p82
5,happy,a,1,759,p82
5,agony,l,1,691,p82
5,pleasure,a,1,754,p82
5,black3,a,1,581,p82
5,good,a,1,560,p82
5,white4,l,1,554,p82
1,nasty,l,1,1303,p83
1,evil,l,1,666,p83
1,happy,a,1,600,p83
1,hurt,l,1,507,p83
1,good,a,1,479,p83
1,love,a,1,438,p83
1,agony,l,1,535,p83
1,bad,l,1,478,p83
1,pleasure,a,1,543,p83
1,joy,a,1,498,p83
2,black1,l,1,670,p83
2,white2,a,1,909,p83
2,black5,l,1,601,p83
2,black2,l,1,675,p83
2,white4,a,1,746,p83
2,white3,a,1,727,p83
2,white1,a,1,634,p83
2,black4,l,1,602,p83
2,black3,l,1,563,p83
2,white5,a,1,673,p83
3,black5,l,1,736,p83
3,evil,l,1,700,p83
3,nasty,l,1,602,p83
3,black3,l,1,523,p83
3,bad,l,1,769,p83
3,hurt,l,1,540,p83
3,white4,a,1,657,p83
3,white5,a,1,792,p83
3,happy,l,0,626,p83
3,black4,l,1,603,p83
3,black1,l,1,635,p83
3,pleasure,a,1,748,p83
3,black2,l,1,570,p83
3,white1,a,1,588,p83
3,good,a,1,598,p83
3,white3,a,1,584,p83
3,agony,l,1,721,p83
3,joy,a,1,578,p83
3,white2,a,1,728,p83
3,love,a,1,580,p83
4,white3,l,1,902,p83
4,black3,a,1,579,p83
4,white2,l,1,582,p83
4,black5,a,1,449,p83
4,white5,l,1,538,p83
4,black2,a,1,494,p83
4,black1,a,1,749,p83
4,white1,l,1,581,p83
4,white4,l,1,655,p83
4,black4,a,1,611,p83
5,black1,a,1,1195,p83
5,white2,l,1,605,p83
5,pleasure,a,1,549,p83
5,bad,l,1,608,p83
5,agony,l,1,660,p83
5,hurt,l,1,531,p83
5,black4,a,1,551,p83
5,love,a,1,618,p83
5,black3,a,1,620,p83
5,nasty,l,1,509,p83
5,white5,l,1,697,p83
5,white1,l,1,674,p83
5,black5,a,1,615,p83
5,white4,l,1,625,p83
5,happy,a,1,794,p83
5,evil,l,1,579,p83
5,good,a,1,645,p83
5,white3,l,1,742,p83
5,joy,a,1,651,p83
5,black2,a,1,689,p83
1,evil,l,1,826,p84
1,love,a,1,682,p84
1,hurt,l,1,601,p84
1,bad,l,1,769,p84
1,good,a,1,462,p84
1,pleasure,a,1,468,p84
1,joy,a,1,589,p84
1,happy,a,1,565,p84
1,agony,l,1,457,p84
1,nasty,l,1,592,p84
2,black4,l,1,633,p84
2,white3,a,1,2698,p84
2,white2,a,1,1288,p84
2,white5,a,1,2724,p84
2,black3,l,1,646,p84
2,black2,l,1,575,p84
2,black5,l,1,546,p84
2,black1,l,1,536,p84
2,white1,a,1,728,p84
2,white4,a,1,1217,p84
3,bad,l,1,732,p84
3,black2,l,1,976,p84
3,black3,l,1,818,p84
3,hurt,l,1,539,p84
3,joy,a,1,615,p84
3,love,a,1,1085,p84
3,happy,a,1,622,p84
3,pleasure,a,1,559,p84
3,black4,l,1,612,p84
3,white1,a,1,748,p84
3,white2,a,1,1935,p84
3,white3,a,1,1363,p84
3,nasty,l,1,732,p84
3,black1,l,1,791,p84
3,white4,a,1,1819,p84
3,agony,l,1,707,p84
3,white5,a,1,785,p84
3,black5,l,1,602,p84
3,evil,l,1,524,p84
3,good,a,1,568,p84
4,black3,a,1,629,p84
4,black1,a,1,509,p84
4,white3,l,1,995,p84
4,white5,l,1,973,p84
4,black2,a,1,720,p84
4,white1,l,1,615,p84
4,white4,l,1,717,p84
4,black5,a,1,765,p84
4,white2,l,1,677,p84
4,black4,a,1,580,p84
5,bad,l,1,744,p84
5,black2,a,1,932,p84
5,good,a,1,761,p84
5,hurt,a,0,587,p84
5,white3,l,1,691,p84
5,white5,l,1,685,p84
5,black4,a,1,729,p84
5,love,a,1,1112,p84
5,white4,l,1,801,p84
5,agony,l,1,1122,p84
5,nasty,l,1,1080,p84
5,evil,l,1,679,p84
5,happy,a,1,588,p84
5,white2,l,1,640,p84
5,black1,a,1,786,p84
5,white1,l,1,809,p84
5,joy,a,1,700,p84
5,pleasure,a,1,592,p84
5,black5,a,1,684,p84
5,black3,a,1,600,p84
1,love,a,1,5648,p85
1,joy,a,1,739,p85
1,agony,l,1,944,p85
1,hurt,l,1,652,p85
1,nasty,l,1,700,p85
1,pleasure,a,1,666,p85
1,evil,l,1,690,p85
1,bad,l,1,808,p85
1,happy,a,1,640,p85
1,good,a,1,561,p85
2,black3,l,1,1345,p85
2,white2,a,1,1149,p85
2,black5,l,1,729,p85
2,white3,a,1,966,p85
2,black4,l,1,738,p85
2,white1,a,1,819,p85
2,black2,l,1,718,p85
2,white4,a,1,956,p85
2,black1,l,1,1047,p85
2,white5,a,1,943,p85
3,black4,l,1,7633,p85
3,evil,l,1,5925,p85
3,nasty,l,1,1605,p85
3,black5,l,1,4510,p85
3,happy,a,1,1632,p85
3,white3,a,1,1720,p85
3,pleasure,a,1,1149,p85
3,bad,l,1,1719,p85
3,white1,a,1,1797,p85
3,white4,a,1,1492,p85
3,black3,l,1,1401,p85
3,agony,a,0,1069,p85
3,black2,l,1,2258,p85
3,white5,a,1,840,p85
3,love,a,1,951,p85
3,black1,l,1,1548,p85
3,joy,a,1,638,p85
3,white2,a,1,1486,p85
3,good,a,1,859,p85
3,hurt,l,1,963,p85
4,black3,a,1,2451,p85
4,black1,a,1,1083,p85
4,black4,a,1,776,p85
4,black5,a,1,771,p85
4,white3,l,1,1606,p85
4,white5,l,1,1182,p85
4,white2,l,1,634,p85
4,black2,a,1,897,p85
4,white1,l,1,1280,p85
4,white4,l,1,1005,p85
5,joy,a,1,1178,p85
5,nasty,l,1,956,p85
5,hurt,l,1,751,p85
5,black3,a,1,1107,p85
5,white2,l,1,695,p85
5,happy,l,0,1182,p85
5,good,a,1,1137,p85
5,black2,a,1,1637,p85
5,bad,l,1,1788,p85
5,black5,a,1,1236,p85
5,black1,a,1,941,p85
5,agony,l,1,1016,p85
5,pleasure,a,1,842,p85
5,white4,l,1,746,p85
5,evil,l,1,870,p85
5,black4,a,1,685,p85
5,love,l,0,679,p85
5,white5,l,1,1554,p85
5,white3,l,1,1573,p85
5,white1,l,1,901,p85
1,hurt,l,1,11777,p86
1,pleasure,a,1,2078,p86
1,nasty,l,1,1831,p86
1,agony,l,1,1256,p86
1,happy,a,1,1062,p86
1,bad,l,1,916,p86
1,joy,a,1,1063,p86
1,good,a,1,1651,p86
1,love,a,1,681,p86
1,evil,l,1,1272,p86
2,white5,a,1,2291,p86
2,black4,l,1,1617,p86
2,white1,a,1,1640,p86
2,white4,a,1,1516,p86
2,black5,l,1,755,p86
2,white3,a,1,1527,p86
2,black3,l,1,835,p86
2,black1,l,1,1836,p86
2,white2,a,1,827,p86
2,black2,l,1,1065,p86
3,black5,l,1,1308,p86
3,happy,a,1,1235,p86
3,joy,a,1,747,p86
3,agony,l,1,1087,p86
3,nasty,l,1,999,p86
3,black4,l,1,1248,p86
3,love,a,1,916,p86
3,good,a,1,1097,p86
3,hurt,l,1,1223,p86
3,white2,a,1,919,p86
3,white5,a,1,821,p86
3,white4,a,1,922,p86
3,black3,l,1,667,p86
3,white3,a,1,1287,p86
3,bad,l,1,732,p86
3,evil,l,1,955,p86
3,white1,a,1,815,p86
3,pleasure,a,1,742,p86
3,black1,l,1,748,p86
3,black2,l,1,736,p86
4,white5,l,1,1072,p86
4,black5,a,1,939,p86
4,black3,a,1,1555,p86
4,black1,a,1,749,p86
4,white4,l,1,1623,p86
4,white2,l,1,759,p86
4,white3,l,1,645,p86
4,black2,a,1,700,p86
4,white1,l,1,696,p86
4,black4,a,1,631,p86
5,happy,a,1,5337,p86
5,black5,a,1,1194,p86
5,white4,l,1,661,p86
5,black3,a,1,779,p86
5,joy,a,1,2141,p86
5,bad,l,1,1161,p86
5,evil,l,1,1283,p86
5,nasty,l,1,842,p86
5,good,a,1,943,p86
5,black4,a,1,917,p86
5,white5,l,1,586,p86
5,hurt,l,1,1468,p86
5,white2,l,1,730,p86
5,black2,a,1,927,p86
5,black1,a,1,653,p86
5,love,a,1,1337,p86
5,pleasure,a,1,1496,p86
5,agony,l,1,659,p86
5,white1,l,1,1052,p86
5,white3,l,1,938,p86
1,agony,l,1,687,p87
1,pleasure,a,1,680,p87
1,bad,l,1,489,p87
1,joy,a,1,428,p87
1,happy,a,1,416,p87
1,love,a,1,450,p87
1,evil,l,1,382,p87
1,hurt,l,1,402,p87
1,nasty,l,1,437,p87
1,good,a,1,396,p87
2,black4,l,1,851,p87
2,black1,l,1,480,p87
2,black3,l,1,606,p87
2,white4,l,0,514,p87
2,white2,a,1,560,p87
2,black5,l,1,487,p87
2,white1,a,1,598,p87
2,white3,a,1,504,p87
2,white5,a,1,455,p87
2,black2,l,1,501,p87
3,hurt,l,1,670,p87
3,joy,a,1,544,p87
3,white3,a,1,630,p87
3,happy,a,1,635,p87
3,black1,l,1,602,p87
3,love,a,1,576,p87
3,black2,l,1,566,p87
3,pleasure,a,1,521,p87
3,white1,a,1,527,p87
3,nasty,l,1,655,p87
3,white2,a,1,531,p87
3,agony,l,1,567,p87
3,good,a,1,538,p87
3,white4,a,1,584,p87
3,black4,l,1,437,p87
3,evil,l,1,513,p87
3,bad,l,1,479,p87
3,black3,l,1,570,p87
3,white5,a,1,545,p87
3,black5,l,1,509,p87
4,white4,l,1,744,p87
4,black4,a,1,479,p87
4,black5,a,1,493,p87
4,black1,a,1,538,p87
4,white1,l,1,549,p87
4,white3,l,1,497,p87
4,black2,a,1,440,p87
4,black3,a,1,485,p87
4,white5,a,0,402,p87
4,white2,l,1,546,p87
5,bad,l,1,668,p87
5,black1,a,1,609,p87
5,good,a,1,399,p87
5,happy,a,1,537,p87
5,evil,l,1,469,p87
5,white4,l,1,592,p87
5,black3,a,1,550,p87
5,joy,a,1,505,p87
5,love,a,1,472,p87
5,agony,l,1,578,p87
5,white2,l,1,400,p87
5,pleasure,a,1,522,p87
5,hurt,l,1,612,p87
5,black5,a,1,417,p87
5,nasty,l,1,514,p87
5,white1,l,1,399,p87
5,white5,l,1,395,p87
5,black4,a,1,421,p87
5,white3,l,1,405,p87
5,black2,a,1,471,p87
1,bad,l,1,1223,p88
1,good,a,1,629,p88
1,evil,l,1,733,p88
1,agony,l,1,696,p88
1,happy,a,1,554,p88
1,love,a,1,570,p88
1,pleasure,a,1,600,p88
1,nasty,l,1,511,p88
1,hurt,l,1,503,p88
1,joy,a,1,530,p88
2,black2,l,1,975,p88
2,black3,l,1,665,p88
2,black4,l,1,689,p88
2,black5,l,1,601,p88
2,white2,a,1,633,p88
2,black1,l,1,803,p88
2,white5,a,1,691,p88
2,white3,l,0,1596,p88
2,white4,a,1,995,p88
2,white1,a,1,725,p88
3,nasty,l,1,1138,p88
3,white4,a,1,1324,p88
3,bad,l,1,840,p88
3,joy,a,1,674,p88
3,black5,l,1,599,p88
3,white1,a,1,624,p88
3,love,l,0,833,p88
3,white2,a,1,1249,p88
3,black1,l,1,817,p88
3,agony,l,1,881,p88
3,pleasure,a,1,823,p88
3,evil,l,1,576,p88
3,black2,l,1,1069,p88
3,good,a,1,1049,p88
3,black3,l,1,635,p88
3,happy,a,1,873,p88
3,black4,l,1,624,p88
3,hurt,l,1,947,p88
3,white5,a,1,820,p88
3,white3,a,1,685,p88
4,black2,a,1,796,p88
4,white4,l,1,691,p88
4,white3,l,1,635,p88
4,black5,a,1,497,p88
4,white1,l,1,561,p88
4,black4,a,1,507,p88
4,white5,l,1,836,p88
4,black3,a,1,648,p88
4,white2,l,1,628,p88
4,black1,a,1,530,p88
5,love,a,1,675,p88
5,black3,a,1,545,p88
5,good,a,1,543,p88
5,white5,l,1,657,p88
5,white4,l,1,450,p88
5,black5,a,1,479,p88
5,pleasure,a,1,665,p88
5,evil,l,1,430,p88
5,agony,l,1,496,p88
5,hurt,l,1,492,p88
5,joy,a,1,516,p88
5,black4,a,1,512,p88
5,black1,a,1,517,p88
5,white2,l,1,628,p88
5,black2,a,1,476,p88
5,nasty,l,1,538,p88
5,white3,l,1,446,p88
5,bad,l,1,542,p88
5,happy,l,0,466,p88
5,white1,l,1,872,p88
1,bad,l,1,1289,p89
1,joy,a,1,591,p89
1,agony,l,1,934,p89
1,pleasure,a,1,589,p89
1,good,a,1,479,p89
1,evil,l,1,446,p89
1,nasty,l,1,550,p89
1,hurt,l,1,539,p89
1,happy,a,1,447,p89
1,love,a,1,436,p89
2,black1,l,1,874,p89
2,black3,l,1,601,p89
2,white4,a,1,506,p89
2,black5,l,1,792,p89
2,white3,a,1,665,p89
2,white2,l,0,681,p89
2,black4,l,1,552,p89
2,white5,a,1,516,p89
2,black2,l,1,450,p89
2,white1,a,1,578,p89
3,black4,l,1,855,p89
3,white2,a,1,502,p89
3,white5,a,1,689,p89
3,good,a,1,569,p89
3,happy,a,1,540,p89
3,joy,a,1,497,p89
3,black3,l,1,1023,p89
3,agony,l,1,640,p89
3,love,a,1,479,p89
3,nasty,l,1,510,p89
3,white4,a,1,563,p89
3,white3,a,1,543,p89
3,bad,l,1,651,p89
3,white1,a,1,520,p89
3,pleasure,a,1,728,p89
3,black1,l,1,469,p89
3,hurt,l,1,683,p89
3,black2,l,1,625,p89
3,evil,l,1,548,p89
3,black5,l,1,431,p89
4,black5,a,1,488,p89
4,white4,l,1,887,p89
4,black1,a,1,501,p89
4,white5,l,1,521,p89
4,white3,l,1,527,p89
4,black2,a,1,630,p89
4,white1,l,1,549,p89
4,black3,a,1,456,p89
4,white2,l,1,458,p89
4,black4,a,1,438,p89
5,white4,l,1,788,p89
5,happy,l,0,1094,p89
5,white1,l,1,1001,p89
5,white3,l,1,557,p89
5,white2,l,1,576,p89
5,black1,a,1,691,p89
5,black2,a,1,513,p89
5,joy,a,1,599,p89
5,love,a,1,714,p89
5,black4,a,1,551,p89
5,agony,l,1,569,p89
5,black5,a,1,478,p89
5,nasty,l,1,1566,p89
5,bad,l,1,791,p89
5,evil,l,1,429,p89
5,black3,a,1,523,p89
5,pleasure,a,1,607,p89
5,white5,l,1,584,p89
5,good,a,1,978,p89
5,hurt,l,1,662,p89
1,pleasure,a,1,1400,p90
1,hurt,l,1,872,p90
1,love,a,1,718,p90
1,good,a,1,513,p90
1,joy,a,1,518,p90
1,nasty,l,1,528,p90
1,happy,a,1,564,p90
1,agony,l,1,860,p90
1,bad,l,1,566,p90
1,evil,l,1,579,p90
2,white1,a,1,848,p90
2,white3,a,1,578,p90
2,black3,l,1,604,p90
2,white4,a,1,739,p90
2,black4,l,1,474,p90
2,white2,a,1,757,p90
2,white5,a,1,601,p90
2,black2,l,1,550,p90
2,black1,l,1,473,p90
2,black5,l,1,486,p90
3,white2,a,1,742,p90
3,bad,l,1,713,p90
3,white5,a,1,592,p90
3,black4,l,1,455,p90
3,white3,a,1,737,p90
3,good,a,1,701,p90
3,pleasure,a,1,644,p90
3,black1,l,1,548,p90
3,evil,l,1,671,p90
3,hurt,l,1,991,p90
3,white4,a,1,818,p90
3,white1,a,1,801,p90
3,nasty,l,1,675,p90
3,love,a,1,617,p90
3,black3,l,1,572,p90
3,black5,l,1,469,p90
3,agony,l,1,674,p90
3,happy,a,1,515,p90
3,joy,l,0,481,p90
3,black2,l,1,719,p90
4,black1,a,1,593,p90
4,white5,l,1,534,p90
4,white3,l,1,521,p90
4,black5,a,1,559,p90
4,white2,l,1,632,p90
4,black2,a,1,634,p90
4,white1,l,1,577,p90
4,black4,a,1,533,p90
4,white4,l,1,640,p90
4,black3,a,1,639,p90
5,hurt,l,1,998,p90
5,white2,l,1,728,p90
5,black5,a,1,527,p90
5,white4,l,1,633,p90
5,white1,l,1,851,p90
5,pleasure,a,1,675,p90
5,nasty,l,1,633,p90
5,joy,a,1,578,p90
5,black2,a,1,621,p90
5,good,a,1,831,p90
5,love,a,1,574,p90
5,white5,l,1,583,p90
5,black3,a,1,597,p90
5,black4,a,1,725,p90
5,black1,a,1,724,p90
5,white3,l,1,551,p90
5,bad,l,1,636,p90
5,agony,l,1,660,p90
5,evil,l,1,531,p90
5,happy,a,1,537,p90
1,joy,a,1,1558,p90
1,happy,a,1,665,p90
1,pleasure,a,1,625,p90
1,love,a,1,531,p90
1,agony,l,1,719,p90
1,hurt,l,1,572,p90
1,bad,l,1,534,p90
1,nasty,l,1,466,p90
1,good,a,1,554,p90
1,evil,l,1,596,p90
2,white5,a,1,1960,p90
2,white1,a,1,1034,p90
2,black3,l,1,796,p90
2,black4,l,1,701,p90
2,white4,a,1,728,p90
2,black2,l,1,632,p90
2,black1,l,1,576,p90
2,white2,a,1,714,p90
2,black5,l,1,649,p90
2,white3,a,1,614,p90
3,nasty,l,1,744,p90
3,black5,l,1,618,p90
3,agony,l,1,612,p90
3,white3,a,1,773,p90
3,black1,l,1,666,p90
3,black4,l,1,662,p90
3,joy,a,1,671,p90
3,bad,l,1,589,p90
3,white2,a,1,631,p90
3,love,a,1,545,p90
3,white5,a,1,554,p90
3,white4,a,1,553,p90
3,hurt,l,1,549,p90
3,black2,l,1,592,p90
3,good,a,1,467,p90
3,happy,a,1,482,p90
3,pleasure,a,1,543,p90
3,evil,l,1,525,p90
3,white1,a,1,577,p90
3,black3,l,1,541,p90
4,white3,l,1,1037,p90
4,black2,a,1,455,p90
4,black3,a,1,416,p90
4,black1,a,1,441,p90
4,white4,l,1,698,p90
4,black4,a,1,432,p90
4,black5,a,1,457,p90
4,white5,l,1,520,p90
4,white2,l,1,422,p90
4,white1,l,1,647,p90
5,white4,l,1,732,p90
5,white2,l,1,587,p90
5,love,a,1,650,p90
5,good,a,1,574,p90
5,white5,l,1,667,p90
5,pleasure,a,1,584,p90
5,black1,a,1,549,p90
5,black2,a,1,529,p90
5,evil,l,1,466,p90
5,nasty,l,1,482,p90
5,joy,a,1,426,p90
5,white1,l,1,600,p90
5,happy,a,1,492,p90
5,black4,a,1,585,p90
5,black3,a,1,526,p90
5,bad,l,1,523,p90
5,white3,l,1,893,p90
5,agony,l,1,556,p90
5,hurt,l,1,426,p90
5,black5,a,1,506,p90
1,agony,a,0,1817,p91
1,good,a,1,1026,p91
1,evil,l,1,857,p91
1,love,a,1,806,p91
1,joy,a,1,1266,p91
1,pleasure,a,1,824,p91
1,bad,l,1,849,p91
1,happy,a,1,753,p91
1,hurt,l,1,1085,p91
1,nasty,l,1,714,p91
2,black1,l,1,1276,p91
2,white5,a,1,786,p91
2,black4,l,1,508,p91
2,white1,a,1,634,p91
2,white3,a,1,611,p91
2,white4,a,1,581,p91
2,white2,a,1,422,p91
2,black3,l,1,655,p91
2,black5,l,1,471,p91
2,black2,l,1,662,p91
3,happy,a,1,1680,p91
3,black4,l,1,965,p91
3,hurt,l,1,1240,p91
3,black3,l,1,789,p91
3,nasty,l,1,757,p91
3,agony,l,1,1109,p91
3,white4,a,1,705,p91
3,black2,l,1,678,p91
3,joy,a,1,1069,p91
3,bad,l,1,949,p91
3,white5,a,1,952,p91
3,evil,l,1,898,p91
3,black5,l,1,760,p91
3,good,a,1,995,p91
3,white2,a,1,877,p91
3,love,a,1,843,p91
3,pleasure,a,1,741,p91
3,white3,a,1,705,p91
3,black1,l,1,629,p91
3,white1,a,1,590,p91
4,white3,l,1,739,p91
4,black3,a,1,598,p91
4,white4,l,1,704,p91
4,black5,a,1,521,p91
4,black4,a,1,570,p91
4,white2,l,1,566,p91
4,white5,l,1,558,p91
4,black2,a,1,579,p91
4,black1,a,1,520,p91
4,white1,l,1,549,p91
5,black3,a,1,804,p91
5,love,a,1,812,p91
5,white3,l,1,599,p91
5,bad,l,1,1144,p91
5,black1,a,1,627,p91
5,black2,a,1,597,p91
5,white5,l,1,662,p91
5,hurt,l,1,1038,p91
5,black5,a,1,583,p91
5,good,a,1,830,p91
5,white4,l,1,650,p91
5,nasty,l,1,874,p91
5,white2,l,1,681,p91
5,agony,l,1,665,p91
5,joy,l,0,1685,p91
5,evil,l,1,1982,p91
5,white1,l,1,734,p91
5,happy,a,1,715,p91
5,black4,a,1,774,p91
5,pleasure,a,1,1700,p91
1,bad,l,1,1508,p92
1,joy,a,1,577,p92
1,evil,l,1,683,p92
1,good,a,1,624,p92
1,hurt,l,1,427,p92
1,pleasure,a,1,524,p92
1,love,a,1,513,p92
1,nasty,l,1,463,p92
1,agony,l,1,431,p92
1,happy,a,1,440,p92
2,white4,a,1,957,p92
2,white2,a,1,890,p92
2,black4,l,1,524,p92
2,black3,l,1,348,p92
2,black1,l,1,625,p92
2,white5,a,1,719,p92
2,black5,l,1,475,p92
2,white1,a,1,468,p92
2,white3,a,1,571,p92
2,black2,l,1,447,p92
3,nasty,l,1,1827,p92
3,good,a,1,539,p92
3,black1,l,1,1704,p92
3,white5,a,1,819,p92
3,white2,a,1,581,p92
3,bad,l,1,791,p92
3,white1,a,1,522,p92
3,black5,l,1,623,p92
3,joy,a,1,463,p92
3,love,a,1,457,p92
3,agony,l,1,590,p92
3,white4,a,1,527,p92
3,pleasure,a,1,500,p92
3,black3,l,1,523,p92
3,black2,l,1,457,p92
3,white3,a,1,613,p92
3,evil,l,1,486,p92
3,hurt,l,1,496,p92
3,black4,l,1,572,p92
3,happy,a,1,439,p92
4,white2,l,1,580,p92
4,black3,a,1,415,p92
4,white5,l,1,465,p92
4,black5,a,1,400,p92
4,white3,l,1,554,p92
4,black2,a,1,575,p92
4,black4,a,1,447,p92
4,black1,a,1,433,p92
4,white1,a,0,474,p92
4,white4,l,1,849,p92
5,black2,a,1,635,p92
5,good,a,1,673,p92
5,evil,l,1,515,p92
5,white2,l,1,568,p92
5,black3,a,1,980,p92
5,black5,a,1,615,p92
5,white4,l,1,576,p92
5,bad,l,1,936,p92
5,black1,a,1,646,p92
5,white3,l,1,670,p92
5,hurt,l,1,877,p92
5,happy,a,1,668,p92
5,nasty,l,1,516,p92
5,black4,a,1,716,p92
5,love,a,1,660,p92
5,joy,a,1,604,p92
5,white1,l,1,589,p92
5,pleasure,a,1,656,p92
5,agony,l,1,487,p92
5,white5,l,1,614,p92
1,hurt,l,1,1781,p93
1,agony,l,1,810,p93
1,happy,a,1,1051,p93
1,nasty,l,1,648,p93
1,bad,l,1,530,p93
1,good,a,1,590,p93
1,love,a,1,713,p93
1,joy,a,1,487,p93
1,pleasure,a,1,548,p93
1,evil,l,1,489,p93
2,white1,a,1,1070,p93
2,white2,a,1,957,p93
2,white4,l,0,1648,p93
2,white5,a,1,1015,p93
2,black2,l,1,968,p93
2,white3,a,1,907,p93
2,black5,l,1,762,p93
2,black4,l,1,715,p93
2,black1,l,1,513,p93
2,black3,l,1,870,p93
3,black1,l,1,797,p93
3,white3,a,1,663,p93
3,happy,a,1,566,p93
3,evil,l,1,505,p93
3,bad,l,1,517,p93
3,black2,l,1,853,p93
3,joy,a,1,566,p93
3,white2,a,1,750,p93
3,white5,a,1,577,p93
3,hurt,l,1,789,p93
3,white1,a,1,687,p93
3,black3,l,1,542,p93
3,love,a,1,442,p93
3,black5,l,1,567,p93
3,agony,l,1,596,p93
3,white4,a,1,559,p93
3,good,a,1,450,p93
3,pleasure,a,1,503,p93
3,black4,l,1,535,p93
3,nasty,a,0,575,p93
4,white1,l,1,677,p93
4,white5,l,1,504,p93
4,black2,a,1,762,p93
4,black3,a,1,628,p93
4,white2,l,1,477,p93
4,white3,l,1,476,p93
4,black4,a,1,478,p93
4,black1,a,1,466,p93
4,black5,a,1,548,p93
4,white4,l,1,501,p93
5,black1,a,1,663,p93
5,evil,l,1,502,p93
5,pleasure,a,1,586,p93
5,happy,a,1,582,p93
5,nasty,l,1,704,p93
5,hurt,l,1,446,p93
5,love,a,1,510,p93
5,good,a,1,503,p93
5,agony,l,1,473,p93
5,bad,l,1,471,p93
5,joy,a,1,543,p93
5,white1,l,1,771,p93
5,white3,l,1,442,p93
5,white5,l,1,454,p93
5,black4,a,1,514,p93
5,black3,a,1,460,p93
5,black2,a,1,439,p93
5,black5,a,1,474,p93
5,white2,l,1,513,p93
5,white4,l,1,492,p93
1,happy,a,1,626,p94
1,good,a,1,530,p94
1,pleasure,a,1,512,p94
1,bad,l,1,540,p94
1,evil,l,1,401,p94
1,hurt,l,1,507,p94
1,love,a,1,369,p94
1,joy,a,1,460,p94
1,nasty,l,1,465,p94
1,agony,l,1,522,p94
2,black5,l,1,819,p94
2,black1,l,1,667,p94
2,black2,l,1,1153,p94
2,white4,a,1,677,p94
2,white3,a,1,691,p94
2,white2,a,1,699,p94
2,black3,l,1,566,p94
2,black4,l,1,604,p94
2,white1,a,1,549,p94
2,white5,a,1,682,p94
3,happy,a,1,1085,p94
3,white5,a,1,914,p94
3,pleasure,a,1,967,p94
3,white2,a,1,826,p94
3,love,a,1,595,p94
3,agony,l,1,565,p94
3,white4,a,1,1088,p94
3,joy,a,1,534,p94
3,black1,l,1,658,p94
3,bad,l,1,762,p94
3,black4,l,1,780,p94
3,white1,a,1,760,p94
3,black5,l,1,658,p94
3,black2,l,1,795,p94
3,white3,a,1,741,p94
3,evil,l,1,521,p94
3,good,a,1,751,p94
3,hurt,l,1,610,p94
3,black3,l,1,867,p94
3,nasty,l,1,738,p94
4,black3,a,1,762,p94
4,white3,l,1,750,p94
4,white4,l,1,506,p94
4,black2,a,1,534,p94
4,black5,a,1,451,p94
4,black1,a,1,507,p94
4,white1,l,1,489,p94
4,black4,a,1,453,p94
4,white2,l,1,607,p94
4,white5,l,1,745,p94
5,pleasure,a,1,660,p94
5,joy,a,1,483,p94
5,nasty,l,1,515,p94
5,bad,l,1,416,p94
5,love,a,1,496,p94
5,good,a,1,432,p94
5,white1,l,1,576,p94
5,black4,a,1,547,p94
5,white5,l,1,512,p94
5,agony,l,1,636,p94
5,white2,l,1,604,p94
5,black3,a,1,468,p94
5,hurt,l,1,669,p94
5,happy,a,1,516,p94
5,black2,a,1,578,p94
5,white3,l,1,548,p94
5,black1,a,1,465,p94
5,white4,l,1,800,p94
5,evil,l,1,578,p94
5,black5,a,1,589,p94
1,evil,l,1,1305,p95
1,nasty,l,1,726,p95
1,good,a,1,490,p95
1,bad,l,1,615,p95
1,hurt,l,1,609,p95
1,love,a,1,533,p95
1,joy,a,1,575,p95
1,agony,l,1,501,p95
1,pleasure,a,1,616,p95
1,happy,a,1,476,p95
2,white3,a,1,784,p95
2,black2,a,0,451,p95
2,white5,a,1,892,p95
2,black1,l,1,490,p95
2,white2,a,1,681,p95
2,white1,a,1,631,p95
2,black3,l,1,559,p95
2,black4,l,1,547,p95
2,white4,a,1,584,p95
2,black5,l,1,931,p95
3,black3,l,1,829,p95
3,agony,l,1,549,p95
3,black4,l,1,705,p95
3,white5,a,1,602,p95
3,black5,l,1,561,p95
3,white4,a,1,691,p95
3,pleasure,a,1,817,p95
3,happy,a,1,602,p95
3,evil,l,1,563,p95
3,love,a,1,536,p95
3,white3,a,1,658,p95
3,nasty,l,1,659,p95
3,white1,a,1,489,p95
3,good,a,1,632,p95
3,white2,a,1,624,p95
3,black1,l,1,532,p95
3,hurt,l,1,694,p95
3,bad,l,1,507,p95
3,black2,l,1,827,p95
3,joy,a,1,541,p95
4,white1,l,1,657,p95
4,white3,l,1,393,p95
4,black3,a,1,307,p95
4,white4,l,1,541,p95
4,white2,l,1,658,p95
4,black4,a,1,428,p95
4,black2,a,1,861,p95
4,white5,l,1,492,p95
4,black1,a,1,587,p95
4,black5,a,1,591,p95
5,white1,l,1,795,p95
5,pleasure,a,1,1115,p95
5,nasty,l,1,681,p95
5,black1,a,1,727,p95
5,joy,a,1,621,p95
5,agony,l,1,436,p95
5,hurt,l,1,646,p95
5,evil,l,1,701,p95
5,black5,a,1,548,p95
5,happy,a,1,654,p95
5,bad,l,1,679,p95
5,love,a,1,549,p95
5,good,a,1,666,p95
5,black2,a,1,890,p95
5,black3,a,1,581,p95
5,white3,l,1,586,p95
5,white2,l,1,618,p95
5,black4,a,1,596,p95
5,white5,l,1,652,p95
5,white4,l,1,702,p95
1,pleasure,a,1,16518,p96
1,hurt,l,1,2805,p96
1,happy,a,1,2501,p96
1,joy,a,1,1418,p96
1,bad,l,1,2563,p96
1,nasty,l,1,1771,p96
1,evil,l,1,1519,p96
1,love,a,1,1394,p96
1,agony,l,1,2171,p96
1,good,a,1,1275,p96
2,black1,l,1,4111,p96
2,black2,l,1,1772,p96
2,black5,l,1,1703,p96
2,white5,l,0,8877,p96
2,black4,l,1,2083,p96
2,white3,a,1,2578,p96
2,white4,a,1,5376,p96
2,white1,l,0,3610,p96
2,white2,l,0,6632,p96
2,black3,l,1,1501,p96
3,black5,l,1,1696,p96
3,pleasure,a,1,1772,p96
3,happy,a,1,2759,p96
3,white3,a,1,3513,p96
3,joy,a,1,1205,p96
3,bad,l,1,1814,p96
3,black1,l,1,3606,p96
3,good,a,1,1454,p96
3,love,a,1,1613,p96
3,evil,l,1,1702,p96
3,black3,l,1,1722,p96
3,white2,a,1,6157,p96
3,black2,l,1,1659,p96
3,hurt,l,1,1628,p96
3,white1,a,1,3636,p96
3,white5,a,1,2330,p96
3,white4,a,1,2254,p96
3,agony,l,1,2753,p96
3,nasty,l,1,1445,p96
3,black4,l,1,1285,p96
4,white2,l,1,2408,p96
4,black3,a,1,1985,p96
4,white5,l,1,2723,p96
4,black2,a,1,1117,p96
4,black4,a,1,1314,p96
4,white3,l,1,2550,p96
4,black1,a,1,1161,p96
4,white1,l,1,2116,p96
4,white4,a,0,1225,p96
4,black5,a,1,2930,p96
5,hurt,l,1,4036,p96
5,nasty,l,1,1135,p96
5,black4,a,1,1333,p96
5,agony,l,1,2465,p96
5,evil,l,1,1294,p96
5,love,a,1,1795,p96
5,black1,a,1,1477,p96
5,pleasure,a,1,1659,p96
5,white1,l,1,2066,p96
5,joy,a,1,1326,p96
5,black5,a,1,2513,p96
5,white2,l,1,2622,p96
5,black3,a,1,1222,p96
5,white5,l,1,1568,p96
5,white3,l,1,2377,p96
5,black2,a,1,1020,p96
5,bad,l,1,3900,p96
5,happy,a,1,943,p96
5,white4,l,1,1819,p96
5,good,a,1,1276,p96
1,love,a,1,8310,p97
1,good,a,1,4626,p97
1,agony,l,1,2722,p97
1,evil,l,1,1588,p97
1,pleasure,a,1,2045,p97
1,hurt,l,1,1461,p97
1,bad,l,1,1447,p97
1,happy,a,1,1211,p97
1,joy,a,1,1362,p97
1,nasty,l,1,4880,p97
2,white4,l,0,5508,p97
2,white1,a,1,4892,p97
2,black1,l,1,5386,p97
2,black2,l,1,5317,p97
2,white5,a,1,6073,p97
2,white2,a,1,1827,p97
2,white3,a,1,2284,p97
2,black4,l,1,1119,p97
2,black5,l,1,1548,p97
2,black3,l,1,1486,p97
3,white1,a,1,5879,p97
3,nasty,a,0,7944,p97
3,happy,a,1,6347,p97
3,black5,l,1,5065,p97
3,joy,a,1,3448,p97
3,bad,l,1,4205,p97
3,white2,a,1,4949,p97
3,white5,a,1,2676,p97
3,agony,l,1,3816,p97
3,love,a,1,2296,p97
3,black4,l,1,1684,p97
3,hurt,l,1,1870,p97
3,white3,a,1,1601,p97
3,black1,l,1,2176,p97
3,white4,a,1,2411,p97
3,good,a,1,2939,p97
3,black3,l,1,1525,p97
3,black2,l,1,1176,p97
3,pleasure,a,1,1618,p97
3,evil,l,1,1505,p97
4,white5,l,1,2764,p97
4,black4,l,0,2910,p97
4,white3,a,0,5436,p97
4,black1,l,0,6695,p97
4,white4,a,0,2536,p97
4,black2,a,1,4498,p97
4,white1,a,0,3784,p97
4,black3,a,1,1405,p97
4,white2,l,1,880,p97
4,black5,a,1,4218,p97
5,agony,l,1,5969,p97
5,good,a,1,3194,p97
5,bad,l,1,3546,p97
5,black2,a,1,6787,p97
5,black5,a,1,3752,p97
5,evil,l,1,1602,p97
5,white1,l,1,2745,p97
5,white5,l,1,1820,p97
5,pleasure,a,1,1957,p97
5,black4,a,1,2315,p97
5,love,a,1,1897,p97
5,joy,a,1,2161,p97
5,happy,a,1,5187,p97
5,hurt,a,0,5568,p97
5,white3,l,1,4192,p97
5,white4,l,1,3503,p97
5,nasty,l,1,2318,p97
5,white2,l,1,6326,p97
5,black1,a,1,4456,p97
5,black3,a,1,1202,p97
1,nasty,l,1,6063,p98
1,good,a,1,1320,p98
1,pleasure,a,1,2093,p98
1,evil,l,1,970,p98
1,hurt,l,1,1044,p98
1,joy,a,1,1821,p98
1,love,a,1,830,p98
1,bad,l,1,773,p98
1,happy,a,1,845,p98
1,agony,l,1,1100,p98
2,white2,a,1,1957,p98
2,white5,a,1,2830,p98
2,white1,a,1,2494,p98
2,black4,l,1,928,p98
2,black2,l,1,1175,p98
2,black5,l,1,745,p98
2,black1,l,1,724,p98
2,white3,a,1,883,p98
2,white4,a,1,1128,p98
2,black3,l,1,749,p98
3,joy,a,1,3058,p98
3,white3,a,1,4976,p98
3,black4,l,1,5079,p98
3,evil,l,1,6187,p98
3,hurt,l,1,6704,p98
3,white4,a,1,3450,p98
3,black1,l,1,855,p98
3,black5,l,1,1029,p98
3,nasty,l,1,976,p98
3,love,a,1,1273,p98
3,black2,l,1,1168,p98
3,white5,a,1,1049,p98
3,good,a,1,3200,p98
3,white2,a,1,1123,p98
3,bad,l,1,1167,p98
3,happy,a,1,647,p98
3,pleasure,a,1,960,p98
3,white1,a,1,1235,p98
3,agony,l,1,755,p98
3,black3,l,1,735,p98
4,black5,a,1,1004,p98
4,white4,l,1,919,p98
4,black3,a,1,969,p98
4,black2,a,1,621,p98
4,black4,a,1,586,p98
4,black1,a,1,451,p98
4,white1,l,1,879,p98
4,white5,l,1,670,p98
4,white3,l,1,566,p98
4,white2,l,1,704,p98
5,white5,l,1,1863,p98
5,agony,l,1,2197,p98
5,bad,l,1,1798,p98
5,black4,a,1,1005,p98
5,pleasure,a,1,2839,p98
5,white4,l,1,1165,p98
5,black2,a,1,1085,p98
5,evil,l,1,1474,p98
5,black5,a,1,1354,p98
5,white3,l,1,1255,p98
5,joy,a,1,3053,p98
5,white2,l,1,1300,p98
5,love,a,1,1089,p98
5,nasty,l,1,1236,p98
5,black1,a,1,1022,p98
5,happy,a,1,944,p98
5,black3,a,1,903,p98
5,hurt,l,1,1408,p98
5,good,a,1,857,p98
5,white1,l,1,983,p98
1,joy,a,1,7366,p99
1,love,a,1,1396,p99
1,pleasure,a,1,2173,p99
1,evil,l,1,1625,p99
1,bad,l,1,1677,p99
1,happy,a,1,1006,p99
1,agony,l,1,1073,p99
1,nasty,l,1,1701,p99
1,hurt,l,1,2129,p99
1,good,a,1,907,p99
2,white1,a,1,4367,p99
2,black4,l,1,1785,p99
2,white2,a,1,1886,p99
2,black3,l,1,2060,p99
2,white4,a,1,2481,p99
2,white5,a,1,2199,p99
2,black5,l,1,1414,p99
2,black1,l,1,1264,p99
2,black2,l,1,974,p99
2,white3,a,1,2896,p99
3,white5,l,0,6095,p99
3,nasty,l,1,9600,p99
3,black4,l,1,4249,p99
3,bad,l,1,2681,p99
3,black3,l,1,5229,p99
3,white3,a,1,4994,p99
3,good,a,1,5039,p99
3,white1,l,0,3078,p99
3,black2,l,1,5600,p99
3,black5,l,1,2423,p99
3,agony,l,1,1672,p99
3,pleasure,a,1,1700,p99
3,white4,l,0,3458,p99
3,love,a,1,1033,p99
3,black1,l,1,1551,p99
3,hurt,l,1,1530,p99
3,evil,l,1,2398,p99
3,white2,a,1,4622,p99
3,joy,a,1,1414,p99
3,happy,a,1,837,p99
4,white1,l,1,8271,p99
4,black4,a,1,1194,p99
4,black1,a,1,1133,p99
4,black2,a,1,2173,p99
4,white4,l,1,2627,p99
4,white3,l,1,1141,p99
4,white2,l,1,560,p99
4,white5,l,1,1100,p99
4,black5,a,1,1150,p99
4,black3,a,1,849,p99
5,black5,a,1,1426,p99
5,black2,a,1,745,p99
5,white5,l,1,830,p99
5,black3,a,1,765,p99
5,hurt,l,1,2771,p99
5,white1,l,1,2363,p99
5,nasty,l,1,1230,p99
5,bad,l,1,645,p99
5,agony,l,1,926,p99
5,white3,a,0,4803,p99
5,evil,l,1,3505,p99
5,white4,l,1,1163,p99
5,pleasure,a,1,2382,p99
5,happy,a,1,718,p99
5,black1,a,1,1414,p99
5,love,a,1,2926,p99
5,joy,a,1,1343,p99
5,good,a,1,692,p99
5,white2,l,1,2019,p99
5,black4,a,1,1025,p99
1,bad,l,1,2710,p100
1,hurt,l,1,4594,p100
1,good,a,1,976,p100
1,agony,l,1,946,p100
1,pleasure,a,1,799,p100
1,joy,a,1,761,p100
1,love,a,1,1212,p100
1,evil,l,1,724,p100
1,happy,a,1,682,p100
1,nasty,l,1,832,p100
2,black2,l,1,1208,p100
2,black5,l,1,970,p100
2,white1,a,1,709,p100
2,black1,l,1,721,p100
2,white2,a,1,839,p100
2,white5,a,1,1006,p100
2,black4,l,1,583,p100
2,white3,a,1,1106,p100
2,white4,a,1,1167,p100
2,black3,l,1,498,p100
3,evil,l,1,3665,p100
3,white2,a,1,4540,p100
3,love,a,1,1117,p100
3,hurt,l,1,1092,p100
3,white1,a,1,1416,p100
3,bad,l,1,1041,p100
3,good,a,1,714,p100
3,pleasure,a,1,734,p100
3,black1,l,1,746,p100
3,white3,a,1,535,p100
3,agony,l,1,940,p100
3,joy,a,1,623,p100
3,happy,a,1,672,p100
3,black2,l,1,551,p100
3,black3,l,1,655,p100
3,white5,a,1,1371,p100
3,white4,a,1,773,p100
3,black5,l,1,534,p100
3,nasty,l,1,937,p100
3,black4,l,1,798,p100
4,black5,a,1,2475,p100
4,white5,l,1,699,p100
4,black4,a,1,966,p100
4,black3,a,1,729,p100
4,white2,l,1,621,p100
4,black2,a,1,903,p100
4,white4,l,1,860,p100
4,white1,l,1,603,p100
4,white3,l,1,660,p100
4,black1,a,1,485,p100
5,nasty,l,1,1341,p100
5,bad,l,1,1081,p100
5,black4,a,1,1015,p100
5,evil,l,1,879,p100
5,love,a,1,808,p100
5,pleasure,a,1,872,p100
5,agony,l,1,592,p100
5,hurt,l,1,849,p100
5,white4,l,1,857,p100
5,happy,a,1,552,p100
5,white3,l,1,924,p100
5,black1,a,1,728,p100
5,good,a,1,821,p100
5,white1,l,1,638,p100
5,joy,a,1,823,p100
5,black3,l,0,662,p100
5,white5,l,1,1375,p100
5,black2,a,1,2089,p100
5,black5,a,1,756,p100
5,white2,l,1,577,p100
1,good,a,1,5127,p101
1,joy,a,1,919,p101
1,love,a,1,599,p101
1,bad,l,1,672,p101
1,nasty,l,1,832,p101
1,happy,a,1,608,p101
1,evil,l,1,651,p101
1,hurt,l,1,714,p101
1,pleasure,a,1,663,p101
1,agony,l,1,704,p101
2,white3,a,1,9958,p101
2,white4,a,1,4039,p101
2,black4,l,1,1062,p101
2,white2,a,1,972,p101
2,black2,l,1,702,p101
2,black5,l,1,588,p101
2,black3,l,1,494,p101
2,white5,a,1,517,p101
2,black1,l,1,554,p101
2,white1,a,1,572,p101
3,love,a,1,8536,p101
3,black4,l,1,869,p101
3,bad,l,1,619,p101
3,white5,a,1,597,p101
3,good,a,1,579,p101
3,hurt,l,1,553,p101
3,black5,l,1,548,p101
3,evil,l,1,600,p101
3,white2,a,1,538,p101
3,white4,a,1,599,p101
3,black1,l,1,510,p101
3,black2,l,1,404,p101
3,nasty,l,1,600,p101
3,black3,l,1,456,p101
3,pleasure,a,1,793,p101
3,agony,l,1,884,p101
3,white3,a,1,667,p101
3,happy,a,1,683,p101
3,joy,a,1,938,p101
3,white1,a,1,565,p101
4,black1,a,1,820,p101
4,white2,l,1,509,p101
4,black5,a,1,507,p101
4,white1,l,1,680,p101
4,black2,a,1,631,p101
4,white5,l,1,527,p101
4,white3,l,1,557,p101
4,black3,a,1,905,p101
4,white4,l,1,533,p101
4,black4,a,1,377,p101
5,hurt,l,1,1068,p101
5,bad,l,1,538,p101
5,black4,a,1,991,p101
5,agony,a,0,1353,p101
5,black3,a,1,660,p101
5,white2,l,1,722,p101
5,evil,l,1,544,p101
5,white4,a,0,540,p101
5,joy,a,1,1400,p101
5,love,a,1,1258,p101
5,black1,a,1,823,p101
5,nasty,l,1,810,p101
5,pleasure,a,1,923,p101
5,white3,l,1,800,p101
5,black2,a,1,777,p101
5,white1,l,1,797,p101
5,black5,a,1,1451,p101
5,good,a,1,772,p101
5,happy,a,1,461,p101
5,white5,l,1,525,p101
1,nasty,l,1,4201,p102
1,bad,l,1,1120,p102
1,love,a,1,1010,p102
1,evil,l,1,872,p102
1,happy,a,1,872,p102
1,good,a,1,729,p102
1,hurt,l,1,1095,p102
1,agony,l,1,2188,p102
1,joy,a,1,836,p102
1,pleasure,a,1,709,p102
2,white4,a,1,4391,p102
2,white1,a,1,2582,p102
2,white2,l,0,1481,p102
2,white5,l,0,1964,p102
2,black4,l,1,1055,p102
2,black1,l,1,1637,p102
2,black3,l,1,925,p102
2,black2,l,1,1387,p102
2,black5,l,1,715,p102
2,white3,a,1,792,p102
3,white5,a,1,1370,p102
3,happy,a,1,1510,p102
3,white2,a,1,6899,p102
3,pleasure,a,1,777,p102
3,white4,a,1,886,p102
3,nasty,l,1,1116,p102
3,black4,l,1,897,p102
3,joy,a,1,1672,p102
3,evil,l,1,754,p102
3,black5,l,1,1134,p102
3,white1,a,1,799,p102
3,bad,l,1,1886,p102
3,hurt,l,1,1915,p102
3,agony,l,1,952,p102
3,white3,a,1,649,p102
3,good,a,1,1170,p102
3,love,a,1,670,p102
3,black3,l,1,756,p102
3,black2,l,1,570,p102
3,black1,l,1,517,p102
4,white2,a,0,700,p102
4,black4,a,1,3785,p102
4,white4,l,1,2090,p102
4,black3,a,1,2326,p102
4,white3,l,1,1674,p102
4,white5,l,1,1119,p102
4,white1,l,1,1330,p102
4,black2,a,1,990,p102
4,black5,a,1,1451,p102
4,black1,a,1,800,p102
5,pleasure,a,1,8922,p102
5,nasty,l,1,2176,p102
5,bad,l,1,1160,p102
5,white4,l,1,4981,p102
5,white1,l,1,1731,p102
5,evil,l,1,5914,p102
5,white2,l,1,8070,p102
5,hurt,l,1,2545,p102
5,black2,a,1,2603,p102
5,black4,a,1,1004,p102
5,white5,l,1,893,p102
5,black5,a,1,811,p102
5,good,a,1,1884,p102
5,happy,a,1,1594,p102
5,white3,l,1,1403,p102
5,black3,a,1,1155,p102
5,love,a,1,1367,p102
5,agony,l,1,1105,p102
5,joy,a,1,1422,p102
5,black1,a,1,1214,p102
1,happy,a,1,1447,p103
1,agony,l,1,754,p103
1,hurt,l,1,456,p103
1,nasty,l,1,464,p103
1,good,a,1,416,p103
1,love,a,1,458,p103
1,pleasure,a,1,490,p103
1,evil,l,1,519,p103
1,bad,l,1,405,p103
1,joy,a,1,414,p103
2,black2,l,1,1524,p103
2,black3,l,1,1399,p103
2,black1,l,1,837,p103
2,white3,a,1,2674,p103
2,white4,a,1,1662,p103
2,white2,a,1,1131,p103
2,black5,l,1,719,p103
2,white5,a,1,1292,p103
2,black4,l,1,815,p103
2,white1,a,1,1299,p103
3,agony,l,1,1059,p103
3,nasty,l,1,600,p103
3,hurt,l,1,473,p103
3,joy,a,1,539,p103
3,white5,a,1,1247,p103
3,black4,l,1,678,p103
3,bad,l,1,614,p103
3,black3,l,1,895,p103
3,happy,a,1,565,p103
3,good,a,1,400,p103
3,black1,l,1,1059,p103
3,love,a,1,658,p103
3,black2,l,1,1666,p103
3,white4,a,1,816,p103
3,pleasure,a,1,1370,p103
3,white3,a,1,960,p103
3,black5,l,1,775,p103
3,white2,a,1,906,p103
3,white1,a,1,1057,p103
3,evil,l,1,751,p103
4,white3,l,1,3442,p103
4,black4,a,1,1383,p103
4,black5,a,1,849,p103
4,black1,a,1,617,p103
4,white2,l,1,703,p103
4,white5,l,1,492,p103
4,white4,l,1,462,p103
4,black3,a,1,509,p103
4,white1,l,1,594,p103
4,black2,a,1,725,p103
5,black4,a,1,625,p103
5,love,a,1,881,p103
5,black5,a,1,382,p103
5,white1,l,1,506,p103
5,nasty,l,1,609,p103
5,white5,l,1,650,p103
5,white3,l,1,440,p103
5,good,a,1,673,p103
5,white4,l,1,696,p103
5,black3,a,1,518,p103
5,evil,l,1,491,p103
5,agony,l,1,529,p103
5,happy,a,1,437,p103
5,joy,a,1,526,p103
5,pleasure,a,1,347,p103
5,black1,a,1,399,p103
5,white2,a,0,359,p103
5,black2,a,1,847,p103
5,hurt,l,1,1229,p103
5,bad,l,1,1310,p103
1,bad,l,1,2613,p104
1,good,a,1,1316,p104
1,pleasure,a,1,1033,p104
1,nasty,l,1,856,p104
1,evil,l,1,849,p104
1,happy,a,1,800,p104
1,joy,a,1,776,p104
1,love,a,1,869,p104
1,hurt,l,1,837,p104
1,agony,l,1,852,p104
2,white1,a,1,1189,p104
2,black2,l,1,950,p104
2,black3,l,1,815,p104
2,white2,a,1,843,p104
2,black5,l,1,792,p104
2,white5,a,1,756,p104
2,white4,a,1,654,p104
2,black1,l,1,630,p104
2,white3,a,1,678,p104
2,black4,l,1,532,p104
3,white1,a,1,946,p104
3,white5,a,1,1214,p104
3,white3,a,1,706,p104
3,joy,l,0,2311,p104
3,black3,l,1,1061,p104
3,love,a,1,1441,p104
3,white4,a,1,968,p104
3,black2,l,1,979,p104
3,white2,a,1,686,p104
3,pleasure,a,1,923,p104
3,bad,l,1,799,p104
3,good,a,1,737,p104
3,black5,l,1,766,p104
3,nasty,a,0,962,p104
3,hurt,l,1,850,p104
3,evil,l,1,580,p104
3,happy,a,1,645,p104
3,agony,l,1,812,p104
3,black1,l,1,775,p104
3,black4,l,1,557,p104
4,black1,a,1,633,p104
4,white5,l,1,664,p104
4,white1,l,1,583,p104
4,black5,a,1,508,p104
4,black4,a,1,488,p104
4,black3,a,1,464,p104
4,white3,l,1,511,p104
4,white2,l,1,516,p104
4,white4,l,1,440,p104
4,black2,a,1,441,p104
5,agony,l,1,962,p104
5,black3,a,1,616,p104
5,white1,l,1,465,p104
5,white3,l,1,440,p104
5,black1,a,1,497,p104
5,pleasure,a,1,693,p104
5,love,a,1,554,p104
5,good,a,1,399,p104
5,nasty,l,1,408,p104
5,hurt,l,1,460,p104
5,white5,l,1,682,p104
5,black4,a,1,545,p104
5,white4,l,1,571,p104
5,black5,a,1,565,p104
5,bad,l,1,649,p104
5,evil,l,1,657,p104
5,black2,a,1,639,p104
5,happy,a,1,842,p104
5,white2,l,1,681,p104
5,joy,a,1,682,p104
